share_code,company_name,industry_group,listing_date,market_cap,opening_time,minutes_per_day,blue_chip,yahoo_status,missing_dates,delisted_date,trading_halt_dates
1AD.AX,ADALTA LIMITED,pharmaceuticals_biotechnology_and_life_sciences,2016-08-16,10734787.0,10:00:00,360.0,zz_not_yet_tagged,,,,
1AD.AXvv,ADALTA LIMITED,pharmaceuticals_biotechnology_and_life_sciences,2016-08-22,10092030.0,10:00:00,360.0,zz_not_yet_tagged,,,,
1AE.AX,AURORA ENERGY METALS LIMITED,materials,2022-05-18,8415996.0,10:00:00,360.0,zz_not_yet_tagged,,,,
1AG.AX,ALTERRA LIMITED,food_beverage_and_tobacco,2008-05-16,4992883.0,10:00:00,360.0,zz_not_yet_tagged,downloaded,,,
1AI.AX,ALGORAE PHARMACEUTICALS LIMITED,pharmaceuticals_biotechnology_and_life_sciences,2004-09-01,13499158.0,10:00:00,360.0,zz_not_yet_tagged,,,,
1CG.AX,ONE CLICK GROUP LIMITED,capital_goods,2017-04-28,11386411.0,10:00:00,360.0,zz_not_yet_tagged,,,,
1MC.AX,MORELLA CORPORATION LIMITED,materials,2001-01-08,9092657.0,10:00:00,360.0,zz_not_yet_tagged,,,,
1ST.AX,1ST GROUP LIMITED,health_care_equipment_and_services,2015-06-09,0.0,10:00:00,360.0,zz_not_yet_tagged,,,,
1TT.AX,THRIVE TRIBE TECHNOLOGIES LIMITED,software_and_services,2015-07-09,1406723.0,10:00:00,360.0,zz_not_yet_tagged,,,,
1TTN.AX,THRIVE TRIBE TECHNOLOGIES LIMITED,software_and_services,2015-07-09,1406723.0,10:00:00,360.0,zz_not_yet_tagged,,,,
1VG.AX,VICTORY GOLDFIELDS LIMITED,materials,2021-07-22,13169641.0,10:00:00,360.0,zz_not_yet_tagged,,,,
29M.AX,29METALS LIMITED,materials,2021-07-02,302459548.0,10:00:00,360.0,zz_not_yet_tagged,,,,
2BE.AX,TUBI LIMITED,energy,2019-06-14,0.0,10:00:00,360.0,zz_not_yet_tagged,downloaded,,,
360.AX,LIFE360 INC.,software_and_services,2019-05-10,5152759404.0,10:00:00,360.0,zz_not_yet_tagged,,,,
3DA.AX,AMAERO INTERNATIONAL LTD,capital_goods,2019-12-06,172261321.0,10:00:00,360.0,zz_not_yet_tagged,downloaded,,,
3DP.AX,POINTERRA LIMITED,software_and_services,2008-03-27,32203072.0,10:00:00,360.0,zz_not_yet_tagged,,,,
3MF.AX,3D METALFORGE LIMITED,commercial_and_professional_services,2021-03-02,0.0,10:00:00,360.0,zz_not_yet_tagged,,,,
3PL.AX,3P LEARNING LIMITED..,consumer_services,2014-07-09,219689750.0,10:00:00,360.0,zz_not_yet_tagged,downloaded,,,
4DS.AX,4DS MEMORY LIMITED,semiconductors_and_semiconductor_equipment,2010-12-09,141074793.0,10:00:00,360.0,zz_not_yet_tagged,,,,
4DX.AX,4DMEDICAL LIMITED,health_care_equipment_and_services,2020-08-07,189167140.0,10:00:00,360.0,zz_not_yet_tagged,,,,
5EA.AX,5E ADVANCED MATERIALS INC.,materials,2022-03-01,50973442.0,10:00:00,360.0,zz_not_yet_tagged,,,,
5GG.AX,PENTANET LIMITED,telecommunication_services,2021-01-29,13428321.0,10:00:00,360.0,zz_not_yet_tagged,,,,
5GN.AX,5G NETWORKS LIMITED.,software_and_services,1999-12-14,53426772.0,10:00:00,360.0,zz_not_yet_tagged,,,,
88E.AX,88 ENERGY LIMITED,energy,2000-01-20,43400718.0,10:00:00,360.0,zz_not_yet_tagged,,,,
8AU.AX,8 AU LIMITED,materials,2000-01-01,0.0,10:00:00,360.0,zz_not_yet_tagged,,,,
8CO.AX,8COMMON LIMITED,software_and_services,2014-08-27,7619227.0,10:00:00,360.0,zz_not_yet_tagged,,,,
8IH.AX,8I HOLDINGS LTD,financial_services,2014-12-17,3133448.0,10:00:00,360.0,zz_not_yet_tagged,,,,
8VI.AX,8VI HOLDINGS LIMITED,consumer_services,2015-12-16,1760280.0,10:00:00,360.0,zz_not_yet_tagged,downloaded,,,
92E.AX,92 ENERGY LIMITED,energy,2021-04-15,52795926.0,10:00:00,360.0,zz_not_yet_tagged,,,,
99L.AX,99 LOYALTY LIMITED.,software_and_services,2013-10-08,32471117.0,10:00:00,360.0,zz_not_yet_tagged,,,,
9SP.AX,9 SPOKES INTERNATIONAL LIMITED,software_and_services,2016-06-09,0.0,10:00:00,360.0,zz_not_yet_tagged,,,,
A11.AX,ATLANTIC LITHIUM LIMITED,materials,2022-09-26,173286828.0,10:00:00,360.0,zz_not_yet_tagged,,,,
A1G.AX,AFRICAN GOLD LTD.,materials,2019-02-14,20229942.0,10:00:00,360.0,zz_not_yet_tagged,downloaded,,,
A1M.AX,AIC MINES LIMITED,materials,1993-11-04,195732098.0,10:00:00,360.0,zz_not_yet_tagged,,,,
A1N.AX,ARN MEDIA LIMITED,media_and_entertainment,1992-05-07,226961520.0,10:00:00,360.0,zz_not_yet_tagged,,,,
A2B.AX,A2B AUSTRALIA LIMITED,transportation,1999-12-14,174024158.0,10:00:00,360.0,zz_not_yet_tagged,,,,
A2M.AX,THE A2 MILK COMPANY LIMITED,food_beverage_and_tobacco,2015-03-31,4148629546.0,10:00:00,360.0,zz_not_yet_tagged,,,,
A3D.AX,AURORA LABS LIMITED,capital_goods,2016-08-16,30216108.0,10:00:00,360.0,zz_not_yet_tagged,downloaded,,,
A4N.AX,ALPHA HPA LIMITED,materials,2007-10-22,943191825.0,10:00:00,360.0,zz_not_yet_tagged,,,,
A8G.AX,AUSTRALASIAN METALS LIMITED,materials,2021-05-13,4169640.0,10:00:00,360.0,zz_not_yet_tagged,,,,
AAC.AX,AUSTRALIAN AGRICULTURAL COMPANY LIMITED.,food_beverage_and_tobacco,2001-08-10,825790443.0,10:00:00,360.0,zz_not_yet_tagged,,,,
AAI.AX,ALCOA CORPORATION,materials,2024-07-24,15927949978.0,10:00:00,360.0,zz_not_yet_tagged,,,,
AAJ.AX,ARUMA RESOURCES LIMITED,materials,2010-07-23,2886756.0,10:00:00,360.0,zz_not_yet_tagged,,,,
AAL.AX,ALFABS AUSTRALIA LIMITED,capital_goods,2024-06-28,106037561.0,10:00:00,360.0,zz_not_yet_tagged,,,,
AAM.AX,AUMEGA METALS LTD,materials,2017-03-08,25303267.0,10:00:00,360.0,zz_not_yet_tagged,,,,
AAP.AX,AUSTRALIAN AGRICULTURAL PROJECTS LIMITED,food_beverage_and_tobacco,2004-01-07,17692978.0,10:00:00,360.0,zz_not_yet_tagged,,,,
AAR.AX,ASTRAL RESOURCES NL,materials,1986-11-13,180357244.0,10:00:00,360.0,zz_not_yet_tagged,,,,
AAU.AX,ANTILLES GOLD LIMITED,materials,1993-11-25,5573628.0,10:00:00,360.0,zz_not_yet_tagged,,,,
AB1.AX,ABARTA RESOURCES LIMITED,materials,2000-01-01,0.0,10:00:00,360.0,zz_not_yet_tagged,,,,
ABA.AX,AUSWIDE BANK LTD,banks,1994-09-19,231031019.0,10:00:00,360.0,zz_not_yet_tagged,downloaded,,,
ABB.AX,AUSSIE BROADBAND LIMITED,telecommunication_services,2020-10-16,1076432776.0,10:00:00,360.0,zz_not_yet_tagged,,,,
ABBNA.AX,AUSSIE BROADBAND LIMITED,telecommunication_services,2020-10-16,1064450342.0,10:00:00,360.0,zz_not_yet_tagged,,,,
ABC.AX,ADBRI LIMITED,materials,1962-05-31,2018788288.0,10:00:00,360.0,zz_not_yet_tagged,,,,
ABE.AX,AUSTRALIAN BOND EXCHANGE HOLDINGS LIMITED,financial_services,2021-12-06,3790333.0,10:00:00,360.0,zz_not_yet_tagged,,,,
ABG.AX,ABACUS GROUP,equity_real_estate_investment_trusts_(reits),2002-11-13,1000896549.0,10:00:00,360.0,zz_not_yet_tagged,,,,
ABP.AX,ABACUS PROPERTY GROUP,equity_real_estate_investment_trusts_(reits),2002-11-14,2305636693.0,10:00:00,360.0,zz_not_yet_tagged,,,,
ABR.AX,AMERICAN PACIFIC BORATES LIMITED,materials,2017-07-28,957226103.0,10:00:00,360.0,zz_not_yet_tagged,,,,
ABV.AX,ADVANCED BRAKING TECHNOLOGY LTD,automobiles_and_components,2002-05-28,33094040.0,10:00:00,360.0,zz_not_yet_tagged,,,,
ABX.AX,ABX GROUP LIMITED,materials,2009-12-24,8760270.0,10:00:00,360.0,zz_not_yet_tagged,,,,
ABY.AX,ADORE BEAUTY GROUP LIMITED,consumer_discretionary_distribution_and_retail,2020-10-23,86441294.0,10:00:00,360.0,zz_not_yet_tagged,,,,
AC8.AX,AUSCANN GROUP HOLDINGS LTD,pharmaceuticals_biotechnology_and_life_sciences,1989-05-03,0.0,10:00:00,360.0,zz_not_yet_tagged,,,,
ACB.AX,A-CAP ENERGY LIMITED,energy,2006-05-19,72713670.0,10:00:00,360.0,zz_not_yet_tagged,,,,
ACE.AX,ACUSENSUS LIMITED.,software_and_services,2023-01-12,158338688.0,10:00:00,360.0,zz_not_yet_tagged,,,,
ACF.AX,ACROW LIMITED,capital_goods,2008-06-27,305611159.0,10:00:00,360.0,zz_not_yet_tagged,,,,
ACL.AX,AUSTRALIAN CLINICAL LABS LIMITED,health_care_equipment_and_services,2021-05-14,716688820.0,10:00:00,360.0,zz_not_yet_tagged,,,,
ACM.AX,AUSTRALIAN CRITICAL MINERALS LIMITED,materials,2023-07-03,4135470.0,10:00:00,360.0,zz_not_yet_tagged,,,,
ACP.AX,AUDALIA RESOURCES LIMITED,materials,2011-07-06,16634860.0,10:00:00,360.0,zz_not_yet_tagged,,,,
ACQ.AX,ACORN CAPITAL INVESTMENT FUND LIMITED,not_applic,2014-05-01,75014450.0,10:00:00,360.0,zz_not_yet_tagged,,,,
ACQN.AX,ACORN CAPITAL INVESTMENT FUND LIMITED,not_applic,2014-05-01,121430529.0,10:00:00,360.0,zz_not_yet_tagged,,,,
ACR.AX,ACRUX LIMITED,pharmaceuticals_biotechnology_and_life_sciences,2004-09-29,12181903.0,10:00:00,360.0,zz_not_yet_tagged,,,,
ACS.AX,ACCENT RESOURCES NL,materials,2005-08-26,2838764.0,10:00:00,360.0,zz_not_yet_tagged,,,,
ACU.AX,ACUMENTIS GROUP LIMITED,real_estate_management_and_development,2003-12-05,17273494.0,10:00:00,360.0,zz_not_yet_tagged,,,,
ACW.AX,ACTINOGEN MEDICAL LIMITED,pharmaceuticals_biotechnology_and_life_sciences,2007-10-16,79906159.0,10:00:00,360.0,zz_not_yet_tagged,,,,
AD1.AX,ADNEO LIMITED,media_and_entertainment,2016-06-23,7076742.0,10:00:00,360.0,zz_not_yet_tagged,,,,
AD8.AX,AUDINATE GROUP LIMITED,technology_hardware_and_equipment,2017-06-30,603396181.0,10:00:00,360.0,zz_not_yet_tagged,,,,
ADA.AX,ADACEL TECHNOLOGIES LIMITED,software_and_services,1998-02-27,34918682.0,10:00:00,360.0,zz_not_yet_tagged,,,,
ADC.AX,ACDC METALS LTD,materials,2023-01-17,4396508.0,10:00:00,360.0,zz_not_yet_tagged,,,,
ADD.AX,ADAVALE RESOURCES LIMITED,energy,1992-02-06,3081664.0,10:00:00,360.0,zz_not_yet_tagged,,,,
ADG.AX,ADELONG GOLD LIMITED,materials,2007-03-21,5589945.0,10:00:00,360.0,zz_not_yet_tagged,,,,
ADH.AX,ADAIRS LIMITED,consumer_discretionary_distribution_and_retail,2015-06-17,467836275.0,10:00:00,360.0,zz_not_yet_tagged,,,,
ADI.AX,DEXUS INDUSTRIA REIT,real_estate,2013-12-03,1053236451.0,10:00:00,360.0,zz_not_yet_tagged,,,,
ADN.AX,ANDROMEDA METALS LIMITED,materials,1996-09-17,24001094.0,10:00:00,360.0,zz_not_yet_tagged,,,,
ADO.AX,ANTEOTECH LTD,pharmaceuticals_biotechnology_and_life_sciences,2000-04-17,48695406.0,10:00:00,360.0,zz_not_yet_tagged,,,,
ADON.AX,ANTEOTECH LTD,pharmaceuticals_biotechnology_and_life_sciences,2000-04-07,47965860.0,10:00:00,360.0,zz_not_yet_tagged,,,,
ADOND.AX,ANTEOTECH LTD,pharmaceuticals_biotechnology_and_life_sciences,2000-04-07,75621600.0,10:00:00,360.0,zz_not_yet_tagged,,,,
ADR.AX,ADHERIUM LIMITED,health_care_equipment_and_services,2015-08-26,9102960.0,10:00:00,360.0,zz_not_yet_tagged,,,,
ADS.AX,ADSLOT LTD.,software_and_services,1987-12-17,5315858.0,10:00:00,360.0,zz_not_yet_tagged,,,,
ADSN.AX,ADSLOT LTD.,software_and_services,1987-12-17,33406218.0,10:00:00,360.0,zz_not_yet_tagged,,,,
ADT.AX,ADRIATIC METALS PLC,materials,2018-05-01,1343334296.0,10:00:00,360.0,zz_not_yet_tagged,,,,
ADV.AX,ARDIDEN LTD,materials,2005-10-25,8439863.0,10:00:00,360.0,zz_not_yet_tagged,,,,
ADX.AX,ADX ENERGY LTD,energy,1987-01-29,17758327.0,10:00:00,360.0,zz_not_yet_tagged,,,,
ADY.AX,ADMIRALTY RESOURCES NL.,materials,1983-12-01,15776876.0,10:00:00,360.0,zz_not_yet_tagged,,,,
AE1.AX,AERISON GROUP LTD,capital_goods,2021-07-12,42046873.0,10:00:00,360.0,zz_not_yet_tagged,,,,
AEE.AX,AURA ENERGY LIMITED,energy,2006-05-30,131511676.0,10:00:00,360.0,zz_not_yet_tagged,,,,
AEF.AX,AUSTRALIAN ETHICAL INVESTMENT LIMITED,financial_services,2002-12-17,617003576.0,10:00:00,360.0,zz_not_yet_tagged,downloaded,,,
AEG.AX,ABSOLUTE EQUITY PERFORMANCE FUND LIMITED,not_applic,2015-12-16,85751702.0,10:00:00,360.0,zz_not_yet_tagged,,,,
AEI.AX,AERIS ENVIRONMENTAL LTD,commercial_and_professional_services,2000-09-12,20884037.0,10:00:00,360.0,zz_not_yet_tagged,,,,
AEL.AX,AMPLITUDE ENERGY LIMITED,energy,2002-03-13,501607264.0,10:00:00,360.0,zz_not_yet_tagged,,,,
AEN.AX,AERAMENTUM RESOURCES LIMITED,materials,2000-01-01,0.0,10:00:00,360.0,zz_not_yet_tagged,,,,
AER.AX,AEERIS LTD,media_and_entertainment,2015-04-01,5120420.0,10:00:00,360.0,zz_not_yet_tagged,,,,
AEV.AX,AVENIRA LIMITED,materials,2006-10-10,28521307.0,10:00:00,360.0,zz_not_yet_tagged,,,,
AFA.AX,ASF GROUP LIMITED,financial_services,1985-05-29,3961988.0,10:00:00,360.0,zz_not_yet_tagged,,,,
AFG.AX,AUSTRALIAN FINANCE GROUP LTD,financial_services,2015-05-22,408861258.0,10:00:00,360.0,zz_not_yet_tagged,downloaded,,,
AFI.AX,AUSTRALIAN FOUNDATION INVESTMENT COMPANY LIMITED,not_applic,1962-06-30,9405950580.0,10:00:00,360.0,zz_not_yet_tagged,,,,
AFL.AX,AF LEGAL GROUP LTD,commercial_and_professional_services,2003-09-19,13238385.0,10:00:00,360.0,zz_not_yet_tagged,,,,
AFP.AX,AFT PHARMACEUTICALS LIMITED,pharmaceuticals_biotechnology_and_life_sciences,2015-12-22,268457626.0,10:00:00,360.0,zz_not_yet_tagged,,,,
AFR.AX,AFRICAN ENERGY RESOURCES LIMITED,energy,2007-04-18,28411386.0,10:00:00,360.0,zz_not_yet_tagged,,,,
AFW.AX,APPLYFLOW LIMITED,media_and_entertainment,2010-11-30,0.0,10:00:00,360.0,zz_not_yet_tagged,,,,
AGC.AX,AUSTRALIAN GOLD AND COPPER LTD,materials,2021-01-20,43621528.0,10:00:00,360.0,zz_not_yet_tagged,,,,
AGD.AX,AUSTRAL GOLD LIMITED,materials,1997-04-18,15920095.0,10:00:00,360.0,zz_not_yet_tagged,,,,
AGE.AX,ALLIGATOR ENERGY LIMITED,energy,2011-02-03,143323176.0,10:00:00,360.0,zz_not_yet_tagged,,,,
AGG.AX,ANGLOGOLD ASHANTI LIMITED,materials,1999-11-16,12540386438.0,10:00:00,360.0,zz_not_yet_tagged,,,,
AGH.AX,ALTHEA GROUP HOLDINGS LIMITED,pharmaceuticals_biotechnology_and_life_sciences,2018-09-21,0.0,10:00:00,360.0,zz_not_yet_tagged,,,,
AGI.AX,AINSWORTH GAME TECHNOLOGY LIMITED,consumer_services,2001-12-17,272803082.0,10:00:00,360.0,zz_not_yet_tagged,downloaded,,,
AGJ.AX,AGRICULTURAL LAND TRUST,real_estate,2003-04-10,0.0,10:00:00,360.0,zz_not_yet_tagged,,,,
AGL.AX,AGL ENERGY LIMITED.,utilities,2006-10-12,7205122865.0,10:00:00,360.0,zz_not_yet_tagged,,,,
AGN.AX,ARGENICA THERAPEUTICS LIMITED,pharmaceuticals_biotechnology_and_life_sciences,2021-06-11,83260349.0,10:00:00,360.0,zz_not_yet_tagged,,,,
AGR.AX,AGUIA RESOURCES LIMITED,materials,2008-02-13,40867201.0,10:00:00,360.0,zz_not_yet_tagged,,,,
AGS.AX,ALLIANCE RESOURCES LIMITED,materials,1994-10-19,40953448.0,10:00:00,360.0,zz_not_yet_tagged,,,,
AGY.AX,ARGOSY MINERALS LIMITED,materials,1997-04-03,40765786.0,10:00:00,360.0,zz_not_yet_tagged,,,,
AGYN.AX,ARGOSY MINERALS LIMITED,materials,1997-04-03,0.0,10:00:00,360.0,zz_not_yet_tagged,,,,
AHC.AX,AUSTCO HEALTHCARE LIMITED,health_care_equipment_and_services,2004-09-24,91015216.0,10:00:00,360.0,zz_not_yet_tagged,,,,
AHF.AX,AUSTRALIAN DAIRY NUTRITIONALS LIMITED,food_beverage_and_tobacco,2006-06-30,32706160.0,10:00:00,360.0,zz_not_yet_tagged,,,,
AHI.AX,ADVANCED HEALTH INTELLIGENCE LTD,software_and_services,2015-08-17,0.0,10:00:00,360.0,zz_not_yet_tagged,,,,
AHK.AX,ARK MINES LIMITED,materials,2011-05-09,8316962.0,10:00:00,360.0,zz_not_yet_tagged,,,,
AHKDB.AX,ARK MINES LIMITED,materials,2011-05-09,0.0,10:00:00,360.0,zz_not_yet_tagged,,,,
AHL.AX,ADRAD HOLDINGS LIMITED,automobiles_and_components,2022-09-30,54879601.0,10:00:00,360.0,zz_not_yet_tagged,,,,
AHN.AX,ATHENA RESOURCES LIMITED,materials,2006-11-22,5341870.0,10:00:00,360.0,zz_not_yet_tagged,,,,
AHNN.AX,ATHENA RESOURCES LIMITED,materials,2006-11-22,5341870.0,10:00:00,360.0,zz_not_yet_tagged,,,,
AHQ.AX,ALLEGIANCE COAL LIMITED,materials,2012-05-29,0.0,10:00:00,360.0,zz_not_yet_tagged,,,,
AHX.AX,APIAM ANIMAL HEALTH LIMITED,health_care_equipment_and_services,2015-12-15,70270888.0,10:00:00,360.0,zz_not_yet_tagged,,,,
AI1.AX,ADISYN LTD,software_and_services,2020-11-10,22253663.0,10:00:00,360.0,zz_not_yet_tagged,,,,
AIA.AX,AUCKLAND INTERNATIONAL AIRPORT LIMITED,transportation,1999-02-22,12277320960.0,10:00:00,360.0,zz_not_yet_tagged,,,,
AIB.AX,AURORA GLOBAL INCOME TRUST,not_applic,2007-12-24,0.0,10:00:00,360.0,zz_not_yet_tagged,,,,
AII.AX,ALMONTY INDUSTRIES INC.,materials,2021-08-02,217381532.0,10:00:00,360.0,zz_not_yet_tagged,,,,
AIM.AX,AI-MEDIA TECHNOLOGIES LIMITED,commercial_and_professional_services,2020-09-15,174359729.0,10:00:00,360.0,zz_not_yet_tagged,,,,
AIQ.AX,ALTERNATIVE INVESTMENT TRUST,not_applic,2005-05-08,45593165.0,10:00:00,360.0,zz_not_yet_tagged,,,,
AIR.AX,ASTIVITA LIMITED,capital_goods,2009-12-16,14905184.0,10:00:00,360.0,zz_not_yet_tagged,,,,
AIS.AX,AERIS RESOURCES LIMITED,materials,2011-02-02,164610235.0,10:00:00,360.0,zz_not_yet_tagged,,,,
AIV.AX,ACTIVEX LIMITED,materials,2006-04-11,1724021.0,10:00:00,360.0,zz_not_yet_tagged,,,,
AIY.AX,AUTHORISED INVESTMENT FUND LIMITED,zz_industry_group,2000-01-01,0.0,10:00:00,360.0,zz_not_yet_tagged,,,,
AIZ.AX,AIR NEW ZEALAND LIMITED,transportation,1997-10-01,1717916801.0,10:00:00,360.0,zz_not_yet_tagged,,,,
AJJ.AX,ASIAN AMERICAN MEDICAL GROUP LIMITED,health_care_equipment_and_services,2007-03-19,0.0,10:00:00,360.0,zz_not_yet_tagged,,,,
AJL.AX,AJ LUCAS GROUP LIMITED,capital_goods,1999-08-10,9630107.0,10:00:00,360.0,zz_not_yet_tagged,,,,
AJM.AX,ALTURA MINING LIMITED,materials,2001-01-08,77013210.0,10:00:00,360.0,zz_not_yet_tagged,,,,
AJQ.AX,ARMOUR ENERGY LIMITED,energy,2012-04-26,0.0,10:00:00,360.0,zz_not_yet_tagged,,,,
AJX.AX,ALEXIUM INTERNATIONAL GROUP LIMITED,materials,1999-12-22,18918137.0,10:00:00,360.0,zz_not_yet_tagged,,,,
AJY.AX,ASAPLUS RESOURCES LIMITED,materials,2012-11-16,0.0,10:00:00,360.0,zz_not_yet_tagged,,,,
AKA.AX,AUREKA LIMITED,materials,2011-03-31,12804362.0,10:00:00,360.0,zz_not_yet_tagged,,,,
AKE.AX,ALLKEM LIMITED,materials,2007-12-04,7352197732.0,10:00:00,360.0,zz_not_yet_tagged,,,,
AKG.AX,ACADEMIES AUSTRALASIA GROUP LIMITED,consumer_services,1977-06-01,15913736.0,10:00:00,360.0,zz_not_yet_tagged,downloaded,,,
AKL.AX,AUCKLAND REAL ESTATE TRUST,equity_real_estate_investment_trusts_(reits),2005-09-23,82350704.0,10:00:00,360.0,zz_not_yet_tagged,,,,
AKM.AX,ASPIRE MINING LIMITED,materials,2007-02-06,142138356.0,10:00:00,360.0,zz_not_yet_tagged,,,,
AKN.AX,AUKING MINING LIMITED,materials,2007-10-29,1565401.0,10:00:00,360.0,zz_not_yet_tagged,,,,
AKO.AX,AKORA RESOURCES LIMITED,materials,2020-12-15,13135790.0,10:00:00,360.0,zz_not_yet_tagged,,,,
AKP.AX,AUDIO PIXELS HOLDINGS LIMITED,consumer_durables_and_apparel,2004-12-24,0.0,10:00:00,360.0,zz_not_yet_tagged,,,,
AL3.AX,AML3D LIMITED,capital_goods,2020-04-20,78189175.0,10:00:00,360.0,zz_not_yet_tagged,,,,
AL8.AX,ALDERAN RESOURCES LIMITED,materials,2017-06-09,4427445.0,10:00:00,360.0,zz_not_yet_tagged,,,,
ALA.AX,AROVELLA THERAPEUTICS LIMITED,pharmaceuticals_biotechnology_and_life_sciences,2002-01-24,190689935.0,10:00:00,360.0,zz_not_yet_tagged,,,,
ALB.AX,ALBION RESOURCES LIMITED,materials,2021-04-30,3671250.0,10:00:00,360.0,zz_not_yet_tagged,,,,
ALC.AX,ALCIDION GROUP LIMITED,health_care_equipment_and_services,2011-06-24,81920114.0,10:00:00,360.0,zz_not_yet_tagged,,,,
ALD.AX,AMPOL LIMITED,energy,1980-12-31,6517562408.0,10:00:00,360.0,zz_not_yet_tagged,,,,
ALG.AX,ARDENT LEISURE GROUP LIMITED,consumer_services,2018-11-30,311808910.0,10:00:00,360.0,zz_not_yet_tagged,downloaded,,,
ALI.AX,ARGO GLOBAL LISTED INFRASTRUCTURE LIMITED,not_applic,2015-07-03,417776542.0,10:00:00,360.0,zz_not_yet_tagged,,,,
ALK.AX,ALKANE RESOURCES LIMITED,materials,1980-10-07,305798655.0,10:00:00,360.0,zz_not_yet_tagged,,,,
ALL.AX,ARISTOCRAT LEISURE LIMITED,consumer_services,1996-07-09,42696965832.0,10:00:00,360.0,zz_not_yet_tagged,downloaded,,,
ALLN.AX,ARISTOCRAT LEISURE LIMITED,consumer_services,1996-07-09,31213234667.0,10:00:00,360.0,zz_not_yet_tagged,,,,
ALM.AX,ALMA METALS LIMITED,energy,2007-04-18,9399133.0,10:00:00,360.0,zz_not_yet_tagged,,,,
ALO.AX,ALLOGGIO GROUP LIMITED,consumer_services,2021-11-29,55200756.0,10:00:00,360.0,zz_not_yet_tagged,,,,
ALQ.AX,ALS LIMITED,commercial_and_professional_services,1952-07-18,7341278693.0,10:00:00,360.0,zz_not_yet_tagged,,,,
ALR.AX,ALTAIR MINERALS LIMITED,materials,2012-02-01,12889733.0,10:00:00,360.0,zz_not_yet_tagged,,,,
ALT.AX,ANALYTICA LIMITED,health_care_equipment_and_services,2000-10-25,0.0,10:00:00,360.0,zz_not_yet_tagged,,,,
ALU.AX,ALTIUM LIMITED,software_and_services,1999-08-04,8654400573.0,10:00:00,360.0,zz_not_yet_tagged,,,,
ALV.AX,ALVO MINERALS LIMITED,materials,2021-10-20,7029533.0,10:00:00,360.0,zz_not_yet_tagged,,,,
ALX.AX,ATLAS ARTERIA,transportation,2010-01-25,6586785030.0,10:00:00,360.0,zz_not_yet_tagged,,,,
ALY.AX,ALCHEMY RESOURCES LIMITED,materials,2007-11-26,8246534.0,10:00:00,360.0,zz_not_yet_tagged,,,,
ALYN.AX,ALCHEMY RESOURCES LIMITED,materials,2007-11-26,0.0,10:00:00,360.0,zz_not_yet_tagged,,,,
AM5.AX,ANTARES METALS LIMITED,materials,2021-10-18,6113771.0,10:00:00,360.0,zz_not_yet_tagged,,,,
AM7.AX,ARCADIA MINERALS LIMITED,materials,2021-06-25,2341002.0,10:00:00,360.0,zz_not_yet_tagged,,,,
AMA.AX,AMA GROUP LIMITED,commercial_and_professional_services,2006-08-31,272607944.0,10:00:00,360.0,zz_not_yet_tagged,,,,
AMC.AX,AMCOR PLC,materials,1969-08-28,22634074700.0,10:00:00,360.0,zz_not_yet_tagged,,,,
AMD.AX,ARROW MINERALS LTD,materials,2005-10-28,26447256.0,10:00:00,360.0,zz_not_yet_tagged,,,,
AME.AX,ALTO METALS LIMITED,materials,2012-12-20,20924172.0,10:00:00,360.0,zz_not_yet_tagged,,,,
AMH.AX,AMCIL LIMITED,not_applic,2000-02-10,377210372.0,10:00:00,360.0,zz_not_yet_tagged,,,,
AMI.AX,AURELIA METALS LIMITED,materials,2007-05-08,287565979.0,10:00:00,360.0,zz_not_yet_tagged,,,,
AML.AX,AEON METALS LIMITED.,materials,2007-06-14,0.0,10:00:00,360.0,zz_not_yet_tagged,,,,
AMM.AX,ARMADA METALS LIMITED,materials,2021-12-15,3744000.0,10:00:00,360.0,zz_not_yet_tagged,,,,
AMN.AX,AGRIMIN LIMITED,materials,2007-10-09,42851597.0,10:00:00,360.0,zz_not_yet_tagged,,,,
AMO.AX,AMBERTECH LIMITED,technology_hardware_and_equipment,2004-12-10,15264765.0,10:00:00,360.0,zz_not_yet_tagged,,,,
AMP.AX,AMP LIMITED,financial_services,1998-06-15,4025466344.0,10:00:00,360.0,zz_not_yet_tagged,,,,
AMS.AX,ATOMOS LIMITED,consumer_durables_and_apparel,2018-12-28,9720148.0,10:00:00,360.0,zz_not_yet_tagged,,,,
AMT.AX,ALLEGRA MEDICAL TECHNOLOGIES LIMITED,health_care_equipment_and_services,2007-12-05,3468720.0,10:00:00,360.0,zz_not_yet_tagged,,,,
AMX.AX,AEROMETREX LIMITED,commercial_and_professional_services,2019-12-10,28972145.0,10:00:00,360.0,zz_not_yet_tagged,,,,
AN1.AX,ANAGENICS LIMITED,pharmaceuticals_biotechnology_and_life_sciences,2005-12-09,0.0,10:00:00,360.0,zz_not_yet_tagged,,,,
AND.AX,ANSARADA GROUP LIMITED,software_and_services,2020-02-14,215305930.0,10:00:00,360.0,zz_not_yet_tagged,,,,
ANG.AX,AUSTIN ENGINEERING LIMITED,capital_goods,2004-03-09,316274000.0,10:00:00,360.0,zz_not_yet_tagged,,,,
ANL.AX,AMANI GOLD LIMITED,materials,2006-12-14,0.0,10:00:00,360.0,zz_not_yet_tagged,,,,
ANN.AX,ANSELL LIMITED,health_care_equipment_and_services,1985-08-22,4805965030.0,10:00:00,360.0,zz_not_yet_tagged,,,,
ANO.AX,ADVANCE ZINCTEK LIMITED,materials,2005-02-24,47461820.0,10:00:00,360.0,zz_not_yet_tagged,,,,
ANP.AX,ANTISENSE THERAPEUTICS LIMITED,pharmaceuticals_biotechnology_and_life_sciences,2001-12-20,60238308.0,10:00:00,360.0,zz_not_yet_tagged,,,,
ANR.AX,ANATARA LIFESCIENCES LTD,pharmaceuticals_biotechnology_and_life_sciences,2014-10-16,10186793.0,10:00:00,360.0,zz_not_yet_tagged,,,,
ANW.AX,AUS TIN MINING LTD,materials,2010-10-21,13766787.0,10:00:00,360.0,zz_not_yet_tagged,,,,
ANX.AX,ANAX METALS LIMITED,materials,2004-06-15,8714349.0,10:00:00,360.0,zz_not_yet_tagged,,,,
ANZ.AX,ANZ GROUP HOLDINGS LIMITED,banks,1969-09-30,86935133700.0,10:00:00,360.0,zz_not_yet_tagged,downloaded,,,
ANZN.AX,AUSTRALIA AND NEW ZEALAND BANKING GROUP LIMITED,banks,1969-09-30,66069522255.0,10:00:00,360.0,zz_not_yet_tagged,,,,
AO1.AX,ASSETOWL LIMITED,software_and_services,2011-05-30,0.0,10:00:00,360.0,zz_not_yet_tagged,,,,
AOA.AX,AUSMON RESOURCES LIMITED,materials,2009-03-31,2410055.0,10:00:00,360.0,zz_not_yet_tagged,,,,
AOF.AX,AUSTRALIAN UNITY OFFICE FUND,equity_real_estate_investment_trusts_(reits),2016-06-20,174246443.0,10:00:00,360.0,zz_not_yet_tagged,,,,
AOK.AX,AUSTRALIAN OIL COMPANY LIMITED.,energy,2005-10-11,3005349.0,10:00:00,360.0,zz_not_yet_tagged,,,,
AON.AX,APOLLO MINERALS LIMITED,materials,2007-10-31,9052458.0,10:00:00,360.0,zz_not_yet_tagged,,,,
AOP.AX,APOLLO CONSOLIDATED LIMITED,materials,2005-06-29,0.0,10:00:00,360.0,zz_not_yet_tagged,,,,
AOU.AX,AUROCH MINERALS LTD,materials,2011-09-01,20750489.0,10:00:00,360.0,zz_not_yet_tagged,,,,
AOV.AX,AMOTIV LIMITED,automobiles_and_components,1962-06-30,1467056247.0,10:00:00,360.0,zz_not_yet_tagged,,,,
APA.AX,APA GROUP,utilities,2000-06-13,9440197995.0,10:00:00,360.0,zz_not_yet_tagged,,,,
APC.AX,APC MINERALS LIMITED,materials,2011-12-20,1736943.0,10:00:00,360.0,zz_not_yet_tagged,,,,
APCN.AX,AUSTRALIAN POTASH LIMITED,materials,2011-12-20,32335312.0,10:00:00,360.0,zz_not_yet_tagged,,,,
APE.AX,EAGERS AUTOMOTIVE LIMITED,consumer_discretionary_distribution_and_retail,1957-04-17,3019467403.0,10:00:00,360.0,zz_not_yet_tagged,,,,
APG.AX,AUSTPAC RESOURCES NL,materials,1986-07-24,0.0,10:00:00,360.0,zz_not_yet_tagged,,,,
API.AX,AUSTRALIAN PHARMACEUTICAL INDUSTRIES LIMITED,health_care_equipment_and_services,1997-06-16,842441820.0,10:00:00,360.0,zz_not_yet_tagged,,,,
APL.AX,ASSOCIATE GLOBAL PARTNERS LIMITED,financial_services,2004-09-30,8473864.0,10:00:00,360.0,zz_not_yet_tagged,,,,
APM.AX,APM HUMAN SERVICES INTERNATIONAL LIMITED,commercial_and_professional_services,2021-11-12,1141891523.0,10:00:00,360.0,zz_not_yet_tagged,,,,
APS.AX,ALLUP SILICA LIMITED,materials,2022-05-02,3042420.0,10:00:00,360.0,zz_not_yet_tagged,,,,
APT.AX,AFTERPAY LIMITED,software_and_services,2017-06-29,26365056337.0,10:00:00,360.0,zz_not_yet_tagged,,,,
APV.AX,APPSVILLAGE AUSTRALIA LIMITED,software_and_services,2019-08-27,4301550.0,10:00:00,360.0,zz_not_yet_tagged,,,,
APW.AX,AIMS PROPERTY SECURITIES FUND,equity_real_estate_investment_trusts_(reits),2004-12-17,76127632.0,10:00:00,360.0,zz_not_yet_tagged,,,,
APX.AX,APPEN LIMITED,software_and_services,2015-01-07,581439393.0,10:00:00,360.0,zz_not_yet_tagged,,,,
APZ.AX,ASPEN GROUP,equity_real_estate_investment_trusts_(reits),1991-04-11,492699408.0,10:00:00,360.0,zz_not_yet_tagged,,,,
AQC.AX,AUSTRALIAN PACIFIC COAL LIMITED,materials,1999-12-17,67244889.0,10:00:00,360.0,zz_not_yet_tagged,,,,
AQD.AX,AUSQUEST LIMITED,materials,2003-11-25,10549347.0,10:00:00,360.0,zz_not_yet_tagged,,,,
AQI.AX,ALICANTO MINERALS LIMITED,materials,2012-09-19,33705719.0,10:00:00,360.0,zz_not_yet_tagged,,,,
AQN.AX,AQUIRIAN LIMITED,commercial_and_professional_services,2021-07-27,15343254.0,10:00:00,360.0,zz_not_yet_tagged,,,,
AQS.AX,AQUIS ENTERTAINMENT LIMITED,consumer_services,2011-12-02,26845452.0,10:00:00,360.0,zz_not_yet_tagged,downloaded,,,
AQX.AX,ALICE QUEEN LIMITED,materials,2004-09-09,8601676.0,10:00:00,360.0,zz_not_yet_tagged,,,,
AQZ.AX,ALLIANCE AVIATION SERVICES LIMITED,transportation,2011-12-20,450662797.0,10:00:00,360.0,zz_not_yet_tagged,,,,
AR1.AX,AUSTRAL RESOURCES AUSTRALIA LTD,materials,2021-11-03,0.0,10:00:00,360.0,zz_not_yet_tagged,,,,
AR3.AX,AUSTRALIAN RARE EARTHS LIMITED,materials,2021-07-01,16693921.0,10:00:00,360.0,zz_not_yet_tagged,,,,
AR9.AX,ARCHTIS LIMITED,software_and_services,2018-09-21,18630579.0,10:00:00,360.0,zz_not_yet_tagged,,,,
ARA.AX,ARIADNE AUSTRALIA LIMITED,commercial_and_professional_services,1982-10-12,105533193.0,10:00:00,360.0,zz_not_yet_tagged,,,,
ARB.AX,ARB CORPORATION LIMITED.,automobiles_and_components,1987-06-26,3232065599.0,10:00:00,360.0,zz_not_yet_tagged,,,,
ARC.AX,ARC FUNDS LIMITED,financial_services,2000-04-14,4063301.0,10:00:00,360.0,zz_not_yet_tagged,,,,
ARD.AX,ARGENT MINERALS LIMITED,materials,2008-04-03,26021529.0,10:00:00,360.0,zz_not_yet_tagged,,,,
ARE.AX,ARGONAUT RESOURCES NL,materials,1986-01-23,12723743.0,10:00:00,360.0,zz_not_yet_tagged,,,,
ARF.AX,ARENA REIT.,equity_real_estate_investment_trusts_(reits),2013-06-13,1509973495.0,10:00:00,360.0,zz_not_yet_tagged,,,,
ARG.AX,ARGO INVESTMENTS LIMITED,not_applic,1963-03-31,6823514308.0,10:00:00,360.0,zz_not_yet_tagged,,,,
ARI.AX,ARIKA RESOURCES LIMITED,materials,2005-12-21,16185225.0,10:00:00,360.0,zz_not_yet_tagged,,,,
ARL.AX,ARDEA RESOURCES LIMITED,materials,2017-02-09,69889020.0,10:00:00,360.0,zz_not_yet_tagged,,,,
ARN.AX,ALDORO RESOURCES LIMITED,materials,2018-09-13,43752716.0,10:00:00,360.0,zz_not_yet_tagged,,,,
ARO.AX,ASTRO RESOURCES NL,materials,1986-08-14,17517536.0,10:00:00,360.0,zz_not_yet_tagged,,,,
ARR.AX,AMERICAN RARE EARTHS LIMITED,materials,2011-02-17,131696058.0,10:00:00,360.0,zz_not_yet_tagged,,,,
ART.AX,AIRTASKER LIMITED,media_and_entertainment,2021-03-23,176826525.0,10:00:00,360.0,zz_not_yet_tagged,,,,
ARU.AX,ARAFURA RARE EARTHS LTD,materials,2003-11-05,271076156.0,10:00:00,360.0,zz_not_yet_tagged,,,,
ARV.AX,ARTEMIS RESOURCES LIMITED,materials,2007-03-16,19168824.0,10:00:00,360.0,zz_not_yet_tagged,,,,
ARX.AX,AROA BIOSURGERY LIMITED,pharmaceuticals_biotechnology_and_life_sciences,2020-07-24,225909668.0,10:00:00,360.0,zz_not_yet_tagged,,,,
AS1.AX,ASARA RESOURCES LIMITED,materials,1987-08-13,22923187.0,10:00:00,360.0,zz_not_yet_tagged,,,,
AS2.AX,ASKARI METALS LIMITED,materials,2021-07-07,2773608.0,10:00:00,360.0,zz_not_yet_tagged,,,,
ASB.AX,AUSTAL LIMITED,capital_goods,1998-12-08,1060793096.0,10:00:00,360.0,zz_not_yet_tagged,,,,
ASE.AX,ASTUTE METALS NL,materials,1986-08-14,13250942.0,10:00:00,360.0,zz_not_yet_tagged,,,,
ASG.AX,AUTOSPORTS GROUP LIMITED.,consumer_discretionary_distribution_and_retail,2016-11-16,380581148.0,10:00:00,360.0,zz_not_yet_tagged,,,,
ASH.AX,ASHLEY SERVICES GROUP LIMITED,commercial_and_professional_services,2014-08-21,25915663.0,10:00:00,360.0,zz_not_yet_tagged,,,,
ASK.AX,ABACUS STORAGE KING,equity_real_estate_investment_trusts_(reits),2023-08-01,1511218406.0,10:00:00,360.0,zz_not_yet_tagged,,,,
ASL.AX,ANDEAN SILVER LIMITED,materials,2021-09-30,145799592.0,10:00:00,360.0,zz_not_yet_tagged,,,,
ASM.AX,AUSTRALIAN STRATEGIC MATERIALS LIMITED,materials,2020-07-30,88846622.0,10:00:00,360.0,zz_not_yet_tagged,,,,
ASN.AX,ANSON RESOURCES LIMITED,materials,2010-07-08,78925233.0,10:00:00,360.0,zz_not_yet_tagged,,,,
ASO.AX,ASTON MINERALS LIMITED,materials,2011-03-04,10360514.0,10:00:00,360.0,zz_not_yet_tagged,,,,
ASP.AX,ASPERMONT LIMITED.,media_and_entertainment,2000-04-27,12350058.0,10:00:00,360.0,zz_not_yet_tagged,,,,
ASQ.AX,AUSTRALIAN SILICA QUARTZ GROUP LTD,materials,2007-10-22,6482789.0,10:00:00,360.0,zz_not_yet_tagged,,,,
ASR.AX,ASRA MINERALS LIMITED,materials,1986-06-30,6937807.0,10:00:00,360.0,zz_not_yet_tagged,,,,
AST.AX,AUSNET SERVICES LIMITED,utilities,2005-12-14,9651510505.0,10:00:00,360.0,zz_not_yet_tagged,,,,
ASV.AX,ASSET VISION CO LTD,commercial_and_professional_services,2013-12-02,17744678.0,10:00:00,360.0,zz_not_yet_tagged,,,,
ASW.AX,ADVANCED SHARE REGISTRY LIMITED,financial_services,2008-06-10,25143011.0,10:00:00,360.0,zz_not_yet_tagged,,,,
ASWDA.AX,ADVANCED SHARE REGISTRY LIMITED,diversified_financials,2008-06-10,0.0,10:00:00,360.0,zz_not_yet_tagged,,,,
ASX.AX,ASX LIMITED,financial_services,1998-10-14,13097126024.0,10:00:00,360.0,zz_not_yet_tagged,,,,
AT1.AX,ATOMO DIAGNOSTICS LIMITED,health_care_equipment_and_services,2020-04-16,12144844.0,10:00:00,360.0,zz_not_yet_tagged,,,,
ATA.AX,ATTURRA LIMITED,software_and_services,2021-12-22,363549217.0,10:00:00,360.0,zz_not_yet_tagged,,,,
ATC.AX,ALTECH BATTERIES LTD,materials,2010-01-27,88111603.0,10:00:00,360.0,zz_not_yet_tagged,,,,
ATG.AX,ARTICORE GROUP LIMITED,consumer_discretionary_distribution_and_retail,2016-05-16,82614290.0,10:00:00,360.0,zz_not_yet_tagged,,,,
ATH.AX,ALTERITY THERAPEUTICS LIMITED,pharmaceuticals_biotechnology_and_life_sciences,2000-03-28,37242353.0,10:00:00,360.0,zz_not_yet_tagged,,,,
ATL.AX,APOLLO TOURISM & LEISURE LTD,automobiles_and_components,2016-11-04,105175263.0,10:00:00,360.0,zz_not_yet_tagged,,,,
ATM.AX,ANEKA TAMBANG (PERSERO) TBK (PT),materials,1999-08-09,4519009198.0,10:00:00,360.0,zz_not_yet_tagged,,,,
ATP.AX,ATLAS PEARLS LTD,consumer_durables_and_apparel,1993-12-31,63617674.0,10:00:00,360.0,zz_not_yet_tagged,,,,
ATR.AX,ASTRON CORPORATION LIMITED,materials,1983-11-11,128421399.0,10:00:00,360.0,zz_not_yet_tagged,,,,
ATS.AX,AUSTRALIS OIL & GAS LIMITED,energy,2016-07-25,11601088.0,10:00:00,360.0,zz_not_yet_tagged,,,,
ATU.AX,ATRUM COAL LIMITED,materials,2012-07-24,0.0,10:00:00,360.0,zz_not_yet_tagged,,,,
ATV.AX,ACTIVEPORT GROUP LTD,software_and_services,2021-10-20,10022839.0,10:00:00,360.0,zz_not_yet_tagged,,,,
ATX.AX,AMPLIA THERAPEUTICS LIMITED,pharmaceuticals_biotechnology_and_life_sciences,2013-12-23,32350633.0,10:00:00,360.0,zz_not_yet_tagged,,,,
ATXN.AX,AMPLIA THERAPEUTICS LIMITED,pharmaceuticals_biotechnology_and_life_sciences,2013-12-23,27142682.0,10:00:00,360.0,zz_not_yet_tagged,,,,
AU1.AX,THE AGENCY GROUP AUSTRALIA LTD,real_estate_management_and_development,2007-12-18,12308144.0,10:00:00,360.0,zz_not_yet_tagged,,,,
AUA.AX,AUDEARA LIMITED,consumer_durables_and_apparel,2021-05-18,7706280.0,10:00:00,360.0,zz_not_yet_tagged,,,,
AUB.AX,AUB GROUP LIMITED,insurance,2005-11-16,3525604004.0,10:00:00,360.0,zz_not_yet_tagged,,,,
AUC.AX,AUSGOLD LIMITED,materials,2009-12-16,158545253.0,10:00:00,360.0,zz_not_yet_tagged,,,,
AUE.AX,AURUM RESOURCES LIMITED,materials,2021-11-02,71890115.0,10:00:00,360.0,zz_not_yet_tagged,,,,
AUG.AX,AUGUSTUS MINERALS LIMITED,materials,2023-05-25,6797857.0,10:00:00,360.0,zz_not_yet_tagged,,,,
AUH.AX,AUSTCHINA HOLDINGS LIMITED,energy,2003-03-17,3600575.0,10:00:00,360.0,zz_not_yet_tagged,,,,
AUI.AX,AUSTRALIAN UNITED INVESTMENT COMPANY LIMITED,not_applic,1974-01-01,1293046320.0,10:00:00,360.0,zz_not_yet_tagged,,,,
AUK.AX,AUMAKE LIMITED.,consumer_discretionary_distribution_and_retail,2011-12-07,18064153.0,10:00:00,360.0,zz_not_yet_tagged,,,,
AUN.AX,AURUMIN LIMITED,materials,2020-12-09,32474854.0,10:00:00,360.0,zz_not_yet_tagged,,,,
AUNNB.AX,AURUMIN LIMITED,materials,2020-12-09,21582266.0,10:00:00,360.0,zz_not_yet_tagged,,,,
AUP.AX,AURORA PROPERTY BUY-WRITE INCOME TRUST,not_applic,2007-07-26,0.0,10:00:00,360.0,zz_not_yet_tagged,,,,
AUQ.AX,ALARA RESOURCES LIMITED,materials,2007-05-24,22260714.0,10:00:00,360.0,zz_not_yet_tagged,,,,
AUR.AX,AURIS MINERALS LIMITED,materials,2001-03-15,2859756.0,10:00:00,360.0,zz_not_yet_tagged,,,,
AUT.AX,AUTECO MINERALS LTD,materials,2005-09-21,87887779.0,10:00:00,360.0,zz_not_yet_tagged,,,,
AUZ.AX,AUSTRALIAN MINES LIMITED,materials,2001-09-28,13985121.0,10:00:00,360.0,zz_not_yet_tagged,,,,
AV1.AX,ADVERITAS LIMITED,software_and_services,2012-12-18,79321412.0,10:00:00,360.0,zz_not_yet_tagged,,,,
AV1NA.AX,ADVERITAS LIMITED,software_and_services,2012-12-18,37354343.0,10:00:00,360.0,zz_not_yet_tagged,,,,
AVA.AX,AVA RISK GROUP LIMITED,technology_hardware_and_equipment,2015-05-11,39168724.0,10:00:00,360.0,zz_not_yet_tagged,,,,
AVC.AX,AUCTUS INVESTMENT GROUP LIMITED,financial_services,2011-08-10,45759780.0,10:00:00,360.0,zz_not_yet_tagged,,,,
AVD.AX,AVADA GROUP LIMITED,commercial_and_professional_services,2021-12-17,41193487.0,10:00:00,360.0,zz_not_yet_tagged,,,,
AVE.AX,AVECHO BIOTECHNOLOGY LIMITED,pharmaceuticals_biotechnology_and_life_sciences,1993-08-09,9507891.0,10:00:00,360.0,zz_not_yet_tagged,,,,
AVG.AX,AUSTRALIAN VINTAGE LTD,food_beverage_and_tobacco,1992-03-26,49419438.0,10:00:00,360.0,zz_not_yet_tagged,,,,
AVH.AX,AVITA MEDICAL INC.,pharmaceuticals_biotechnology_and_life_sciences,2020-06-24,503005834.0,10:00:00,360.0,zz_not_yet_tagged,,,,
AVJ.AX,AVJENNINGS LIMITED,consumer_durables_and_apparel,1994-01-27,351710640.0,10:00:00,360.0,zz_not_yet_tagged,,,,
AVL.AX,AUSTRALIAN VANADIUM LIMITED,materials,2007-02-06,112250555.0,10:00:00,360.0,zz_not_yet_tagged,,,,
AVM.AX,ADVANCE METALS LIMITED,materials,2007-12-20,5728972.0,10:00:00,360.0,zz_not_yet_tagged,,,,
AVN.AX,AVENTUS GROUP,real_estate,2015-10-16,2039779765.0,10:00:00,360.0,zz_not_yet_tagged,,,,
AVR.AX,ANTERIS TECHNOLOGIES GLOBAL CORP.,health_care_equipment_and_services,2004-03-24,0.0,10:00:00,360.0,zz_not_yet_tagged,,,,
AVRDB.AX,ANTERIS TECHNOLOGIES GLOBAL CORP.,health_care_equipment_and_services,2004-03-24,0.0,10:00:00,360.0,zz_not_yet_tagged,,,,
AVRN.AX,ANTERIS TECHNOLOGIES LTD,health_care_equipment_and_services,2004-03-24,76208988.0,10:00:00,360.0,zz_not_yet_tagged,,,,
AVW.AX,AVIRA RESOURCES LTD,materials,2013-01-09,2938790.0,10:00:00,360.0,zz_not_yet_tagged,,,,
AVZ.AX,AVZ MINERALS LIMITED,materials,2007-09-14,0.0,10:00:00,360.0,zz_not_yet_tagged,,,,
AW1.AX,AMERICAN WEST METALS LIMITED,materials,2021-12-13,28563641.0,10:00:00,360.0,zz_not_yet_tagged,,,,
AWC.AX,ALUMINA LIMITED,materials,1961-10-31,3046765488.0,10:00:00,360.0,zz_not_yet_tagged,,,,
AWJ.AX,AURIC MINING LIMITED,materials,2021-02-12,46920312.0,10:00:00,360.0,zz_not_yet_tagged,,,,
AWN.AX,zz_missing_company_name,zz_industry_group,2000-01-01,0.0,10:00:00,360.0,zz_not_yet_tagged,,,,
AWV.AX,ANOVA METALS LIMITED,materials,2011-05-18,20973319.0,10:00:00,360.0,zz_not_yet_tagged,,,,
AX1.AX,ACCENT GROUP LIMITED,consumer_discretionary_distribution_and_retail,2004-07-07,1290477672.0,10:00:00,360.0,zz_not_yet_tagged,,,,
AX8.AX,ACCELERATE RESOURCES LIMITED,materials,2018-02-14,5297510.0,10:00:00,360.0,zz_not_yet_tagged,,,,
AXE.AX,ARCHER MATERIALS LIMITED,semiconductors_and_semiconductor_equipment,2007-08-14,100664570.0,10:00:00,360.0,zz_not_yet_tagged,,,,
AXI.AX,AXIOM PROPERTIES LIMITED,real_estate_management_and_development,1997-01-31,25962819.0,10:00:00,360.0,zz_not_yet_tagged,,,,
AXL.AX,AXEL REE LIMITED,materials,2024-07-23,13084087.0,10:00:00,360.0,zz_not_yet_tagged,,,,
AXN.AX,ALLIANCE NICKEL LIMITED,materials,1980-08-21,28307745.0,10:00:00,360.0,zz_not_yet_tagged,,,,
AXP.AX,AXP ENERGY LIMITED,energy,2006-07-20,5824681.0,10:00:00,360.0,zz_not_yet_tagged,,,,
AYA.AX,ARTRYA LIMITED,health_care_equipment_and_services,2021-11-26,43452861.0,10:00:00,360.0,zz_not_yet_tagged,,,,
AYI.AX,A1 INVESTMENTS & RESOURCES LTD,financial_services,2007-10-02,0.0,10:00:00,360.0,zz_not_yet_tagged,,,,
AYM.AX,AUSTRALIA UNITED MINING LIMITED,materials,2011-09-19,3685155.0,10:00:00,360.0,zz_not_yet_tagged,,,,
AYT.AX,AUSTIN METALS LIMITED,materials,2011-07-06,5958861.0,10:00:00,360.0,zz_not_yet_tagged,,,,
AZ9.AX,ASIAN BATTERY METALS PLC,materials,2017-09-29,29988319.0,10:00:00,360.0,zz_not_yet_tagged,,,,
AZI.AX,ALTAMIN LIMITED,materials,2009-12-24,12639064.0,10:00:00,360.0,zz_not_yet_tagged,,,,
AZJ.AX,AURIZON HOLDINGS LIMITED,transportation,2010-11-22,6000694981.0,10:00:00,360.0,zz_not_yet_tagged,,,,
AZL.AX,ARIZONA LITHIUM LIMITED,materials,1971-07-08,53685774.0,10:00:00,360.0,zz_not_yet_tagged,,,,
AZS.AX,AZURE MINERALS LIMITED,materials,2003-12-16,1655833266.0,10:00:00,360.0,zz_not_yet_tagged,,,,
AZY.AX,ANTIPA MINERALS LIMITED,materials,2011-04-20,140763462.0,10:00:00,360.0,zz_not_yet_tagged,,,,
B4P.AX,BEFOREPAY GROUP LIMITED,financial_services,2022-01-17,88967645.0,10:00:00,360.0,zz_not_yet_tagged,,,,
BAP.AX,BAPCOR LIMITED,consumer_discretionary_distribution_and_retail,2014-04-24,1547721000.0,10:00:00,360.0,zz_not_yet_tagged,,,,
BAR.AX,GREENSTONE RESOURCES LIMITED,materials,2000-12-12,0.0,10:00:00,360.0,zz_not_yet_tagged,,,,
BAS.AX,BASS OIL LIMITED,energy,2004-09-30,15104701.0,10:00:00,360.0,zz_not_yet_tagged,,,,
BASDA.AX,BASS OIL LIMITED,energy,2004-09-30,0.0,10:00:00,360.0,zz_not_yet_tagged,,,,
BAT.AX,BATTERY MINERALS LIMITED,materials,2012-10-29,10273348.0,10:00:00,360.0,zz_not_yet_tagged,,,,
BAY.AX,BAYROCK RESOURCES LIMITED,materials,2000-01-01,0.0,10:00:00,360.0,zz_not_yet_tagged,,,,
BB1.AX,BLINKLAB LIMITED,health_care_equipment_and_services,2024-04-04,24787501.0,10:00:00,360.0,zz_not_yet_tagged,,,,
BBC.AX,BNK BANKING CORPORATION LIMITED,banks,2012-05-22,39177404.0,10:00:00,360.0,zz_not_yet_tagged,downloaded,,,
BBL.AX,BRISBANE BRONCOS LIMITED,media_and_entertainment,1989-05-12,92158194.0,10:00:00,360.0,zz_not_yet_tagged,,,,
BBN.AX,BABY BUNTING GROUP LIMITED,consumer_discretionary_distribution_and_retail,2015-10-14,228014737.0,10:00:00,360.0,zz_not_yet_tagged,,,,
BBT.AX,BLUEBET HOLDINGS LTD,consumer_services,2021-07-02,169868827.0,10:00:00,360.0,zz_not_yet_tagged,downloaded,,,
BBX.AX,BBX MINERALS LIMITED,materials,2005-08-12,51525755.0,10:00:00,360.0,zz_not_yet_tagged,,,,
BC8.AX,BLACK CAT SYNDICATE LIMITED,materials,2018-01-30,319443591.0,10:00:00,360.0,zz_not_yet_tagged,,,,
BCA.AX,BLACK CANYON LIMITED,materials,2021-05-05,5780546.0,10:00:00,360.0,zz_not_yet_tagged,,,,
BCB.AX,BOWEN COKING COAL LIMITED,materials,1995-06-22,60000195.0,10:00:00,360.0,zz_not_yet_tagged,,,,
BCC.AX,BEAM COMMUNICATIONS HOLDINGS LIMITED,technology_hardware_and_equipment,1986-11-06,6913754.0,10:00:00,360.0,zz_not_yet_tagged,,,,
BCI.AX,BCI MINERALS LIMITED,materials,2006-12-15,750279672.0,10:00:00,360.0,zz_not_yet_tagged,,,,
BCK.AX,BROCKMAN MINING LIMITED,materials,2011-01-11,129923250.0,10:00:00,360.0,zz_not_yet_tagged,,,,
BCM.AX,BRAZILIAN CRITICAL MINERALS LIMITED,materials,2005-08-12,8100527.0,10:00:00,360.0,zz_not_yet_tagged,,,,
BCN.AX,BEACON MINERALS LIMITED,materials,2006-10-20,92980012.0,10:00:00,360.0,zz_not_yet_tagged,,,,
BCNNC.AX,BEACON MINERALS LIMITED,materials,2006-10-20,100268498.0,10:00:00,360.0,zz_not_yet_tagged,,,,
BCT.AX,BLUECHIIP LIMITED,technology_hardware_and_equipment,2011-06-09,0.0,10:00:00,360.0,zz_not_yet_tagged,,,,
BD1.AX,BARD1 LIFE SCIENCES LIMITED,health_care_equipment_and_services,1991-04-18,99354514.0,10:00:00,360.0,zz_not_yet_tagged,,,,
BDC.AX,BARDOC GOLD LIMITED,materials,2007-12-12,0.0,10:00:00,360.0,zz_not_yet_tagged,,,,
BDG.AX,BLACK DRAGON GOLD CORP.,materials,2018-08-29,7245185.0,10:00:00,360.0,zz_not_yet_tagged,,,,
BDM.AX,BURGUNDY DIAMOND MINES LIMITED,materials,2013-01-04,116549246.0,10:00:00,360.0,zz_not_yet_tagged,,,,
BDT.AX,BIRDDOG TECHNOLOGY LIMITED,technology_hardware_and_equipment,2021-12-20,10335105.0,10:00:00,360.0,zz_not_yet_tagged,,,,
BDX.AX,BCAL DIAGNOSTICS LIMITED,pharmaceuticals_biotechnology_and_life_sciences,2021-07-21,34073107.0,10:00:00,360.0,zz_not_yet_tagged,,,,
BEE.AX,BROO LTD,food_beverage_and_tobacco,2016-10-14,0.0,10:00:00,360.0,zz_not_yet_tagged,,,,
BEL.AX,BENTLEY CAPITAL LIMITED,not_applic,1986-11-07,761279.0,10:00:00,360.0,zz_not_yet_tagged,,,,
BEM.AX,BLACKEARTH MINERALS NL,materials,2018-01-19,27514241.0,10:00:00,360.0,zz_not_yet_tagged,,,,
BEN.AX,BENDIGO AND ADELAIDE BANK LIMITED,banks,1985-12-19,7558294666.0,10:00:00,360.0,zz_not_yet_tagged,downloaded,,,
BEO.AX,BEONIC LTD,software_and_services,1999-12-17,19052755.0,10:00:00,360.0,zz_not_yet_tagged,,,,
BET.AX,BETMAKERS TECHNOLOGY GROUP LTD,consumer_services,2015-12-11,106712583.0,10:00:00,360.0,zz_not_yet_tagged,downloaded,,,
BEX.AX,BIKEEXCHANGE LIMITED,consumer_discretionary_distribution_and_retail,2021-02-09,9289890.0,10:00:00,360.0,zz_not_yet_tagged,,,,
BEZ.AX,BESRA GOLD INC.,materials,2021-10-08,33029972.0,10:00:00,360.0,zz_not_yet_tagged,,,,
BFC.AX,BESTON GLOBAL FOOD COMPANY LIMITED,food_beverage_and_tobacco,2015-08-28,0.0,10:00:00,360.0,zz_not_yet_tagged,,,,
BFG.AX,BELL FINANCIAL GROUP LIMITED,financial_services,2007-12-12,421778292.0,10:00:00,360.0,zz_not_yet_tagged,,,,
BFL.AX,BSP FINANCIAL GROUP LIMITED,banks,2021-05-25,3036929864.0,10:00:00,360.0,zz_not_yet_tagged,downloaded,,,
BGA.AX,BEGA CHEESE LIMITED,food_beverage_and_tobacco,2011-08-19,1616303974.0,10:00:00,360.0,zz_not_yet_tagged,,,,
BGD.AX,BARTON GOLD HOLDINGS LIMITED,materials,2021-06-28,53612154.0,10:00:00,360.0,zz_not_yet_tagged,,,,
BGE.AX,BRIDGE SAAS LIMITED,software_and_services,2022-10-06,8394086.0,10:00:00,360.0,zz_not_yet_tagged,,,,
BGL.AX,BELLEVUE GOLD LIMITED,materials,2005-12-20,1593598739.0,10:00:00,360.0,zz_not_yet_tagged,,,,
BGP.AX,BRISCOE GROUP AUSTRALASIA LIMITED,consumer_discretionary_distribution_and_retail,2017-07-20,957997052.0,10:00:00,360.0,zz_not_yet_tagged,,,,
BGT.AX,BIO-GENE TECHNOLOGY LTD,materials,2017-11-29,7651740.0,10:00:00,360.0,zz_not_yet_tagged,,,,
BHD.AX,BENJAMIN HORNIGOLD LIMITED,not_applic,2017-05-12,4589496.0,10:00:00,360.0,zz_not_yet_tagged,,,,
BHL.AX,BOYUAN HOLDINGS LIMITED,real_estate,2016-10-31,0.0,10:00:00,360.0,zz_not_yet_tagged,,,,
BHP.AX,BHP GROUP LIMITED,materials,1885-08-13,204731912936.0,10:00:00,360.0,zz_not_yet_tagged,downloaded,,,
BID.AX,BILL IDENTITY LIMITED,software_and_services,2011-01-27,16677545.0,10:00:00,360.0,zz_not_yet_tagged,,,,
BIM.AX,BINDI METALS LIMITED,materials,2022-06-28,4601750.0,10:00:00,360.0,zz_not_yet_tagged,,,,
BIO.AX,BIOME AUSTRALIA LIMITED,household_and_personal_products,2021-11-30,110656764.0,10:00:00,360.0,zz_not_yet_tagged,,,,
BIQ.AX,BUILDINGIQ INC,software_and_services,2015-12-17,0.0,10:00:00,360.0,zz_not_yet_tagged,,,,
BIR.AX,BIR FINANCIAL LIMITED,financial_services,2006-07-31,14327745.0,10:00:00,360.0,zz_not_yet_tagged,,,,
BIS.AX,BISALLOY STEEL GROUP LIMITED,materials,2003-06-23,218440421.0,10:00:00,360.0,zz_not_yet_tagged,,,,
BIT.AX,BIOTRON LIMITED,pharmaceuticals_biotechnology_and_life_sciences,2001-01-24,15340507.0,10:00:00,360.0,zz_not_yet_tagged,,,,
BKG.AX,BOOKTOPIA GROUP LIMITED,consumer_discretionary_distribution_and_retail,2020-12-03,13692306.0,10:00:00,360.0,zz_not_yet_tagged,,,,
BKI.AX,BKI INVESTMENT COMPANY LIMITED,not_applic,2003-12-12,1376163860.0,10:00:00,360.0,zz_not_yet_tagged,,,,
BKL.AX,BLACKMORES LIMITED,household_and_personal_products,1985-05-02,1400357016.0,10:00:00,360.0,zz_not_yet_tagged,,,,
BKT.AX,BLACK ROCK MINING LIMITED,materials,2003-12-10,40065555.0,10:00:00,360.0,zz_not_yet_tagged,,,,
BKW.AX,BRICKWORKS LIMITED,materials,1962-06-30,3973509074.0,10:00:00,360.0,zz_not_yet_tagged,,,,
BKY.AX,BERKELEY ENERGIA LIMITED,energy,2003-09-16,142654949.0,10:00:00,360.0,zz_not_yet_tagged,,,,
BLD.AX,BORAL LIMITED.,materials,2000-02-21,6585437861.0,10:00:00,360.0,zz_not_yet_tagged,,,,
BLG.AX,BLUGLASS LIMITED,semiconductors_and_semiconductor_equipment,2006-09-22,44142536.0,10:00:00,360.0,zz_not_yet_tagged,,,,
BLU.AX,BLUE ENERGY LIMITED.,energy,1994-10-13,16658762.0,10:00:00,360.0,zz_not_yet_tagged,,,,
BLX.AX,BEACON LIGHTING GROUP LIMITED,consumer_discretionary_distribution_and_retail,2014-04-15,701427921.0,10:00:00,360.0,zz_not_yet_tagged,,,,
BLY.AX,BOART LONGYEAR GROUP LTD,materials,2007-04-05,872965221.0,10:00:00,360.0,zz_not_yet_tagged,,,,
BLZ.AX,BLAZE MINERALS LIMITED,energy,1996-09-12,7521349.0,10:00:00,360.0,zz_not_yet_tagged,,,,
BM8.AX,BATTERY AGE MINERALS LTD,materials,2020-11-04,10189914.0,10:00:00,360.0,zz_not_yet_tagged,,,,
BME.AX,BLACK MOUNTAIN ENERGY LTD,energy,2021-12-23,2682569.0,10:00:00,360.0,zz_not_yet_tagged,,,,
BMEN.AX,BLACK MOUNTAIN ENERGY LTD,energy,2021-12-23,7395000.0,10:00:00,360.0,zz_not_yet_tagged,,,,
BMG.AX,BMG RESOURCES LIMITED,materials,2004-05-12,9093566.0,10:00:00,360.0,zz_not_yet_tagged,,,,
BMH.AX,BAUMART HOLDINGS LIMITED,capital_goods,2015-06-19,12158560.0,10:00:00,360.0,zz_not_yet_tagged,,,,
BML.AX,BOAB METALS LIMITED,materials,2004-07-15,35009266.0,10:00:00,360.0,zz_not_yet_tagged,,,,
BMM.AX,BAYAN MINING AND MINERALS LIMITED,materials,2021-07-14,4474107.0,10:00:00,360.0,zz_not_yet_tagged,,,,
BMN.AX,BANNERMAN ENERGY LTD,energy,2005-04-28,512666246.0,10:00:00,360.0,zz_not_yet_tagged,,,,
BMO.AX,BASTION MINERALS LIMITED,materials,2021-03-16,3801261.0,10:00:00,360.0,zz_not_yet_tagged,,,,
BMR.AX,BALLYMORE RESOURCES LIMITED,materials,2021-09-03,27393241.0,10:00:00,360.0,zz_not_yet_tagged,,,,
BMT.AX,BEAMTREE HOLDINGS LIMITED,health_care_equipment_and_services,2019-06-06,75337968.0,10:00:00,360.0,zz_not_yet_tagged,,,,
BNL.AX,BLUE STAR HELIUM LIMITED,energy,1994-11-24,12126984.0,10:00:00,360.0,zz_not_yet_tagged,,,,
BNO.AX,BIONOMICS LIMITED,pharmaceuticals_biotechnology_and_life_sciences,1999-12-21,32312179.0,10:00:00,360.0,zz_not_yet_tagged,,,,
BNR.AX,BULLETIN RESOURCES LIMITED,materials,2010-12-20,11157306.0,10:00:00,360.0,zz_not_yet_tagged,,,,
BNZ.AX,BENZ MINING CORP.,materials,2020-12-23,62752406.0,10:00:00,360.0,zz_not_yet_tagged,,,,
BOA.AX,BOA RESOURCES LTD,materials,2012-10-11,2713763.0,10:00:00,360.0,zz_not_yet_tagged,,,,
BOC.AX,BOUGAINVILLE COPPER LIMITED,materials,1970-12-31,172456875.0,10:00:00,360.0,zz_not_yet_tagged,,,,
BOD.AX,BOD SCIENCE LIMITED,consumer_discretionary_distribution_and_retail,2016-10-27,0.0,10:00:00,360.0,zz_not_yet_tagged,,,,
BOE.AX,BOSS ENERGY LTD,energy,2007-07-25,983251339.0,10:00:00,360.0,zz_not_yet_tagged,,,,
BOL.AX,BOOM LOGISTICS LIMITED,capital_goods,2003-10-14,57487805.0,10:00:00,360.0,zz_not_yet_tagged,,,,
BOQ.AX,BANK OF QUEENSLAND LIMITED.,banks,1971-08-24,4445074738.0,10:00:00,360.0,zz_not_yet_tagged,downloaded,,,
BOT.AX,BOTANIX PHARMACEUTICALS LTD,pharmaceuticals_biotechnology_and_life_sciences,1985-01-24,690698297.0,10:00:00,360.0,zz_not_yet_tagged,downloaded,,,
BP8.AX,BPH GLOBAL LTD,pharmaceuticals_biotechnology_and_life_sciences,2000-06-13,1510745.0,10:00:00,360.0,zz_not_yet_tagged,,,,
BPH.AX,BPH ENERGY LTD,financial_services,2004-08-06,13400561.0,10:00:00,360.0,zz_not_yet_tagged,,,,
BPM.AX,BPM MINERALS LIMITED,materials,2020-12-30,4750472.0,10:00:00,360.0,zz_not_yet_tagged,,,,
BPP.AX,BABYLON PUMP & POWER LIMITED,capital_goods,1996-12-13,12497745.0,10:00:00,360.0,zz_not_yet_tagged,,,,
BPT.AX,BEACH ENERGY LIMITED,energy,1972-06-30,3079800436.0,10:00:00,360.0,zz_not_yet_tagged,,,,
BRB.AX,BREAKER RESOURCES NL,materials,2012-04-20,130736330.0,10:00:00,360.0,zz_not_yet_tagged,,,,
BRE.AX,BRAZILIAN RARE EARTHS LIMITED,class_pend,2023-12-21,520196646.0,10:00:00,360.0,zz_not_yet_tagged,,,,
BRG.AX,BREVILLE GROUP LIMITED,consumer_durables_and_apparel,1999-05-25,5124186499.0,10:00:00,360.0,zz_not_yet_tagged,,,,
BRI.AX,BIG RIVER INDUSTRIES LIMITED,materials,2017-05-01,110135609.0,10:00:00,360.0,zz_not_yet_tagged,,,,
BRK.AX,BROOKSIDE ENERGY LIMITED,energy,2005-10-31,42479055.0,10:00:00,360.0,zz_not_yet_tagged,,,,
BRL.AX,BATHURST RESOURCES LIMITED.,materials,2013-06-21,145433433.0,10:00:00,360.0,zz_not_yet_tagged,,,,
BRN.AX,BRAINCHIP HOLDINGS LTD,software_and_services,2011-11-09,493116994.0,10:00:00,360.0,zz_not_yet_tagged,,,,
BRU.AX,BURU ENERGY LIMITED,energy,2008-09-01,27279336.0,10:00:00,360.0,zz_not_yet_tagged,,,,
BRV.AX,BIG RIVER GOLD LTD,materials,2004-02-06,87624009.0,10:00:00,360.0,zz_not_yet_tagged,,,,
BRX.AX,BELARAROX LIMITED,materials,2022-01-28,21412782.0,10:00:00,360.0,zz_not_yet_tagged,,,,
BSA.AX,BSA LIMITED,commercial_and_professional_services,1999-11-15,72186770.0,10:00:00,360.0,zz_not_yet_tagged,,,,
BSE.AX,BASE RESOURCES LIMITED,materials,2008-10-02,164921659.0,10:00:00,360.0,zz_not_yet_tagged,,,,
BSL.AX,BLUESCOPE STEEL LIMITED,materials,2002-07-15,8772196980.0,10:00:00,360.0,zz_not_yet_tagged,,,,
BSN.AX,BASIN ENERGY LIMITED,energy,2022-10-04,1565244.0,10:00:00,360.0,zz_not_yet_tagged,,,,
BSR.AX,BASSARI RESOURCES LIMITED,materials,2008-01-07,0.0,10:00:00,360.0,zz_not_yet_tagged,,,,
BST.AX,BEST & LESS GROUP HOLDINGS LTD,consumer_discretionary_distribution_and_retail,2021-07-26,248226521.0,10:00:00,360.0,zz_not_yet_tagged,,,,
BSX.AX,BLACKSTONE MINERALS LIMITED,materials,2017-01-23,16064919.0,10:00:00,360.0,zz_not_yet_tagged,,,,
BTC.AX,BTC HEALTH LTD,not_applic,2000-08-29,21392138.0,10:00:00,360.0,zz_not_yet_tagged,,,,
BTE.AX,BOTALA ENERGY LTD,energy,2022-07-14,14393049.0,10:00:00,360.0,zz_not_yet_tagged,,,,
BTH.AX,BIGTINCAN HOLDINGS LIMITED,software_and_services,2017-03-24,164335187.0,10:00:00,360.0,zz_not_yet_tagged,,,,
BTI.AX,BAILADOR TECHNOLOGY INVESTMENTS LIMITED,financial_services,2014-11-21,181476730.0,10:00:00,360.0,zz_not_yet_tagged,,,,
BTN.AX,BUTN LIMITED,financial_services,2021-07-06,21509532.0,10:00:00,360.0,zz_not_yet_tagged,,,,
BTR.AX,BRIGHTSTAR RESOURCES LIMITED,materials,2003-12-05,227923311.0,10:00:00,360.0,zz_not_yet_tagged,,,,
BUB.AX,BUBS AUSTRALIA LIMITED,food_beverage_and_tobacco,1993-10-05,89313004.0,10:00:00,360.0,zz_not_yet_tagged,,,,
BUD.AX,BUDDY TECHNOLOGIES LTD,consumer_durables_and_apparel,2006-12-18,0.0,10:00:00,360.0,zz_not_yet_tagged,,,,
BUR.AX,BURLEY MINERALS LTD,materials,2021-07-07,8721515.0,10:00:00,360.0,zz_not_yet_tagged,,,,
BUS.AX,BUBALUS RESOURCES LIMITED,materials,2022-10-13,5755992.0,10:00:00,360.0,zz_not_yet_tagged,,,,
BUX.AX,BUXTON RESOURCES LIMITED,materials,2007-10-23,8891299.0,10:00:00,360.0,zz_not_yet_tagged,,,,
BUY.AX,BOUNTY OIL & GAS NL,energy,2002-02-05,5994004.0,10:00:00,360.0,zz_not_yet_tagged,,,,
BVR.AX,BELLAVISTA RESOURCES LTD,materials,2022-05-25,43944986.0,10:00:00,360.0,zz_not_yet_tagged,,,,
BVS.AX,BRAVURA SOLUTIONS LIMITED.,software_and_services,2016-11-16,995345884.0,10:00:00,360.0,zz_not_yet_tagged,,,,
BWF.AX,BLACKWALL LIMITED,financial_services,2011-10-21,68799052.0,10:00:00,360.0,zz_not_yet_tagged,,,,
BWN.AX,BHAGWAN MARINE LIMITED,transportation,2024-07-30,181632157.0,10:00:00,360.0,zz_not_yet_tagged,,,,
BWP.AX,BWP TRUST,equity_real_estate_investment_trusts_(reits),1998-09-16,2354587095.0,10:00:00,360.0,zz_not_yet_tagged,,,,
BWX.AX,BWX LIMITED,household_and_personal_products,2015-11-11,0.0,10:00:00,360.0,zz_not_yet_tagged,,,,
BXB.AX,BRAMBLES LIMITED,commercial_and_professional_services,2006-11-27,26631163672.0,10:00:00,360.0,zz_not_yet_tagged,,,,
BXN.AX,BIOXYNE LIMITED,household_and_personal_products,2000-12-14,36886117.0,10:00:00,360.0,zz_not_yet_tagged,,,,
BYE.AX,BYRON ENERGY LIMITED,energy,2005-06-03,88674398.0,10:00:00,360.0,zz_not_yet_tagged,,,,
BYH.AX,BRYAH RESOURCES LIMITED,materials,2017-10-17,2013147.0,10:00:00,360.0,zz_not_yet_tagged,,,,
BYI.AX,BEYOND INTERNATIONAL LIMITED,media_and_entertainment,1987-06-12,19014460.0,10:00:00,360.0,zz_not_yet_tagged,,,,
C1X.AX,COSMOS EXPLORATION LIMITED,materials,2021-12-01,2921331.0,10:02:15,357.75,zz_not_yet_tagged,,,,
C29.AX,C29 METALS LIMITED,materials,2021-11-03,0.0,10:02:15,357.75,zz_not_yet_tagged,,,,
C6C.AX,COPPER MOUNTAIN MINING CORPORATION,materials,2018-04-06,452685136.0,10:02:15,357.75,zz_not_yet_tagged,,,,
C79.AX,CHRYSOS CORPORATION LIMITED,commercial_and_professional_services,2022-05-06,525101314.0,10:02:15,357.75,zz_not_yet_tagged,,,,
C7A.AX,CLARA RESOURCES AUSTRALIA LTD,materials,2010-10-21,1829736.0,10:02:15,357.75,zz_not_yet_tagged,,,,
CAA.AX,CAPRAL LIMITED,materials,1986-11-20,171540282.0,10:02:15,357.75,zz_not_yet_tagged,,,,
CAD.AX,CAENEUS MINERALS LTD,materials,2000-07-11,23603025.0,10:02:15,357.75,zz_not_yet_tagged,,,,
CAE.AX,CANNINDAH RESOURCES LIMITED,materials,2005-05-20,31307438.0,10:02:15,357.75,zz_not_yet_tagged,,,,
CAF.AX,CENTREPOINT ALLIANCE LIMITED,financial_services,2002-06-25,61653386.0,10:02:15,357.75,zz_not_yet_tagged,,,,
CAG.AX,CAPE RANGE LTD,software_and_services,2017-11-30,9965372.0,10:02:15,357.75,zz_not_yet_tagged,,,,
CAI.AX,CALIDUS RESOURCES LIMITED,materials,1987-03-13,0.0,10:02:15,357.75,zz_not_yet_tagged,,,,
CAJ.AX,CAPITOL HEALTH LIMITED,health_care_equipment_and_services,2006-06-09,0.0,10:02:15,357.75,zz_not_yet_tagged,,,,
CAM.AX,CLIME CAPITAL LIMITED,not_applic,2004-02-03,119945973.0,10:02:15,357.75,zz_not_yet_tagged,,,,
CAN.AX,CANN GROUP LIMITED,pharmaceuticals_biotechnology_and_life_sciences,2024-12-17,20371271.0,10:02:15,357.75,zz_not_yet_tagged,,,,
CAQ.AX,CAQ HOLDINGS LIMITED,real_estate_management_and_development,2005-07-17,5742290.0,10:02:15,357.75,zz_not_yet_tagged,,,,
CAR.AX,CAR GROUP LIMITED,media_and_entertainment,2009-09-10,14276778352.0,10:02:15,357.75,zz_not_yet_tagged,downloaded,,,
CARNA.AX,CARSALES.COM LIMITED.,media_and_entertainment,2009-09-10,8107361627.0,10:02:15,357.75,zz_not_yet_tagged,,,,
CAT.AX,CATAPULT GROUP INTERNATIONAL LTD,software_and_services,2014-12-19,941841717.0,10:02:15,357.75,zz_not_yet_tagged,,,,
CAU.AX,CRONOS AUSTRALIA LIMITED,health_care_equipment_and_services,2019-11-07,176800612.0,10:02:15,357.75,zz_not_yet_tagged,,,,
CAV.AX,CARNAVALE RESOURCES LIMITED,materials,2007-03-15,12270655.0,10:02:15,357.75,zz_not_yet_tagged,,,,
CAY.AX,CANYON RESOURCES LIMITED,materials,2010-06-15,240870329.0,10:02:15,357.75,zz_not_yet_tagged,,,,
CAZ.AX,CAZALY RESOURCES LIMITED,materials,2003-10-31,7380848.0,10:02:15,357.75,zz_not_yet_tagged,,,,
CBA.AX,COMMONWEALTH BANK OF AUSTRALIA.,banks,1991-09-12,265478068473.0,10:02:15,357.75,zz_not_yet_tagged,downloaded,,,
CBE.AX,COBRE LIMITED,materials,2020-01-31,23503274.0,10:02:15,357.75,zz_not_yet_tagged,,,,
CBH.AX,COOLABAH METALS LIMITED,materials,2022-07-28,0.0,10:02:15,357.75,zz_not_yet_tagged,,,,
CBL.AX,CONTROL BIONICS LIMITED,health_care_equipment_and_services,2020-12-07,16338851.0,10:02:15,357.75,zz_not_yet_tagged,,,,
CBO.AX,COBRAM ESTATE OLIVES LIMITED,food_beverage_and_tobacco,2021-08-11,837887222.0,10:02:15,357.75,zz_not_yet_tagged,,,,
CBR.AX,CARBON REVOLUTION LIMITED,automobiles_and_components,2019-11-29,34703722.0,10:02:15,357.75,zz_not_yet_tagged,,,,
CBY.AX,CANTERBURY RESOURCES LIMITED,materials,2019-03-07,4936022.0,10:02:15,357.75,zz_not_yet_tagged,,,,
CC5.AX,CLEVER CULTURE SYSTEMS LIMITED,health_care_equipment_and_services,2006-07-31,29917030.0,10:02:15,357.75,zz_not_yet_tagged,,,,
CC9.AX,CHARIOT CORPORATION LTD,materials,2023-10-27,19705420.0,10:02:15,357.75,zz_not_yet_tagged,,,,
CCA.AX,CHANGE FINANCIAL LIMITED,financial_services,2016-06-30,39837475.0,10:02:15,357.75,zz_not_yet_tagged,,,,
CCE.AX,CARNEGIE CLEAN ENERGY LIMITED,utilities,1993-10-26,13915732.0,10:02:15,357.75,zz_not_yet_tagged,,,,
CCG.AX,COMMS GROUP LTD,telecommunication_services,2017-12-21,28760732.0,10:02:15,357.75,zz_not_yet_tagged,,,,
CCJ.AX,COUNTY INTERNATIONAL LIMITED,energy,2011-11-15,0.0,10:02:15,357.75,zz_not_yet_tagged,,,,
CCL.AX,CUSCAL LIMITED,financial_services,2024-11-25,459749407.0,10:02:15,357.75,zz_not_yet_tagged,,,,
CCM.AX,CADOUX LIMITED,materials,1994-01-20,20771385.0,10:02:15,357.75,zz_not_yet_tagged,,,,
CCO.AX,THE CALMER CO INTERNATIONAL LIMITED,household_and_personal_products,2018-12-20,15245117.0,10:02:15,357.75,zz_not_yet_tagged,,,,
CCP.AX,CREDIT CORP GROUP LIMITED,financial_services,2000-09-04,1109489753.0,10:02:15,357.75,zz_not_yet_tagged,,,,
CCR.AX,CREDIT CLEAR LIMITED,software_and_services,2020-10-27,132467101.0,10:02:15,357.75,zz_not_yet_tagged,,,,
CCV.AX,CASH CONVERTERS INTERNATIONAL,financial_services,1997-02-07,156886254.0,10:02:15,357.75,zz_not_yet_tagged,,,,
CCX.AX,CITY CHIC COLLECTIVE LIMITED,consumer_discretionary_distribution_and_retail,1998-05-28,39259829.0,10:02:15,357.75,zz_not_yet_tagged,,,,
CCZ.AX,CASTILLO COPPER LIMITED,materials,2010-12-14,6497527.0,10:02:15,357.75,zz_not_yet_tagged,,,,
CD1.AX,CD PRIVATE EQUITY FUND I,not_applic,2012-08-14,22661732.0,10:02:15,357.75,zz_not_yet_tagged,,,,
CD2.AX,CD PRIVATE EQUITY FUND II,not_applic,2013-04-09,43295246.0,10:02:15,357.75,zz_not_yet_tagged,,,,
CD3.AX,CD PRIVATE EQUITY FUND III,not_applic,2016-07-27,90035525.0,10:02:15,357.75,zz_not_yet_tagged,,,,
CDA.AX,CODAN LIMITED,technology_hardware_and_equipment,2003-11-27,2852235177.0,10:02:15,357.75,zz_not_yet_tagged,,,,
CDD.AX,CARDNO LIMITED,commercial_and_professional_services,2004-05-20,6249706.0,10:02:15,357.75,zz_not_yet_tagged,,,,
CDE.AX,CODEIFAI LIMITED,commercial_and_professional_services,2005-03-07,3150314.0,10:02:15,357.75,zz_not_yet_tagged,,,,
CDM.AX,CADENCE CAPITAL LIMITED,not_applic,2006-12-05,206782363.0,10:02:15,357.75,zz_not_yet_tagged,,,,
CDO.AX,CADENCE OPPORTUNITIES FUND LIMITED.,not_applic,2021-11-19,26090669.0,10:02:15,357.75,zz_not_yet_tagged,,,,
CDP.AX,CARINDALE PROPERTY TRUST,equity_real_estate_investment_trusts_(reits),1996-11-28,384598641.0,10:02:15,357.75,zz_not_yet_tagged,,,,
CDR.AX,CODRUS MINERALS LIMITED,materials,2021-06-23,2646200.0,10:02:15,357.75,zz_not_yet_tagged,,,,
CDT.AX,CASTLE MINERALS LIMITED,materials,2006-05-02,3345628.0,10:02:15,357.75,zz_not_yet_tagged,,,,
CDX.AX,CARDIEX LIMITED,health_care_equipment_and_services,2005-11-09,29346032.0,10:02:15,357.75,zz_not_yet_tagged,,,,
CDXNB.AX,CARDIEX LIMITED,health_care_equipment_and_services,2005-11-09,51280756.0,10:02:15,357.75,zz_not_yet_tagged,,,,
CDY.AX,ANAGENICS LIMITED,pharmaceuticals_biotechnology_and_life_sciences,2005-12-09,12332177.0,10:02:15,357.75,zz_not_yet_tagged,,,,
CE1.AX,CALIMA ENERGY LIMITED,energy,2006-07-28,0.0,10:02:15,357.75,zz_not_yet_tagged,,,,
CEH.AX,COAST ENTERTAINMENT HOLDINGS LIMITED,consumer_services,2018-11-30,207232999.0,10:02:15,357.75,zz_not_yet_tagged,,,,
CEL.AX,CHALLENGER GOLD LIMITED,materials,2007-11-07,70481257.0,10:02:15,357.75,zz_not_yet_tagged,,,,
CEN.AX,CONTACT ENERGY LIMITED,utilities,2015-09-24,6614976792.0,10:02:15,357.75,zz_not_yet_tagged,,,,
CF1.AX,COMPLII FINTECH SOLUTIONS LTD,software_and_services,2001-12-18,11484771.0,10:02:15,357.75,zz_not_yet_tagged,,,,
CFO.AX,CFOAM LIMITED,capital_goods,2016-10-26,0.0,10:02:15,357.75,zz_not_yet_tagged,,,,
CG1.AX,CARBONXT GROUP LIMITED,materials,2018-01-23,22651586.0,10:02:15,357.75,zz_not_yet_tagged,,,,
CGA.AX,CONTANGO ASSET MANAGEMENT LIMITED,diversified_financials,2004-09-30,23571885.0,10:02:15,357.75,zz_not_yet_tagged,,,,
CGB.AX,CANN GLOBAL LIMITED,pharmaceuticals_biotechnology_and_life_sciences,2008-01-14,0.0,10:02:15,357.75,zz_not_yet_tagged,,,,
CGC.AX,COSTA GROUP HOLDINGS LIMITED,food_beverage_and_tobacco,2015-07-24,0.0,10:02:15,357.75,zz_not_yet_tagged,,,,
CGF.AX,CHALLENGER LIMITED,financial_services,2003-12-23,4176029974.0,10:02:15,357.75,zz_not_yet_tagged,,,,
CGN.AX,CRATER GOLD MINING LIMITED,materials,2002-11-01,0.0,10:02:15,357.75,zz_not_yet_tagged,,,,
CGO.AX,CPT GLOBAL LIMITED,software_and_services,2000-09-08,2974713.0,10:02:15,357.75,zz_not_yet_tagged,,,,
CGR.AX,CGN RESOURCES LIMITED,materials,2023-10-18,6830738.0,10:02:15,357.75,zz_not_yet_tagged,,,,
CGS.AX,COGSTATE LTD,health_care_equipment_and_services,2004-02-13,202111526.0,10:02:15,357.75,zz_not_yet_tagged,,,,
CHC.AX,CHARTER HALL GROUP,equity_real_estate_investment_trusts_(reits),2005-06-10,6867919329.0,10:02:15,357.75,zz_not_yet_tagged,,,,
CHK.AX,COHIBA MINERALS LIMITED,materials,2012-02-01,10764733.0,10:02:15,357.75,zz_not_yet_tagged,,,,
CHL.AX,CAMPLIFY HOLDINGS LIMITED,transportation,2021-06-28,51480251.0,10:02:15,357.75,zz_not_yet_tagged,,,,
CHM.AX,CHIMERIC THERAPEUTICS LIMITED,pharmaceuticals_biotechnology_and_life_sciences,2021-01-18,9450899.0,10:02:15,357.75,zz_not_yet_tagged,,,,
CHN.AX,CHALICE MINING LIMITED,materials,2006-03-24,433764869.0,10:02:15,357.75,zz_not_yet_tagged,,,,
CHR.AX,CHARGER METALS NL,materials,2021-07-09,4954896.0,10:02:15,357.75,zz_not_yet_tagged,,,,
CHRCA.AX,CHARGER METALS NL,materials,2021-07-09,4954896.0,10:02:15,357.75,zz_not_yet_tagged,,,,
CHW.AX,CHILWA MINERALS LTD,materials,2023-07-05,59963826.0,10:02:15,357.75,zz_not_yet_tagged,,,,
CHZ.AX,CHESSER RESOURCES LIMITED,materials,2007-05-29,52385520.0,10:02:15,357.75,zz_not_yet_tagged,,,,
CI1.AX,CREDIT INTELLIGENCE LTD,commercial_and_professional_services,2008-07-10,0.0,10:02:15,357.75,zz_not_yet_tagged,,,,
CI1DB.AX,CREDIT INTELLIGENCE LTD,commercial_and_professional_services,2008-07-10,0.0,10:02:15,357.75,zz_not_yet_tagged,,,,
CIA.AX,CHAMPION IRON LIMITED,materials,2007-06-08,3000673296.0,10:02:15,357.75,zz_not_yet_tagged,,,,
CII.AX,CI RESOURCES LIMITED,materials,1987-07-24,0.0,10:02:15,357.75,zz_not_yet_tagged,,,,
CIM.AX,CIMIC GROUP LIMITED,capital_goods,1962-12-11,0.0,10:02:15,357.75,zz_not_yet_tagged,,,,
CIN.AX,CARLTON INVESTMENTS LIMITED,not_applic,1970-06-30,816640774.0,10:02:15,357.75,zz_not_yet_tagged,,,,
CIO.AX,CONNECTED IO LIMITED,technology_hardware_and_equipment,1984-08-16,0.0,10:02:15,357.75,zz_not_yet_tagged,,,,
CIP.AX,CENTURIA INDUSTRIAL REIT,equity_real_estate_investment_trusts_(reits),2012-12-13,1803203003.0,10:02:15,357.75,zz_not_yet_tagged,,,,
CIW.AX,CLIME INVESTMENT MANAGEMENT LTD,financial_services,2000-12-15,25843490.0,10:02:15,357.75,zz_not_yet_tagged,,,,
CKA.AX,COKAL LIMITED,materials,2000-04-17,64736939.0,10:02:15,357.75,zz_not_yet_tagged,,,,
CKF.AX,COLLINS FOODS LIMITED,consumer_services,2011-08-04,895390907.0,10:02:15,357.75,zz_not_yet_tagged,downloaded,,,
CKM.AX,CHALKOS METALS LIMITED,materials,2000-01-01,0.0,10:02:15,357.75,zz_not_yet_tagged,,,,
CL1.AX,CLASS LIMITED,software_and_services,2015-12-18,342164504.0,10:02:15,357.75,zz_not_yet_tagged,,,,
CL8.AX,CARLY HOLDINGS LIMITED,transportation,1996-09-09,0.0,10:02:15,357.75,zz_not_yet_tagged,,,,
CLA.AX,CELSIUS RESOURCES LIMITED.,materials,1988-03-24,30852294.0,10:02:15,357.75,zz_not_yet_tagged,,,,
CLB.AX,CANDY CLUB HOLDINGS LIMITED,consumer_staples_distribution_and_retail,2019-02-19,0.0,10:02:15,357.75,zz_not_yet_tagged,,,,
CLE.AX,CYCLONE METALS LIMITED,materials,2001-06-07,39395491.0,10:02:15,357.75,zz_not_yet_tagged,,,,
CLG.AX,CLOSE THE LOOP LTD.,commercial_and_professional_services,2021-12-02,117006971.0,10:02:15,357.75,zz_not_yet_tagged,,,,
CLH.AX,COLLECTION HOUSE LIMITED,diversified_financials,2000-10-04,0.0,10:02:15,357.75,zz_not_yet_tagged,,,,
CLI.AX,CROPLOGIC LIMITED,commercial_and_professional_services,2017-09-12,0.0,10:02:15,357.75,zz_not_yet_tagged,,,,
CLT.AX,CELLNET GROUP LIMITED,technology_hardware_and_equipment,1999-11-17,6089866.0,10:02:15,357.75,zz_not_yet_tagged,,,,
CLU.AX,CLUEY LTD,consumer_services,2020-12-09,14818597.0,10:02:15,357.75,zz_not_yet_tagged,downloaded,,,
CLV.AX,CLOVER CORPORATION LIMITED,materials,1999-11-30,75149703.0,10:02:15,357.75,zz_not_yet_tagged,,,,
CLW.AX,CHARTER HALL LONG WALE REIT,equity_real_estate_investment_trusts_(reits),2016-11-08,2624278347.0,10:02:15,357.75,zz_not_yet_tagged,,,,
CLX.AX,CTI LOGISTICS LIMITED,transportation,1987-12-02,155717652.0,10:02:15,357.75,zz_not_yet_tagged,,,,
CLZ.AX,CLASSIC MINERALS LTD,materials,2013-05-24,0.0,10:02:15,357.75,zz_not_yet_tagged,,,,
CM8.AX,CROWD MEDIA HOLDINGS LIMITED,media_and_entertainment,1999-12-16,16556298.0,10:02:15,357.75,zz_not_yet_tagged,,,,
CMB.AX,CAMBIUM BIO LIMITED,pharmaceuticals_biotechnology_and_life_sciences,2013-09-19,5710567.0,10:02:15,357.75,zz_not_yet_tagged,,,,
CMD.AX,CASSIUS MINING LIMITED,materials,2006-08-10,3794031.0,10:02:15,357.75,zz_not_yet_tagged,,,,
CMG.AX,CRITICAL MINERALS GROUP LIMITED,materials,2022-09-27,10085235.0,10:02:15,357.75,zz_not_yet_tagged,,,,
CML.AX,CONNECTED MINERALS LIMITED,technology_hardware_and_equipment,1984-08-16,8690978.0,10:02:15,357.75,zz_not_yet_tagged,,,,
CMM.AX,CAPRICORN METALS LTD,materials,2008-07-07,2768108898.0,10:02:15,357.75,zz_not_yet_tagged,,,,
CMO.AX,COSMO METALS LIMITED,materials,2022-01-31,2357872.0,10:02:15,357.75,zz_not_yet_tagged,,,,
CMP.AX,COMPUMEDICS LIMITED,health_care_equipment_and_services,2000-12-21,45942523.0,10:02:15,357.75,zz_not_yet_tagged,,,,
CMW.AX,CROMWELL PROPERTY GROUP,equity_real_estate_investment_trusts_(reits),1973-02-22,955886345.0,10:02:15,357.75,zz_not_yet_tagged,,,,
CMX.AX,CHEMX MATERIALS LIMITED,materials,2022-01-18,3354580.0,10:02:15,357.75,zz_not_yet_tagged,,,,
CNB.AX,CARNABY RESOURCES LIMITED,materials,2016-08-30,71998721.0,10:02:15,357.75,zz_not_yet_tagged,,,,
CND.AX,CONDOR ENERGY LIMITED,energy,2005-05-25,11726674.0,10:02:15,357.75,zz_not_yet_tagged,,,,
CNI.AX,CENTURIA CAPITAL GROUP,equity_real_estate_investment_trusts_(reits),2002-03-26,1535670061.0,10:02:15,357.75,zz_not_yet_tagged,,,,
CNJ.AX,CONICO LTD,materials,2007-06-18,3140190.0,10:02:15,357.75,zz_not_yet_tagged,,,,
CNJDA.AX,CONICO LTD,materials,2007-06-18,0.0,10:02:15,357.75,zz_not_yet_tagged,,,,
CNL.AX,CELAMIN HOLDINGS LIMITED,materials,2009-12-17,21533034.0,10:02:15,357.75,zz_not_yet_tagged,,,,
CNQ.AX,CLEAN TEQ WATER LIMITED,commercial_and_professional_services,2021-07-02,21311479.0,10:02:15,357.75,zz_not_yet_tagged,,,,
CNR.AX,CANNON RESOURCES LIMITED,materials,2021-08-12,26924134.0,10:02:15,357.75,zz_not_yet_tagged,,,,
CNU.AX,CHORUS LIMITED,telecommunication_services,2011-11-21,3523164827.0,10:02:15,357.75,zz_not_yet_tagged,,,,
CNW.AX,CIRRUS NETWORKS HOLDINGS LIMITED,software_and_services,2004-02-10,31620217.0,10:02:15,357.75,zz_not_yet_tagged,,,,
COB.AX,COBALT BLUE HOLDINGS LIMITED,materials,2017-02-02,29995707.0,10:02:15,357.75,zz_not_yet_tagged,,,,
COD.AX,CODA MINERALS LTD,materials,2020-10-28,16924062.0,10:02:15,357.75,zz_not_yet_tagged,,,,
COE.AX,COOPER ENERGY LIMITED,energy,2002-03-13,382805543.0,10:02:15,357.75,zz_not_yet_tagged,,,,
COF.AX,CENTURIA OFFICE REIT,equity_real_estate_investment_trusts_(reits),2014-11-21,669017363.0,10:02:15,357.75,zz_not_yet_tagged,,,,
COG.AX,COG FINANCIAL SERVICES LIMITED,financial_services,2003-01-28,171272269.0,10:02:15,357.75,zz_not_yet_tagged,,,,
COH.AX,COCHLEAR LIMITED,health_care_equipment_and_services,1995-12-04,19176184248.0,10:02:15,357.75,zz_not_yet_tagged,,,,
COI.AX,COMET RIDGE LIMITED,energy,2004-04-16,155473421.0,10:02:15,357.75,zz_not_yet_tagged,,,,
COL.AX,COLES GROUP LIMITED.,consumer_staples_distribution_and_retail,2018-11-21,25090193925.0,10:02:15,357.75,zz_not_yet_tagged,,,,
COO.AX,CORUM GROUP LIMITED,software_and_services,1971-07-28,20310981.0,10:02:15,357.75,zz_not_yet_tagged,,,,
COS.AX,COSOL LIMITED,software_and_services,2020-01-24,181988796.0,10:02:15,357.75,zz_not_yet_tagged,,,,
COV.AX,CLEO DIAGNOSTICS LTD,pharmaceuticals_biotechnology_and_life_sciences,2023-08-22,46260000.0,10:02:15,357.75,zz_not_yet_tagged,,,,
COY.AX,COPPERMOLY LIMITED,materials,2008-01-31,9907204.0,10:02:15,357.75,zz_not_yet_tagged,,,,
CPH.AX,CRESO PHARMA LIMITED,pharmaceuticals_biotechnology_and_life_sciences,2016-10-20,21365077.0,10:02:15,357.75,zz_not_yet_tagged,,,,
CPM.AX,COOPER METALS LIMITED,materials,2021-11-17,3604360.0,10:02:15,357.75,zz_not_yet_tagged,,,,
CPN.AX,CASPIN RESOURCES LIMITED,materials,2020-11-25,7267428.0,10:02:15,357.75,zz_not_yet_tagged,,,,
CPO.AX,CULPEO MINERALS LIMITED,materials,2021-09-10,4399244.0,10:02:15,357.75,zz_not_yet_tagged,,,,
CPT.AX,CIPHERPOINT LIMITED,software_and_services,2007-01-03,7034455.0,10:02:15,357.75,zz_not_yet_tagged,,,,
CPU.AX,COMPUTERSHARE LIMITED.,commercial_and_professional_services,1994-05-27,19306688559.0,10:02:15,357.75,zz_not_yet_tagged,,,,
CPV.AX,CLEARVUE TECHNOLOGIES LIMITED,capital_goods,2018-05-25,61686109.0,10:02:15,357.75,zz_not_yet_tagged,,,,
CQE.AX,CHARTER HALL SOCIAL INFRASTRUCTURE REIT,equity_real_estate_investment_trusts_(reits),2003-05-22,952587144.0,10:02:15,357.75,zz_not_yet_tagged,,,,
CQR.AX,CHARTER HALL RETAIL REIT,equity_real_estate_investment_trusts_(reits),1995-11-15,1854122453.0,10:02:15,357.75,zz_not_yet_tagged,,,,
CR1.AX,CONSTELLATION RESOURCES LIMITED,materials,2018-07-30,11347061.0,10:02:15,357.75,zz_not_yet_tagged,,,,
CR3.AX,zz_missing_company_name,materials,1998-12-17,0.0,10:02:15,357.75,zz_not_yet_tagged,,,,
CR9.AX,CORELLA RESOURCES LTD,materials,2008-01-15,1860370.0,10:02:15,357.75,zz_not_yet_tagged,,,,
CRB.AX,CARBINE RESOURCES LIMITED,materials,2007-03-16,2206951.0,10:02:15,357.75,zz_not_yet_tagged,,,,
CRD.AX,CONRAD ASIA ENERGY LTD.,energy,2022-10-27,160408802.0,10:02:15,357.75,zz_not_yet_tagged,,,,
CRI.AX,CRITICA LIMITED,materials,2006-09-22,40084732.0,10:02:15,357.75,zz_not_yet_tagged,,,,
CRL.AX,COMET RESOURCES LIMITED,materials,1994-03-02,0.0,10:02:15,357.75,zz_not_yet_tagged,,,,
CRM.AX,CARBON MINERALS LIMITED,energy,1980-12-31,0.0,10:02:15,357.75,zz_not_yet_tagged,,,,
CRN.AX,CORONADO GLOBAL RESOURCES INC.,materials,2018-10-23,1383074327.0,10:02:15,357.75,zz_not_yet_tagged,,,,
CRO.AX,CIRRALTO LIMITED,software_and_services,2002-05-29,153230230.0,10:02:15,357.75,zz_not_yet_tagged,,,,
CRR.AX,CRITICAL RESOURCES LIMITED,materials,2010-12-03,14591779.0,10:02:15,357.75,zz_not_yet_tagged,,,,
CRS.AX,CAPRICE RESOURCES LTD,materials,2018-12-05,9886883.0,10:02:15,357.75,zz_not_yet_tagged,,,,
CRW.AX,CASHREWARDS LIMITED,media_and_entertainment,2020-12-02,88957260.0,10:02:15,357.75,zz_not_yet_tagged,,,,
CSC.AX,CAPSTONE COPPER CORP.,materials,2024-02-02,9229925149.0,10:02:15,357.75,zz_not_yet_tagged,,,,
CSE.AX,COPPER STRIKE LIMITED,materials,2004-11-24,0.0,10:02:15,357.75,zz_not_yet_tagged,,,,
CSF.AX,CATALANO SEAFOOD LTD,food_beverage_and_tobacco,2022-03-11,0.0,10:02:15,357.75,zz_not_yet_tagged,,,,
CSL.AX,CSL LIMITED,pharmaceuticals_biotechnology_and_life_sciences,1994-06-08,134023576922.0,10:02:15,357.75,zz_not_yet_tagged,,,,
CSR.AX,CSR LIMITED,materials,1962-03-31,3795199517.0,10:02:15,357.75,zz_not_yet_tagged,,,,
CSS.AX,CLEAN SEAS SEAFOOD LIMITED,food_beverage_and_tobacco,2005-12-12,27177293.0,10:02:15,357.75,zz_not_yet_tagged,,,,
CST.AX,CASTILE RESOURCES LTD,materials,2020-02-14,23398389.0,10:02:15,357.75,zz_not_yet_tagged,,,,
CSX.AX,CLEANSPACE HOLDINGS LIMITED,health_care_equipment_and_services,2020-10-23,28850632.0,10:02:15,357.75,zz_not_yet_tagged,,,,
CT1.AX,CONSTELLATION TECHNOLOGIES LIMITED,technology_hardware_and_equipment,1987-10-08,2949467.0,10:02:15,357.75,zz_not_yet_tagged,,,,
CTD.AX,CORPORATE TRAVEL MANAGEMENT LIMITED,consumer_services,2010-12-15,2020758552.0,10:02:15,357.75,zz_not_yet_tagged,downloaded,,,
CTE.AX,CRYOSITE LIMITED,pharmaceuticals_biotechnology_and_life_sciences,2002-05-09,41488129.0,10:02:15,357.75,zz_not_yet_tagged,,,,
CTM.AX,CENTAURUS METALS LIMITED,materials,1989-01-12,183779449.0,10:02:15,357.75,zz_not_yet_tagged,,,,
CTN.AX,CATALINA RESOURCES LTD,materials,2010-02-05,3731286.0,10:02:15,357.75,zz_not_yet_tagged,,,,
CTO.AX,CITIGOLD CORPORATION LIMITED,materials,1993-12-23,12000000.0,10:02:15,357.75,zz_not_yet_tagged,,,,
CTP.AX,CENTRAL PETROLEUM LIMITED,energy,2006-03-07,38753432.0,10:02:15,357.75,zz_not_yet_tagged,,,,
CTQ.AX,CARETEQ LIMITED,health_care_equipment_and_services,2022-01-10,2608306.0,10:02:15,357.75,zz_not_yet_tagged,,,,
CTT.AX,CETTIRE LIMITED,consumer_discretionary_distribution_and_retail,2020-12-17,442236335.0,10:02:15,357.75,zz_not_yet_tagged,,,,
CTV.AX,COLORTV LIMITED,media_and_entertainment,2017-12-14,0.0,10:02:15,357.75,zz_not_yet_tagged,,,,
CU6.AX,CLARITY PHARMACEUTICALS LTD,pharmaceuticals_biotechnology_and_life_sciences,2021-08-25,1468543168.0,10:02:15,357.75,zz_not_yet_tagged,,,,
CUE.AX,CUE ENERGY RESOURCES LIMITED,energy,1995-12-11,65675634.0,10:02:15,357.75,zz_not_yet_tagged,,,,
CUF.AX,CUFE LTD,materials,2005-10-13,9356724.0,10:02:15,357.75,zz_not_yet_tagged,,,,
CUL.AX,CULLEN RESOURCES LIMITED,materials,1988-11-23,3467009.0,10:02:15,357.75,zz_not_yet_tagged,,,,
CUP.AX,COUNT LIMITED,commercial_and_professional_services,2010-12-22,127441906.0,10:02:15,357.75,zz_not_yet_tagged,,,,
CUPN.AX,COUNT LIMITED,commercial_and_professional_services,2010-12-22,73609066.0,10:02:15,357.75,zz_not_yet_tagged,,,,
CUS.AX,COPPER SEARCH LIMITED,materials,2021-09-15,3756313.0,10:02:15,357.75,zz_not_yet_tagged,,,,
CUV.AX,CLINUVEL PHARMACEUTICALS LIMITED,pharmaceuticals_biotechnology_and_life_sciences,2001-02-13,608237262.0,10:02:15,357.75,zz_not_yet_tagged,,,,
CV1.AX,CV CHECK LTD,software_and_services,2015-09-08,52107884.0,10:02:15,357.75,zz_not_yet_tagged,,,,
CVB.AX,CURVEBEAM AI LIMITED,health_care_equipment_and_services,2023-08-23,50669748.0,10:02:15,357.75,zz_not_yet_tagged,,,,
CVC.AX,CVC LIMITED,financial_services,1985-06-27,268263504.0,10:02:15,357.75,zz_not_yet_tagged,,,,
CVL.AX,CIVMEC LIMITED,capital_goods,2018-06-22,689055440.0,10:02:15,357.75,zz_not_yet_tagged,,,,
CVN.AX,CARNARVON ENERGY LIMITED,energy,1984-08-16,277308467.0,10:02:15,357.75,zz_not_yet_tagged,,,,
CVR.AX,CAVALIER RESOURCES LIMITED,materials,2022-06-17,6651855.0,10:02:15,357.75,zz_not_yet_tagged,,,,
CVS.AX,CERVANTES CORPORATION LIMITED,materials,2002-11-06,13986112.0,10:02:15,357.75,zz_not_yet_tagged,,,,
CVV.AX,CARAVEL MINERALS LIMITED,materials,2006-11-03,108703182.0,10:02:15,357.75,zz_not_yet_tagged,,,,
CVW.AX,CLEARVIEW WEALTH LIMITED,insurance,2003-12-11,240065130.0,10:02:15,357.75,zz_not_yet_tagged,,,,
CWL.AX,CONSOLIDATED FINANCIAL HOLDINGS LIMITED,software_and_services,2007-10-23,0.0,10:02:15,357.75,zz_not_yet_tagged,,,,
CWN.AX,CROWN RESORTS LIMITED,zz_industry_group,2000-01-01,0.0,10:02:15,357.75,zz_not_yet_tagged,downloaded,,,
CWP.AX,CEDAR WOODS PROPERTIES LIMITED,real_estate_management_and_development,1994-08-31,445557359.0,10:02:15,357.75,zz_not_yet_tagged,,,,
CWX.AX,CARAWINE RESOURCES LIMITED,materials,2017-12-14,22904169.0,10:02:15,357.75,zz_not_yet_tagged,,,,
CWY.AX,CLEANAWAY WASTE MANAGEMENT LIMITED,commercial_and_professional_services,2005-05-03,6001489527.0,10:02:15,357.75,zz_not_yet_tagged,,,,
CXL.AX,CALIX LIMITED,materials,2018-07-20,157450604.0,10:02:15,357.75,zz_not_yet_tagged,,,,
CXM.AX,CENTREX LIMITED,materials,2006-07-19,14739707.0,10:02:15,357.75,zz_not_yet_tagged,,,,
CXO.AX,CORE LITHIUM LTD,materials,2011-02-11,177870290.0,10:02:15,357.75,zz_not_yet_tagged,,,,
CXU.AX,CAULDRON ENERGY LIMITED,energy,2005-01-28,17536855.0,10:02:15,357.75,zz_not_yet_tagged,,,,
CXX.AX,CRADLE RESOURCES LIMITED,materials,2011-09-16,0.0,10:02:15,357.75,zz_not_yet_tagged,,,,
CXZ.AX,CONNEXION MOBILITY LTD,software_and_services,1974-01-01,21797027.0,10:02:15,357.75,zz_not_yet_tagged,,,,
CY5.AX,CYGNUS METALS LIMITED,materials,2018-01-15,49935586.0,10:02:15,357.75,zz_not_yet_tagged,,,,
CYB.AX,AUCYBER LIMITED,software_and_services,2020-12-14,17991970.0,10:02:15,357.75,zz_not_yet_tagged,,,,
CYC.AX,CYCLOPHARM LIMITED,health_care_equipment_and_services,2007-01-18,180041697.0,10:02:15,357.75,zz_not_yet_tagged,,,,
CYG.AX,COVENTRY GROUP LIMITED,capital_goods,1966-01-27,150903502.0,10:02:15,357.75,zz_not_yet_tagged,,,,
CYL.AX,CATALYST METALS LIMITED,materials,2006-07-26,601116227.0,10:02:15,357.75,zz_not_yet_tagged,,,,
CYM.AX,CYPRIUM METALS LIMITED,materials,1985-04-26,38149058.0,10:02:15,357.75,zz_not_yet_tagged,,,,
CYP.AX,CYNATA THERAPEUTICS LIMITED,pharmaceuticals_biotechnology_and_life_sciences,2007-12-20,41670457.0,10:02:15,357.75,zz_not_yet_tagged,,,,
CYQ.AX,CYCLIQ GROUP LTD,consumer_durables_and_apparel,2007-11-21,1381550.0,10:02:15,357.75,zz_not_yet_tagged,,,,
CZL.AX,CONSOLIDATED ZINC LIMITED,materials,2006-06-19,7717725.0,10:02:15,357.75,zz_not_yet_tagged,,,,
CZN.AX,CORAZON MINING LIMITED,materials,2005-06-30,2303717.0,10:02:15,357.75,zz_not_yet_tagged,,,,
CZNNA.AX,CORAZON MINING LIMITED,materials,2005-06-30,2303717.0,10:02:15,357.75,zz_not_yet_tagged,,,,
CZR.AX,CZR RESOURCES LTD,materials,2006-08-29,46163256.0,10:02:15,357.75,zz_not_yet_tagged,,,,
D2O.AX,DUXTON WATER LIMITED,utilities,2016-09-16,205814794.0,10:02:15,357.75,zz_not_yet_tagged,,,,
D3E.AX,D3 ENERGY LIMITED,energy,2024-05-13,10871551.0,10:02:15,357.75,zz_not_yet_tagged,,,,
DAF.AX,DISCOVERY ALASKA LIMITED,materials,2011-09-22,3279286.0,10:02:15,357.75,zz_not_yet_tagged,,,,
DAL.AX,DALAROO METALS LTD,materials,2021-09-28,4470750.0,10:02:15,357.75,zz_not_yet_tagged,,,,
DBF.AX,DUXTON FARMS LTD,food_beverage_and_tobacco,2018-02-08,57208690.0,10:02:15,357.75,zz_not_yet_tagged,,,,
DBI.AX,DALRYMPLE BAY INFRASTRUCTURE LIMITED,transportation,2020-12-08,1685589668.0,10:02:15,357.75,zz_not_yet_tagged,,,,
DBO.AX,DIABLO RESOURCES LIMITED,materials,2021-10-12,1752214.0,10:02:15,357.75,zz_not_yet_tagged,,,,
DC2.AX,DC TWO LIMITED,software_and_services,2020-11-10,2932537.0,10:02:15,357.75,zz_not_yet_tagged,,,,
DCC.AX,DIGITALX LIMITED,software_and_services,1989-02-06,46785818.0,10:02:15,357.75,zz_not_yet_tagged,,,,
DCG.AX,DECMIL GROUP LIMITED,capital_goods,2005-04-22,30339301.0,10:02:15,357.75,zz_not_yet_tagged,,,,
DCL.AX,DOMACOM LIMITED,financial_services,2016-11-07,0.0,10:02:15,357.75,zz_not_yet_tagged,,,,
DCN.AX,DACIAN GOLD LIMITED,materials,2012-11-14,94910473.0,10:02:15,357.75,zz_not_yet_tagged,,,,
DCX.AX,DISCOVEX RESOURCES LIMITED,materials,2007-12-13,6605136.0,10:02:15,357.75,zz_not_yet_tagged,,,,
DDB.AX,DYNAMIC GROUP HOLDINGS LIMITED,capital_goods,2020-08-06,39365770.0,10:02:15,357.75,zz_not_yet_tagged,,,,
DDD.AX,3D RESOURCES LIMITED,materials,2007-03-21,8863744.0,10:02:15,357.75,zz_not_yet_tagged,,,,
DDH.AX,DDH1 LIMITED,materials,2021-03-09,357192025.0,10:02:15,357.75,zz_not_yet_tagged,,,,
DDR.AX,DICKER DATA LIMITED,technology_hardware_and_equipment,2011-01-24,1540097181.0,10:02:15,357.75,zz_not_yet_tagged,,,,
DDT.AX,DATADOT TECHNOLOGY LIMITED,automobiles_and_components,2005-01-12,6054764.0,10:02:15,357.75,zz_not_yet_tagged,,,,
DEG.AX,DE GREY MINING LIMITED,materials,2002-07-03,4493920322.0,10:02:15,357.75,zz_not_yet_tagged,,,,
DEL.AX,DELOREAN CORPORATION LIMITED,utilities,2021-04-12,39650068.0,10:02:15,357.75,zz_not_yet_tagged,,,,
DEM.AX,DE.MEM LIMITED,utilities,2017-04-07,32207271.0,10:02:15,357.75,zz_not_yet_tagged,,,,
DES.AX,DESOTO RESOURCES LIMITED,materials,2022-12-16,6943950.0,10:02:15,357.75,zz_not_yet_tagged,,,,
DEV.AX,DEVEX RESOURCES LIMITED,energy,2000-10-03,40193851.0,10:02:15,357.75,zz_not_yet_tagged,,,,
DEX.AX,DUKE EXPLORATION LIMITED,materials,2020-11-10,0.0,10:02:15,357.75,zz_not_yet_tagged,,,,
DGH.AX,DESANE GROUP HOLDINGS LIMITED,real_estate_management_and_development,1987-09-04,35182591.0,10:02:15,357.75,zz_not_yet_tagged,,,,
DGL.AX,DGL GROUP LIMITED,materials,2021-05-24,185396420.0,10:02:15,357.75,zz_not_yet_tagged,,,,
DGO.AX,DGO GOLD LIMITED,materials,2007-12-21,249161399.0,10:02:15,357.75,zz_not_yet_tagged,,,,
DGR.AX,DGR GLOBAL LIMITED,materials,2003-08-21,11480656.0,10:02:15,357.75,zz_not_yet_tagged,,,,
DGT.AX,DIGICO INFRASTRUCTURE REIT,class_pend,2024-12-13,2361249918.0,10:02:15,357.75,zz_not_yet_tagged,,,,
DHG.AX,DOMAIN HOLDINGS AUSTRALIA LIMITED.,media_and_entertainment,2017-11-16,1617042312.0,10:02:15,357.75,zz_not_yet_tagged,,,,
DJW.AX,DJERRIWARRH INVESTMENTS LIMITED,not_applic,1995-06-28,830707123.0,10:02:15,357.75,zz_not_yet_tagged,,,,
DKM.AX,DUKETON MINING LIMITED,materials,2014-08-04,12853216.0,10:02:15,357.75,zz_not_yet_tagged,,,,
DLC.AX,DELECTA LIMITED,retailing,1987-01-15,0.0,10:02:15,357.75,zz_not_yet_tagged,,,,
DLI.AX,DELTA LITHIUM LIMITED,materials,2017-11-03,121812105.0,10:02:15,357.75,zz_not_yet_tagged,,,,
DLM.AX,DOMINION MINERALS LIMITED,pharmaceuticals_biotechnology_and_life_sciences,2004-03-19,0.0,10:02:15,357.75,zz_not_yet_tagged,,,,
DLT.AX,DELTA DRONE INTERNATIONAL LIMITED,technology_hardware_and_equipment,2018-06-18,5627654.0,10:02:15,357.75,zz_not_yet_tagged,,,,
DM1.AX,DESERT METALS LIMITED,materials,2020-12-18,6104791.0,10:02:15,357.75,zz_not_yet_tagged,,,,
DMC.AX,DESIGN MILK CO LIMITED,media_and_entertainment,1997-03-24,0.0,10:02:15,357.75,zz_not_yet_tagged,,,,
DME.AX,DOME GOLD MINES LIMITED,materials,2013-10-22,77885732.0,10:02:15,357.75,zz_not_yet_tagged,,,,
DMG.AX,DRAGON MOUNTAIN GOLD LIMITED,materials,2007-07-31,1973358.0,10:02:15,357.75,zz_not_yet_tagged,,,,
DMM.AX,DMC MINING LIMITED.,materials,2021-12-22,0.0,10:02:15,357.75,zz_not_yet_tagged,,,,
DMP.AX,DOMINO'S PIZZA ENTERPRISES LIMITED,consumer_services,2005-05-16,2744379759.0,10:02:15,357.75,zz_not_yet_tagged,downloaded,,,
DNA.AX,DONACO INTERNATIONAL LIMITED,consumer_services,2004-12-23,35826292.0,10:02:15,357.75,zz_not_yet_tagged,downloaded,,,
DNK.AX,DANAKALI LIMITED,materials,2003-10-17,0.0,10:02:15,357.75,zz_not_yet_tagged,,,,
DOC.AX,DOCTOR CARE ANYWHERE GROUP PLC,health_care_equipment_and_services,2020-12-04,25488558.0,10:02:15,357.75,zz_not_yet_tagged,,,,
DOR.AX,DORIEMUS PLC,energy,2017-09-29,0.0,10:02:15,357.75,zz_not_yet_tagged,,,,
DOU.AX,DOUUGH LIMITED,telecommunication_services,2004-06-04,9458047.0,10:02:15,357.75,zz_not_yet_tagged,,,,
DOW.AX,DOWNER EDI LIMITED,commercial_and_professional_services,1990-12-20,3599634919.0,10:02:15,357.75,zz_not_yet_tagged,,,,
DRA.AX,DRA GLOBAL LIMITED,capital_goods,2021-07-09,107106278.0,10:02:15,357.75,zz_not_yet_tagged,,,,
DRE.AX,DREADNOUGHT RESOURCES LTD,materials,2006-10-31,37678000.0,10:02:15,357.75,zz_not_yet_tagged,,,,
DRF.AX,DRAGONFLY BIOSCIENCES LIMITED,household_and_personal_products,2000-01-01,0.0,10:02:15,357.75,zz_not_yet_tagged,,,,
DRM.AX,DEMETALLICA LIMITED,materials,2022-05-26,23966631.0,10:02:15,357.75,zz_not_yet_tagged,,,,
DRO.AX,DRONESHIELD LIMITED,capital_goods,2016-06-22,536350823.0,10:02:15,357.75,zz_not_yet_tagged,,,,
DRR.AX,DETERRA ROYALTIES LIMITED,materials,2020-10-23,2035918666.0,10:02:15,357.75,zz_not_yet_tagged,,,,
DRX.AX,DIATREME RESOURCES LIMITED,materials,2005-06-22,120198764.0,10:02:15,357.75,zz_not_yet_tagged,,,,
DSE.AX,DROPSUITE LIMITED,software_and_services,1985-12-12,317572456.0,10:02:15,357.75,zz_not_yet_tagged,,,,
DSK.AX,DUSK GROUP LIMITED,consumer_discretionary_distribution_and_retail,2020-11-02,74098759.0,10:02:15,357.75,zz_not_yet_tagged,,,,
DTC.AX,DAMSTRA HOLDINGS LIMITED,software_and_services,2019-10-16,59490118.0,10:02:15,357.75,zz_not_yet_tagged,,,,
DTI.AX,DTI GROUP LTD,technology_hardware_and_equipment,2014-12-09,5831168.0,10:02:15,357.75,zz_not_yet_tagged,,,,
DTL.AX,DATA#3 LIMITED,software_and_services,1997-12-23,1149419831.0,10:02:15,357.75,zz_not_yet_tagged,,,,
DTM.AX,DART MINING NL,materials,2007-05-10,6578611.0,10:02:15,357.75,zz_not_yet_tagged,,,,
DTR.AX,DATELINE RESOURCES LIMITED,materials,2011-06-23,7548781.0,10:02:15,357.75,zz_not_yet_tagged,,,,
DTZ.AX,DOTZ NANO LIMITED,technology_hardware_and_equipment,2007-12-13,60207507.0,10:02:15,357.75,zz_not_yet_tagged,,,,
DUB.AX,DUBBER CORPORATION LIMITED,software_and_services,2000-06-30,64877331.0,10:02:15,357.75,zz_not_yet_tagged,,,,
DUG.AX,DUG TECHNOLOGY LTD,software_and_services,2020-08-12,187847353.0,10:02:15,357.75,zz_not_yet_tagged,,,,
DUI.AX,DIVERSIFIED UNITED INVESTMENT LIMITED,not_applic,1991-12-19,1152001660.0,10:02:15,357.75,zz_not_yet_tagged,,,,
DUN.AX,DUNDAS MINERALS LIMITED,materials,2021-11-10,3645424.0,10:02:15,357.75,zz_not_yet_tagged,,,,
DUR.AX,DURATEC LIMITED,capital_goods,2020-11-04,365460339.0,10:02:15,357.75,zz_not_yet_tagged,,,,
DVL.AX,DORSAVI LTD,pharmaceuticals_biotechnology_and_life_sciences,2013-12-11,8774855.0,10:02:15,357.75,zz_not_yet_tagged,,,,
DVLN.AX,DORSAVI LTD,pharmaceuticals_biotechnology_and_life_sciences,2013-12-11,5154345.0,10:02:15,357.75,zz_not_yet_tagged,,,,
DVP.AX,DEVELOP GLOBAL LIMITED,materials,2007-04-27,600248498.0,10:02:15,357.75,zz_not_yet_tagged,,,,
DVR.AX,DIVERGER LIMITED,financial_services,2005-08-02,0.0,10:02:15,357.75,zz_not_yet_tagged,,,,
DW8.AX,DW8 LIMITED,retailing,2001-04-04,21162578.0,10:02:15,357.75,zz_not_yet_tagged,,,,
DXB.AX,DIMERIX LIMITED,pharmaceuticals_biotechnology_and_life_sciences,1993-02-04,189663418.0,10:02:15,357.75,zz_not_yet_tagged,,,,
DXC.AX,DEXUS CONVENIENCE RETAIL REIT,equity_real_estate_investment_trusts_(reits),2017-07-27,396738901.0,10:02:15,357.75,zz_not_yet_tagged,,,,
DXI.AX,DEXUS INDUSTRIA REIT.,equity_real_estate_investment_trusts_(reits),2013-12-03,815383671.0,10:02:15,357.75,zz_not_yet_tagged,,,,
DXN.AX,DXN LIMITED,software_and_services,2018-04-11,15945550.0,10:02:15,357.75,zz_not_yet_tagged,,,,
DXS.AX,DEXUS,equity_real_estate_investment_trusts_(reits),2004-10-06,7249309758.0,10:02:15,357.75,zz_not_yet_tagged,,,,
DY6.AX,DY6 METALS LTD,class_pend,2023-06-29,2632500.0,10:02:15,357.75,zz_not_yet_tagged,,,,
DYL.AX,DEEP YELLOW LIMITED,energy,1985-12-19,1192782569.0,10:02:15,357.75,zz_not_yet_tagged,,,,
DYLNC.AX,DEEP YELLOW LIMITED,energy,1985-12-19,0.0,10:02:15,357.75,zz_not_yet_tagged,,,,
DYLND.AX,DEEP YELLOW LIMITED,energy,1985-12-19,294404791.0,10:02:15,357.75,zz_not_yet_tagged,,,,
DYM.AX,DYNAMIC METALS LIMITED,materials,2023-01-16,13225950.0,10:02:15,357.75,zz_not_yet_tagged,,,,
E25.AX,ELEMENT 25 LIMITED,materials,2006-11-09,56077662.0,10:02:15,357.75,zz_not_yet_tagged,,,,
E2E.AX,EON NRG LIMITED,energy,2011-01-21,0.0,10:02:15,357.75,zz_not_yet_tagged,,,,
E2M.AX,E2 METALS LIMITED,materials,2017-04-19,29869848.0,10:02:15,357.75,zz_not_yet_tagged,,,,
E33.AX,EAST 33 LIMITED..,food_beverage_and_tobacco,2021-07-29,12353040.0,10:02:15,357.75,zz_not_yet_tagged,,,,
E79.AX,E79 GOLD MINES LIMITED,materials,2021-10-07,1941090.0,10:02:15,357.75,zz_not_yet_tagged,,,,
EAI.AX,ELLERSTON ASIAN INVESTMENTS LIMITED,not_applic,2015-09-15,99955289.0,10:02:15,357.75,zz_not_yet_tagged,,,,
EAS.AX,EASTON INVESTMENTS LIMITED,diversified_financials,2005-08-02,39117316.0,10:02:15,357.75,zz_not_yet_tagged,,,,
EAT.AX,ENTERTAINMENT REWARDS LTD,media_and_entertainment,2014-09-09,6543930.0,10:02:15,357.75,zz_not_yet_tagged,,,,
EAX.AX,ENERGY ACTION LIMITED,commercial_and_professional_services,2011-10-13,12474061.0,10:02:15,357.75,zz_not_yet_tagged,,,,
EBG.AX,EUMUNDI GROUP LIMITED,consumer_services,1989-12-07,83609854.0,10:02:15,357.75,zz_not_yet_tagged,downloaded,,,
EBO.AX,EBOS GROUP LIMITED,health_care_equipment_and_services,2013-12-06,6535403102.0,10:02:15,357.75,zz_not_yet_tagged,,,,
EBR.AX,EBR SYSTEMS INC.,health_care_equipment_and_services,2021-11-24,322705794.0,10:02:15,357.75,zz_not_yet_tagged,,,,
ECF.AX,ELANOR COMMERCIAL PROPERTY FUND,equity_real_estate_investment_trusts_(reits),2019-12-06,250306430.0,10:02:15,357.75,zz_not_yet_tagged,,,,
ECG.AX,ECARGO HOLDINGS LIMITED,commercial_and_professional_services,2014-11-28,17227000.0,10:02:15,357.75,zz_not_yet_tagged,,,,
ECH.AX,ECHELON RESOURCES LIMITED,energy,2020-09-25,76143285.0,10:02:15,357.75,zz_not_yet_tagged,,,,
ECL.AX,EXCELSIOR CAPITAL LTD,capital_goods,1993-04-22,90172799.0,10:02:15,357.75,zz_not_yet_tagged,,,,
ECP.AX,ECP EMERGING GROWTH LIMITED,not_applic,2014-08-14,28099224.0,10:02:15,357.75,zz_not_yet_tagged,,,,
ECS.AX,ECS BOTANICS HOLDINGS LTD,pharmaceuticals_biotechnology_and_life_sciences,1986-03-13,21905343.0,10:02:15,357.75,zz_not_yet_tagged,,,,
ECT.AX,ENVIRONMENTAL CLEAN TECHNOLOGIES LIMITED.,commercial_and_professional_services,1986-02-05,0.0,10:02:15,357.75,zz_not_yet_tagged,,,,
ECX.AX,ECLIPX GROUP LIMITED,financial_services,2015-04-22,551158405.0,10:02:15,357.75,zz_not_yet_tagged,,,,
EDC.AX,EILDON CAPITAL GROUP,financial_services,2017-02-28,45003748.0,10:02:15,357.75,zz_not_yet_tagged,,,,
EDE.AX,EDEN INNOVATIONS LTD,energy,2006-06-06,8219752.0,10:02:15,357.75,zz_not_yet_tagged,,,,
EDU.AX,EDU HOLDINGS LIMITED,consumer_services,2004-06-25,13549807.0,10:02:15,357.75,zz_not_yet_tagged,,,,
EDV.AX,ENDEAVOUR GROUP LIMITED,consumer_staples_distribution_and_retail,2021-06-24,7611665072.0,10:02:15,357.75,zz_not_yet_tagged,,,,
EE1.AX,EARTHS ENERGY LIMITED,materials,2011-09-16,8253570.0,10:02:15,357.75,zz_not_yet_tagged,,,,
EEG.AX,EMPIRE ENERGY GROUP LIMITED,energy,1984-08-30,198374128.0,10:02:15,357.75,zz_not_yet_tagged,,,,
EEL.AX,ENRG ELEMENTS LTD,materials,2011-07-01,3253779.0,10:02:15,357.75,zz_not_yet_tagged,,,,
EER.AX,EAST ENERGY RESOURCES LIMITED,energy,2007-12-19,0.0,10:02:15,357.75,zz_not_yet_tagged,,,,
EFE.AX,EASTERN RESOURCES LIMITED,materials,2008-05-16,4413148.0,10:02:15,357.75,zz_not_yet_tagged,,,,
EG1.AX,EVERGREEN LITHIUM LIMITED,materials,2023-04-11,12675481.0,10:02:15,357.75,zz_not_yet_tagged,,,,
EGG.AX,ENERO GROUP LIMITED,media_and_entertainment,2004-04-30,99808633.0,10:02:15,357.75,zz_not_yet_tagged,,,,
EGH.AX,EUREKA GROUP HOLDINGS LIMITED,real_estate_management_and_development,2004-07-01,250265318.0,10:02:15,357.75,zz_not_yet_tagged,,,,
EGL.AX,ENVIRONMENTAL GROUP LIMITED (THE),capital_goods,1981-02-12,108441872.0,10:02:15,357.75,zz_not_yet_tagged,,,,
EGN.AX,ENGENCO LIMITED,capital_goods,2006-12-14,58458678.0,10:02:15,357.75,zz_not_yet_tagged,,,,
EGR.AX,ECOGRAF LIMITED,materials,2010-10-29,39509468.0,10:02:15,357.75,zz_not_yet_tagged,,,,
EGY.AX,ENERGY TECHNOLOGIES LIMITED,capital_goods,1992-10-22,13531622.0,10:02:15,357.75,zz_not_yet_tagged,,,,
EHE.AX,ESTIA HEALTH LIMITED,health_care_equipment_and_services,2014-12-05,656237026.0,10:02:15,357.75,zz_not_yet_tagged,,,,
EHL.AX,EMECO HOLDINGS LIMITED,capital_goods,2006-07-28,476904776.0,10:02:15,357.75,zz_not_yet_tagged,,,,
EIQ.AX,ECHOIQ LIMITED,software_and_services,2010-12-17,132417235.0,10:02:15,357.75,zz_not_yet_tagged,,,,
EL8.AX,ELEVATE URANIUM LTD,energy,1985-10-23,95449636.0,10:02:15,357.75,zz_not_yet_tagged,,,,
ELD.AX,ELDERS LIMITED,food_beverage_and_tobacco,1981-06-30,1410647867.0,10:02:15,357.75,zz_not_yet_tagged,,,,
ELE.AX,ELMORE LTD,materials,1998-02-25,0.0,10:02:15,357.75,zz_not_yet_tagged,,,,
ELO.AX,ELMO SOFTWARE LIMITED,software_and_services,2017-06-29,262461604.0,10:02:15,357.75,zz_not_yet_tagged,,,,
ELS.AX,ELSIGHT LIMITED,technology_hardware_and_equipment,2017-06-08,58374164.0,10:02:15,357.75,zz_not_yet_tagged,,,,
ELT.AX,ELEMENTOS LIMITED,materials,2009-12-23,16765361.0,10:02:15,357.75,zz_not_yet_tagged,,,,
ELTDA.AX,ELEMENTOS LIMITED,materials,2009-12-23,0.0,10:02:15,357.75,zz_not_yet_tagged,,,,
EM1.AX,EMERGE GAMING LIMITED,media_and_entertainment,1971-06-09,14576053.0,10:02:15,357.75,zz_not_yet_tagged,,,,
EM2.AX,EAGLE MOUNTAIN MINING LIMITED,materials,2018-03-16,4407236.0,10:02:15,357.75,zz_not_yet_tagged,,,,
EMB.AX,EMBELTON LIMITED,capital_goods,1974-01-01,18190735.0,10:02:15,357.75,zz_not_yet_tagged,,,,
EMC.AX,EVEREST METALS CORPORATION LTD,materials,2006-10-18,30210818.0,10:02:15,357.75,zz_not_yet_tagged,,,,
EMD.AX,EMYRIA LIMITED,health_care_equipment_and_services,2020-02-12,16120629.0,10:02:15,357.75,zz_not_yet_tagged,,,,
EME.AX,ENERGY METALS LTD,energy,2005-09-09,18871498.0,10:02:15,357.75,zz_not_yet_tagged,,,,
EMH.AX,EUROPEAN METALS HOLDINGS LIMITED,materials,2012-07-19,32153929.0,10:02:15,357.75,zz_not_yet_tagged,,,,
EML.AX,EML PAYMENTS LIMITED,financial_services,2006-01-18,357330049.0,10:02:15,357.75,zz_not_yet_tagged,,,,
EMN.AX,EURO MANGANESE INC,materials,2018-10-02,16106769.0,10:02:15,357.75,zz_not_yet_tagged,,,,
EMP.AX,EMPEROR ENERGY LIMITED,energy,1987-06-05,14500012.0,10:02:15,357.75,zz_not_yet_tagged,,,,
EMR.AX,EMERALD RESOURCES NL,materials,1994-07-22,2365363462.0,10:02:15,357.75,zz_not_yet_tagged,,,,
EMS.AX,EASTERN METALS LIMITED,materials,2021-10-25,1136762.0,10:02:15,357.75,zz_not_yet_tagged,,,,
EMT.AX,EMETALS LIMITED,not_applic,2010-10-26,4250000.0,10:02:15,357.75,zz_not_yet_tagged,,,,
EMU.AX,EMU NL,materials,2008-02-27,5194238.0,10:02:15,357.75,zz_not_yet_tagged,,,,
EMUCA.AX,EMU NL,materials,2008-02-27,5194238.0,10:02:15,357.75,zz_not_yet_tagged,,,,
EMV.AX,EMVISION MEDICAL DEVICES LTD,health_care_equipment_and_services,2018-12-13,156067676.0,10:02:15,357.75,zz_not_yet_tagged,,,,
EN1.AX,ENGAGE:BDR LIMITED,media_and_entertainment,2017-12-14,3865578.0,10:02:15,357.75,zz_not_yet_tagged,,,,
EN1DA.AX,ENGAGE:BDR LIMITED,media_and_entertainment,2017-12-14,0.0,10:02:15,357.75,zz_not_yet_tagged,,,,
ENA.AX,ENSURANCE LTD,insurance,2011-09-23,18513537.0,10:02:15,357.75,zz_not_yet_tagged,,,,
ENL.AX,ENLITIC INC.,health_care_equipment_and_services,2023-12-19,36837396.0,10:02:15,357.75,zz_not_yet_tagged,,,,
ENN.AX,ELANOR INVESTORS GROUP,consumer_services,2014-07-11,0.0,10:02:15,357.75,zz_not_yet_tagged,downloaded,,,
ENR.AX,ENCOUNTER RESOURCES LIMITED,materials,2006-03-24,169025966.0,10:02:15,357.75,zz_not_yet_tagged,,,,
ENT.AX,ENTERPRISE METALS LIMITED,materials,2007-06-20,4713269.0,10:02:15,357.75,zz_not_yet_tagged,,,,
ENV.AX,ENOVA MINING LIMITED,materials,2007-04-13,5909576.0,10:02:15,357.75,zz_not_yet_tagged,,,,
ENX.AX,ENEGEX LIMITED,materials,2013-10-08,5713831.0,10:02:15,357.75,zz_not_yet_tagged,,,,
EOF.AX,ECOFIBRE LIMITED,pharmaceuticals_biotechnology_and_life_sciences,2019-03-29,9471848.0,10:02:15,357.75,zz_not_yet_tagged,,,,
EOL.AX,ENERGY ONE LIMITED,software_and_services,2007-01-15,203320790.0,10:02:15,357.75,zz_not_yet_tagged,,,,
EOS.AX,ELECTRO OPTIC SYSTEMS HOLDINGS LIMITED,capital_goods,2000-10-23,202599704.0,10:02:15,357.75,zz_not_yet_tagged,,,,
EP1.AX,E&P FINANCIAL GROUP LIMITED,financial_services,2018-05-14,118840045.0,10:02:15,357.75,zz_not_yet_tagged,,,,
EPD.AX,EMPIRED LTD,software_and_services,2007-10-19,0.0,10:02:15,357.75,zz_not_yet_tagged,,,,
EPM.AX,ECLIPSE METALS LIMITED.,energy,2011-02-17,13727133.0,10:02:15,357.75,zz_not_yet_tagged,,,,
EPN.AX,EPSILON HEALTHCARE LIMITED,pharmaceuticals_biotechnology_and_life_sciences,2017-05-04,0.0,10:02:15,357.75,zz_not_yet_tagged,,,,
EPX.AX,EP&T GLOBAL LIMITED,software_and_services,2021-05-12,12139848.0,10:02:15,357.75,zz_not_yet_tagged,,,,
EPY.AX,EARLYPAY LTD,financial_services,2010-02-23,55802864.0,10:02:15,357.75,zz_not_yet_tagged,,,,
EQE.AX,EQUUS MINING LIMITED,materials,1995-12-12,0.0,10:02:15,357.75,zz_not_yet_tagged,,,,
EQEDA.AX,EQUUS MINING LIMITED,materials,1995-12-12,0.0,10:02:15,357.75,zz_not_yet_tagged,,,,
EQN.AX,EQUINOX RESOURCES LIMITED.,materials,2021-10-13,11765750.0,10:02:15,357.75,zz_not_yet_tagged,,,,
EQR.AX,EQ RESOURCES LIMITED,materials,2006-06-06,91738830.0,10:02:15,357.75,zz_not_yet_tagged,,,,
EQS.AX,EQUITY STORY GROUP LTD,financial_services,2022-05-03,3405606.0,10:02:15,357.75,zz_not_yet_tagged,,,,
EQT.AX,EQT HOLDINGS LIMITED,financial_services,1985-08-06,835687724.0,10:02:15,357.75,zz_not_yet_tagged,,,,
EQX.AX,EQUATORIAL RESOURCES LIMITED,materials,1987-05-14,14458989.0,10:02:15,357.75,zz_not_yet_tagged,,,,
ERA.AX,ENERGY RESOURCES OF AUSTRALIA LIMITED,energy,1980-11-19,1216188722.0,10:02:15,357.75,zz_not_yet_tagged,,,,
ERD.AX,EROAD LIMITED,technology_hardware_and_equipment,2020-09-18,163764078.0,10:02:15,357.75,zz_not_yet_tagged,,,,
ERF.AX,ELANOR RETAIL PROPERTY FUND,real_estate,2016-11-09,143038252.0,10:02:15,357.75,zz_not_yet_tagged,,,,
ERG.AX,ENECO REFRESH LTD,food_beverage_and_tobacco,2006-03-29,2995942.0,10:02:15,357.75,zz_not_yet_tagged,,,,
ERL.AX,EMPIRE RESOURCES LIMITED,materials,2007-02-01,4451740.0,10:02:15,357.75,zz_not_yet_tagged,,,,
ERM.AX,EMMERSON RESOURCES LIMITED,materials,2007-12-17,37584975.0,10:02:15,357.75,zz_not_yet_tagged,,,,
ERW.AX,ERRAWARRA RESOURCES LTD,materials,2020-12-14,5467478.0,10:02:15,357.75,zz_not_yet_tagged,,,,
ESH.AX,ESPORTS MOGUL LIMITED,media_and_entertainment,2011-10-19,12887976.0,10:02:15,357.75,zz_not_yet_tagged,,,,
ESK.AX,ETHERSTACK PLC,software_and_services,2012-09-07,25055088.0,10:02:15,357.75,zz_not_yet_tagged,,,,
ESR.AX,ESTRELLA RESOURCES LIMITED,materials,2012-05-09,36119732.0,10:02:15,357.75,zz_not_yet_tagged,,,,
ESS.AX,ESSENTIAL METALS LIMITED,materials,2003-12-04,129769847.0,10:02:15,357.75,zz_not_yet_tagged,,,,
ETM.AX,ENERGY TRANSITION MINERALS LTD,materials,2006-06-20,43669969.0,10:02:15,357.75,zz_not_yet_tagged,,,,
ETR.AX,ENTYR LIMITED,commercial_and_professional_services,2006-11-02,0.0,10:02:15,357.75,zz_not_yet_tagged,,,,
EUR.AX,EUROPEAN LITHIUM LIMITED,materials,2010-12-02,54916896.0,10:02:15,357.75,zz_not_yet_tagged,,,,
EV1.AX,EVOLUTION ENERGY MINERALS LIMITED,materials,2021-11-16,8653611.0,10:02:15,357.75,zz_not_yet_tagged,,,,
EVE.AX,EVE HEALTH GROUP LIMITED.,financial_services,2004-04-08,5274483.0,10:02:15,357.75,zz_not_yet_tagged,,,,
EVG.AX,EVION GROUP NL,materials,2018-01-19,9135240.0,10:02:15,357.75,zz_not_yet_tagged,,,,
EVN.AX,EVOLUTION MINING LIMITED,materials,2002-08-20,9827353136.0,10:02:15,357.75,zz_not_yet_tagged,,,,
EVO.AX,EMBARK EARLY EDUCATION LIMITED,consumer_services,2014-12-19,138528839.0,10:02:15,357.75,zz_not_yet_tagged,downloaded,,,
EVR.AX,EV RESOURCES LTD,materials,1994-12-07,3609007.0,10:02:15,357.75,zz_not_yet_tagged,,,,
EVS.AX,ENVIROSUITE LIMITED,software_and_services,2008-02-11,73474986.0,10:02:15,357.75,zz_not_yet_tagged,,,,
EVT.AX,EVT LIMITED,media_and_entertainment,1962-06-30,1873883526.0,10:02:15,357.75,zz_not_yet_tagged,,,,
EVZ.AX,EVZ LIMITED,capital_goods,1985-04-26,18206388.0,10:02:15,357.75,zz_not_yet_tagged,,,,
EWC.AX,ENERGY WORLD CORPORATION LTD,utilities,1988-12-08,52341661.0,10:02:15,357.75,zz_not_yet_tagged,,,,
EX1.AX,EXOPHARM LIMITED,pharmaceuticals_biotechnology_and_life_sciences,2018-12-18,0.0,10:02:15,357.75,zz_not_yet_tagged,,,,
EXL.AX,ELIXINOL WELLNESS LIMITED,household_and_personal_products,2018-01-08,9424675.0,10:02:15,357.75,zz_not_yet_tagged,,,,
EXO.AX,ENNOX GROUP LTD,diversified_financials,2007-05-18,0.0,10:02:15,357.75,zz_not_yet_tagged,,,,
EXP.AX,EXPERIENCE CO LIMITED,consumer_services,2015-03-27,87107600.0,10:02:15,357.75,zz_not_yet_tagged,downloaded,,,
EXR.AX,ELIXIR ENERGY LIMITED,energy,2004-07-19,53856486.0,10:02:15,357.75,zz_not_yet_tagged,,,,
EXT.AX,EXCITE TECHNOLOGY SERVICES LTD,software_and_services,2007-01-03,19409660.0,10:02:15,357.75,zz_not_yet_tagged,,,,
EYE.AX,NOVA EYE MEDICAL LIMITED,health_care_equipment_and_services,1987-10-12,32068507.0,10:02:15,357.75,zz_not_yet_tagged,,,,
EZL.AX,EUROZ HARTLEYS GROUP LIMITED,financial_services,1971-08-02,142571549.0,10:02:15,357.75,zz_not_yet_tagged,,,,
EZZ.AX,EZZ LIFE SCIENCE HOLDINGS LIMITED,consumer_discretionary_distribution_and_retail,2021-03-03,124065516.0,10:02:15,357.75,zz_not_yet_tagged,,,,
FAL.AX,FALCON METALS LTD,materials,2021-12-22,23010000.0,10:02:15,357.75,zz_not_yet_tagged,,,,
FAR.AX,FAR LIMITED,energy,1986-01-23,46204824.0,10:02:15,357.75,zz_not_yet_tagged,,,,
FAU.AX,FIRST AU LIMITED,materials,1970-01-01,4143987.0,10:02:15,357.75,zz_not_yet_tagged,,,,
FBM.AX,FUTURE BATTERY MINERALS LIMITED,materials,2011-09-01,11976407.0,10:02:15,357.75,zz_not_yet_tagged,,,,
FBR.AX,FBR LTD,capital_goods,2001-02-08,161915480.0,10:02:15,357.75,zz_not_yet_tagged,,,,
FBU.AX,FLETCHER BUILDING LIMITED,capital_goods,2001-03-26,2708741377.0,10:02:15,357.75,zz_not_yet_tagged,,,,
FCG.AX,FREEDOM CARE GROUP HOLDINGS LIMITED,health_care_equipment_and_services,2023-11-30,0.0,10:02:15,357.75,zz_not_yet_tagged,,,,
FCL.AX,FINEOS CORPORATION HOLDINGS PLC,software_and_services,2019-08-16,669872937.0,10:02:15,357.75,zz_not_yet_tagged,,,,
FCT.AX,FIRSTWAVE CLOUD TECHNOLOGY LIMITED,software_and_services,2011-05-11,37697411.0,10:02:15,357.75,zz_not_yet_tagged,,,,
FDR.AX,FINDER ENERGY HOLDINGS LIMITED,energy,2022-04-08,11940109.0,10:02:15,357.75,zz_not_yet_tagged,,,,
FDV.AX,FRONTIER DIGITAL VENTURES LIMITED,media_and_entertainment,2016-08-26,160424673.0,10:02:15,357.75,zz_not_yet_tagged,,,,
FE8.AX,FASTER ENTERPRISES LTD,real_estate,2016-11-21,0.0,10:02:15,357.75,zz_not_yet_tagged,,,,
FEG.AX,FAR EAST GOLD LTD,materials,2009-12-23,64801439.0,10:02:15,357.75,zz_not_yet_tagged,,,,
FEL.AX,FE LIMITED,materials,2005-10-13,27555596.0,10:02:15,357.75,zz_not_yet_tagged,,,,
FEX.AX,FENIX RESOURCES LTD,materials,2008-08-04,190963749.0,10:02:15,357.75,zz_not_yet_tagged,,,,
FFC.AX,FARMAFORCE LIMITED,health_care_equipment_and_services,2015-10-27,0.0,10:02:15,357.75,zz_not_yet_tagged,,,,
FFF.AX,FORBIDDEN FOODS LIMITED,food_beverage_and_tobacco,2020-08-31,4577788.0,10:02:15,357.75,zz_not_yet_tagged,,,,
FFG.AX,FATFISH GROUP LIMITED,financial_services,1995-11-23,17023303.0,10:02:15,357.75,zz_not_yet_tagged,,,,
FFI.AX,FFI HOLDINGS LIMITED,food_beverage_and_tobacco,1987-01-15,40351376.0,10:02:15,357.75,zz_not_yet_tagged,,,,
FFM.AX,FIREFLY METALS LTD,materials,2005-09-21,541273845.0,10:02:15,357.75,zz_not_yet_tagged,,,,
FFR.AX,FIREFLY RESOURCES LIMITED,zz_industry_group,2000-01-01,0.0,10:02:15,357.75,zz_not_yet_tagged,,,,
FFT.AX,zz_missing_company_name,commercial_and_professional_services,2013-12-02,0.0,10:02:15,357.75,zz_not_yet_tagged,,,,
FFX.AX,FIREFINCH LIMITED,materials,2006-12-06,0.0,10:02:15,357.75,zz_not_yet_tagged,,,,
FFXND.AX,FIREFINCH LIMITED,materials,2006-12-06,560254758.0,10:02:15,357.75,zz_not_yet_tagged,,,,
FG1.AX,FLYNN GOLD LIMITED,materials,2021-06-17,7316861.0,10:02:15,357.75,zz_not_yet_tagged,,,,
FGG.AX,FUTURE GENERATION GLOBAL LIMITED,not_applic,2015-09-10,556580950.0,10:02:15,357.75,zz_not_yet_tagged,,,,
FGH.AX,FORESTA GROUP HOLDINGS LIMITED,materials,1999-01-05,26291188.0,10:02:15,357.75,zz_not_yet_tagged,,,,
FGL.AX,FRUGL GROUP LIMITED,software_and_services,2004-08-10,7291817.0,10:02:15,357.75,zz_not_yet_tagged,,,,
FGO.AX,FARGO ENTERPRISES LIMITED,software_and_services,1986-07-03,0.0,10:02:15,357.75,zz_not_yet_tagged,,,,
FGR.AX,FIRST GRAPHENE LIMITED,materials,1994-08-08,17419727.0,10:02:15,357.75,zz_not_yet_tagged,,,,
FGX.AX,FUTURE GENERATION AUSTRALIA LIMITED,not_applic,1997-03-06,507304678.0,10:02:15,357.75,zz_not_yet_tagged,,,,
FHE.AX,FRONTIER ENERGY LIMITED,materials,2009-12-18,56656929.0,10:02:15,357.75,zz_not_yet_tagged,,,,
FHS.AX,FREEHILL MINING LIMITED.,materials,2017-01-16,15392639.0,10:02:15,357.75,zz_not_yet_tagged,,,,
FHSNA.AX,FREEHILL MINING LIMITED.,materials,2017-01-16,45490285.0,10:02:15,357.75,zz_not_yet_tagged,,,,
FID.AX,FIDUCIAN GROUP LIMITED,financial_services,2015-02-09,281095173.0,10:02:15,357.75,zz_not_yet_tagged,,,,
FIJ.AX,FIJI KAVA LIMITED,household_and_personal_products,2018-12-20,1538404.0,10:02:15,357.75,zz_not_yet_tagged,,,,
FIN.AX,FIN RESOURCES LIMITED,materials,1989-11-02,3246344.0,10:02:15,357.75,zz_not_yet_tagged,,,,
FL1.AX,FIRST LITHIUM LIMITED,materials,2000-02-21,10323992.0,10:02:15,357.75,zz_not_yet_tagged,,,,
FLC.AX,FLUENCE CORPORATION LIMITED,utilities,2007-12-18,81072481.0,10:02:15,357.75,zz_not_yet_tagged,,,,
FLN.AX,FREELANCER LIMITED,commercial_and_professional_services,2013-11-15,81164679.0,10:02:15,357.75,zz_not_yet_tagged,,,,
FLT.AX,FLIGHT CENTRE TRAVEL GROUP LIMITED,consumer_services,1995-12-01,3655444856.0,10:02:15,357.75,zz_not_yet_tagged,downloaded,,,
FLX.AX,FELIX GROUP HOLDINGS LTD,software_and_services,2021-01-12,44989937.0,10:02:15,357.75,zz_not_yet_tagged,,,,
FME.AX,FUTURE METALS NL,energy,2007-08-16,9200648.0,10:02:15,357.75,zz_not_yet_tagged,,,,
FMG.AX,FORTESCUE LTD,materials,1987-03-19,57699802563.0,10:02:15,357.75,zz_not_yet_tagged,downloaded,,,
FML.AX,FOCUS MINERALS LTD,materials,2000-09-13,50147763.0,10:02:15,357.75,zz_not_yet_tagged,,,,
FMR.AX,FMR RESOURCES LIMITED,media_and_entertainment,2010-11-30,3980605.0,10:02:15,357.75,zz_not_yet_tagged,,,,
FMS.AX,FLINDERS MINES LIMITED,materials,2002-02-20,75981860.0,10:02:15,357.75,zz_not_yet_tagged,,,,
FND.AX,FINDI LIMITED,software_and_services,2001-08-08,247470154.0,10:02:15,357.75,zz_not_yet_tagged,,,,
FNP.AX,FREEDOM FOODS GROUP LIMITED,food_beverage_and_tobacco,1985-11-07,113614821.0,10:02:15,357.75,zz_not_yet_tagged,,,,
FNR.AX,FAR NORTHERN RESOURCES LIMITED,materials,2024-04-12,10719170.0,10:02:15,357.75,zz_not_yet_tagged,,,,
FNT.AX,FRONTIER RESOURCES LIMITED,materials,2003-04-09,23459116.0,10:02:15,357.75,zz_not_yet_tagged,,,,
FNX.AX,FINEXIA FINANCIAL GROUP LIMITED,financial_services,2006-12-21,18068150.0,10:02:15,357.75,zz_not_yet_tagged,,,,
FOD.AX,THE FOOD REVOLUTION GROUP LIMITED,food_beverage_and_tobacco,2012-06-29,22722280.0,10:02:15,357.75,zz_not_yet_tagged,,,,
FODDB.AX,THE FOOD REVOLUTION GROUP LIMITED,food_beverage_and_tobacco,2012-06-29,0.0,10:02:15,357.75,zz_not_yet_tagged,,,,
FOR.AX,FORAGER AUSTRALIAN SHARES FUND,not_applic,2016-12-16,141289604.0,10:02:15,357.75,zz_not_yet_tagged,,,,
FOS.AX,FOS CAPITAL LTD,capital_goods,2021-06-07,19370210.0,10:02:15,357.75,zz_not_yet_tagged,,,,
FPC.AX,FAT PROPHETS GLOBAL CONTRARIAN FUND LTD,not_applic,2017-03-22,26770752.0,10:02:15,357.75,zz_not_yet_tagged,,,,
FPH.AX,FISHER & PAYKEL HEALTHCARE CORPORATION LIMITED,health_care_equipment_and_services,2001-11-21,20291644280.0,10:02:15,357.75,zz_not_yet_tagged,,,,
FPP.AX,FAT PROPHETS GLOBAL PROPERTY FUND,not_applic,2017-10-10,17044571.0,10:02:15,357.75,zz_not_yet_tagged,,,,
FPR.AX,FLEETPARTNERS GROUP LIMITED,financial_services,2015-03-27,720497698.0,10:02:15,357.75,zz_not_yet_tagged,,,,
FRB.AX,FIREBIRD METALS LIMITED,materials,2021-03-18,14947947.0,10:02:15,357.75,zz_not_yet_tagged,,,,
FRE.AX,FIREBRICK PHARMA LIMITED,pharmaceuticals_biotechnology_and_life_sciences,2022-01-28,11345859.0,10:02:15,357.75,zz_not_yet_tagged,,,,
FRI.AX,FINBAR GROUP LIMITED,real_estate_management_and_development,1994-08-05,217698514.0,10:02:15,357.75,zz_not_yet_tagged,,,,
FRM.AX,FARM PRIDE FOODS LIMITED,food_beverage_and_tobacco,1997-12-19,25012069.0,10:02:15,357.75,zz_not_yet_tagged,,,,
FRS.AX,FORRESTANIA RESOURCES LIMITED,materials,2021-09-30,3045342.0,10:02:15,357.75,zz_not_yet_tagged,,,,
FRW.AX,FREIGHTWAYS GROUP LIMITED,transportation,2023-09-14,1519709526.0,10:02:15,357.75,zz_not_yet_tagged,,,,
FRX.AX,FLEXIROAM LIMITED,telecommunication_services,2015-06-16,8642082.0,10:02:15,357.75,zz_not_yet_tagged,,,,
FSA.AX,FSA GROUP LIMITED,financial_services,2001-01-11,97076470.0,10:02:15,357.75,zz_not_yet_tagged,,,,
FSF.AX,FONTERRA SHAREHOLDERS' FUND,food_beverage_and_tobacco,2012-11-30,514498618.0,10:02:15,357.75,zz_not_yet_tagged,,,,
FSG.AX,FIELD SOLUTIONS HOLDINGS LIMITED,telecommunication_services,2005-04-26,17015780.0,10:02:15,357.75,zz_not_yet_tagged,,,,
FSI.AX,FLAGSHIP INVESTMENTS LIMITED,not_applic,2000-12-20,52748817.0,10:02:15,357.75,zz_not_yet_tagged,,,,
FTC.AX,FINTECH CHAIN LIMITED,financial_services,2012-11-27,3253848.0,10:02:15,357.75,zz_not_yet_tagged,,,,
FTL.AX,FIRETAIL RESOURCES LIMITED,materials,2022-04-13,28487326.0,10:02:15,357.75,zz_not_yet_tagged,,,,
FTT.AX,DOMINION MINERALS LIMITED,pharmaceuticals_biotechnology_and_life_sciences,2004-03-19,0.0,10:02:15,357.75,zz_not_yet_tagged,,,,
FTZ.AX,FERTOZ LIMITED,materials,2013-09-02,7707974.0,10:02:15,357.75,zz_not_yet_tagged,,,,
FUL.AX,FULCRUM LITHIUM LTD,materials,2024-11-22,22942501.0,10:02:15,357.75,zz_not_yet_tagged,,,,
FWD.AX,FLEETWOOD LIMITED,consumer_durables_and_apparel,1987-04-15,183468083.0,10:02:15,357.75,zz_not_yet_tagged,,,,
FXG.AX,FELIX GOLD LIMITED,materials,2022-01-31,29907679.0,10:02:15,357.75,zz_not_yet_tagged,,,,
FYI.AX,FYI RESOURCES LIMITED,materials,1994-01-20,25642231.0,10:02:15,357.75,zz_not_yet_tagged,,,,
FZO.AX,FAMILY ZONE CYBER SAFETY LIMITED,software_and_services,2016-08-29,175923887.0,10:02:15,357.75,zz_not_yet_tagged,,,,
FZR.AX,FITZROY RIVER CORPORATION LTD,energy,1998-03-04,14034053.0,10:02:15,357.75,zz_not_yet_tagged,,,,
G11.AX,G11 RESOURCES LIMITED,materials,2010-08-05,15465954.0,10:04:30,355.5,zz_not_yet_tagged,,,,
G1A.AX,GALENA MINING LIMITED,materials,2017-09-07,0.0,10:04:30,355.5,zz_not_yet_tagged,,,,
G50.AX,G50 CORP LIMITED,materials,2021-08-06,23882463.0,10:04:30,355.5,zz_not_yet_tagged,,,,
G6M.AX,GROUP 6 METALS LIMITED,materials,1967-09-21,0.0,10:04:30,355.5,zz_not_yet_tagged,,,,
G79.AX,GOLDOZ LIMITED,materials,2002-05-10,0.0,10:04:30,355.5,zz_not_yet_tagged,,,,
G88.AX,GOLDEN MILE RESOURCES LTD,materials,2017-06-19,4255406.0,10:04:30,355.5,zz_not_yet_tagged,,,,
G88N.AX,GOLDEN MILE RESOURCES LTD,materials,2017-06-19,3068846.0,10:04:30,355.5,zz_not_yet_tagged,,,,
GAL.AX,GALILEO MINING LTD,materials,2018-05-29,23714991.0,10:04:30,355.5,zz_not_yet_tagged,,,,
GAP.AX,GALE PACIFIC LIMITED,consumer_durables_and_apparel,2000-12-14,38341977.0,10:04:30,355.5,zz_not_yet_tagged,,,,
GAS.AX,STATE GAS LIMITED,energy,2017-10-10,17667039.0,10:04:30,355.5,zz_not_yet_tagged,,,,
GBE.AX,GLOBE METALS & MINING LIMITED,materials,2005-12-09,28480773.0,10:04:30,355.5,zz_not_yet_tagged,,,,
GBR.AX,GREAT BOULDER RESOURCES LIMITED,materials,2016-11-18,34918615.0,10:04:30,355.5,zz_not_yet_tagged,,,,
GBZ.AX,GBM RESOURCES LIMITED,materials,2007-10-24,9253511.0,10:04:30,355.5,zz_not_yet_tagged,,,,
GC1.AX,GLENNON SMALL COMPANIES LIMITED,not_applic,2015-08-21,23803647.0,10:04:30,355.5,zz_not_yet_tagged,,,,
GCI.AX,GRYPHON CAPITAL INCOME TRUST,not_applic,2018-05-25,864071950.0,10:04:30,355.5,zz_not_yet_tagged,,,,
GCM.AX,GREEN CRITICAL MINERALS LIMITED,materials,2007-11-15,11445320.0,10:04:30,355.5,zz_not_yet_tagged,,,,
GCR.AX,GOLDEN CROSS RESOURCES LTD,materials,1996-03-27,3291768.0,10:04:30,355.5,zz_not_yet_tagged,,,,
GCX.AX,GCX METALS LIMITED,energy,2012-12-20,9431148.0,10:04:30,355.5,zz_not_yet_tagged,,,,
GCY.AX,GASCOYNE RESOURCES LIMITED,materials,2009-12-11,60289449.0,10:04:30,355.5,zz_not_yet_tagged,,,,
GDA.AX,GOOD DRINKS AUSTRALIA LTD,food_beverage_and_tobacco,2006-12-13,38978846.0,10:04:30,355.5,zz_not_yet_tagged,,,,
GDADA.AX,GOOD DRINKS AUSTRALIA LTD,food_beverage_and_tobacco,2006-12-13,0.0,10:04:30,355.5,zz_not_yet_tagged,,,,
GDC.AX,GLOBAL DATA CENTRE GROUP,not_applic,2019-10-31,0.0,10:04:30,355.5,zz_not_yet_tagged,,,,
GDF.AX,GARDA PROPERTY GROUP,equity_real_estate_investment_trusts_(reits),2015-07-02,265582324.0,10:04:30,355.5,zz_not_yet_tagged,,,,
GDG.AX,GENERATION DEVELOPMENT GROUP LIMITED,insurance,2007-12-11,1149573277.0,10:04:30,355.5,zz_not_yet_tagged,,,,
GDI.AX,GDI PROPERTY GROUP,equity_real_estate_investment_trusts_(reits),2013-12-17,314405757.0,10:04:30,355.5,zz_not_yet_tagged,,,,
GDM.AX,GREAT DIVIDE MINING LTD,materials,2023-08-25,8844843.0,10:04:30,355.5,zz_not_yet_tagged,,,,
GED.AX,GOLDEN DEEPS LIMITED.,materials,1986-12-04,3939581.0,10:04:30,355.5,zz_not_yet_tagged,,,,
GEM.AX,G8 EDUCATION LIMITED,consumer_services,2007-12-05,1109023404.0,10:04:30,355.5,zz_not_yet_tagged,downloaded,,,
GEN.AX,GENMIN LIMITED,materials,2021-03-10,39882875.0,10:04:30,355.5,zz_not_yet_tagged,,,,
GES.AX,GENESIS RESOURCES LIMITED,materials,2009-10-27,5479889.0,10:04:30,355.5,zz_not_yet_tagged,,,,
GEV.AX,GLOBAL ENERGY VENTURES LIMITED,energy,2005-03-21,40836035.0,10:04:30,355.5,zz_not_yet_tagged,,,,
GFL.AX,GLOBAL MASTERS FUND LIMITED,not_applic,2006-05-16,39675688.0,10:04:30,355.5,zz_not_yet_tagged,,,,
GFN.AX,GEFEN INTERNATIONAL A.I. LTD,software_and_services,2021-07-21,4489795.0,10:04:30,355.5,zz_not_yet_tagged,,,,
GGE.AX,GRAND GULF ENERGY LIMITED,energy,1998-03-20,4900774.0,10:04:30,355.5,zz_not_yet_tagged,,,,
GGG.AX,GREENLAND MINERALS LIMITED,materials,2006-06-20,86020950.0,10:04:30,355.5,zz_not_yet_tagged,,,,
GGX.AX,GAS2GRID LIMITED,energy,2005-05-13,0.0,10:04:30,355.5,zz_not_yet_tagged,,,,
GHM.AX,GOLDEN HORSE MINERALS LIMITED,materials,2024-12-16,47584248.0,10:04:30,355.5,zz_not_yet_tagged,,,,
GHY.AX,GOLD HYDROGEN LIMITED,energy,2023-01-13,95844000.0,10:04:30,355.5,zz_not_yet_tagged,,,,
GIB.AX,GIBB RIVER DIAMONDS LIMITED,materials,2008-07-01,8580378.0,10:04:30,355.5,zz_not_yet_tagged,,,,
GL1.AX,GLOBAL LITHIUM RESOURCES LIMITED,materials,2021-05-06,46905819.0,10:04:30,355.5,zz_not_yet_tagged,,,,
GLA.AX,GLADIATOR RESOURCES LIMITED,materials,2006-06-27,8341265.0,10:04:30,355.5,zz_not_yet_tagged,,,,
GLB.AX,GLOBE INTERNATIONAL LIMITED,consumer_durables_and_apparel,2001-05-24,132684218.0,10:04:30,355.5,zz_not_yet_tagged,,,,
GLE.AX,GLG CORP LTD,consumer_durables_and_apparel,2005-12-14,15561000.0,10:04:30,355.5,zz_not_yet_tagged,,,,
GLH.AX,GLOBAL HEALTH LIMITED,health_care_equipment_and_services,2000-04-04,8126935.0,10:04:30,355.5,zz_not_yet_tagged,,,,
GLL.AX,GALILEE ENERGY LIMITED,energy,1996-02-15,3343157.0,10:04:30,355.5,zz_not_yet_tagged,,,,
GLN.AX,GALAN LITHIUM LIMITED,materials,2011-06-08,80728341.0,10:04:30,355.5,zz_not_yet_tagged,,,,
GLV.AX,GLOBAL OIL & GAS LIMITED,energy,2005-05-25,7939006.0,10:04:30,355.5,zz_not_yet_tagged,,,,
GMA.AX,GENWORTH MORTGAGE INSURANCE AUSTRALIA LIMITED,banks,2014-05-20,1068150695.0,10:04:30,355.5,zz_not_yet_tagged,downloaded,,,
GMC.AX,GULF MANGANESE CORPORATION LIMITED,materials,2007-08-03,0.0,10:04:30,355.5,zz_not_yet_tagged,,,,
GMD.AX,GENESIS MINERALS LIMITED,materials,2007-08-02,2945815501.0,10:04:30,355.5,zz_not_yet_tagged,,,,
GMDND.AX,GENESIS MINERALS LIMITED,materials,2007-08-02,374449698.0,10:04:30,355.5,zz_not_yet_tagged,,,,
GME.AX,GME RESOURCES LIMITED,materials,1980-08-21,69046117.0,10:04:30,355.5,zz_not_yet_tagged,,,,
GMG.AX,GOODMAN GROUP,equity_real_estate_investment_trusts_(reits),2005-02-02,69046862799.0,10:04:30,355.5,zz_not_yet_tagged,,,,
GML.AX,GATEWAY MINING LIMITED,materials,1971-08-02,9095567.0,10:04:30,355.5,zz_not_yet_tagged,,,,
GMLDA.AX,GATEWAY MINING LIMITED,materials,1971-08-02,0.0,10:04:30,355.5,zz_not_yet_tagged,,,,
GMN.AX,GOLD MOUNTAIN LIMITED,materials,2011-09-02,13702420.0,10:04:30,355.5,zz_not_yet_tagged,,,,
GMR.AX,GOLDEN RIM RESOURCES LTD,materials,1987-08-13,18339239.0,10:04:30,355.5,zz_not_yet_tagged,,,,
GMRDD.AX,GOLDEN RIM RESOURCES LTD,materials,1987-08-13,0.0,10:04:30,355.5,zz_not_yet_tagged,,,,
GNC.AX,GRAINCORP LIMITED,consumer_staples_distribution_and_retail,1998-03-30,1616982682.0,10:04:30,355.5,zz_not_yet_tagged,,,,
GNE.AX,GENESIS ENERGY LIMITED,utilities,2014-04-17,2171382948.0,10:04:30,355.5,zz_not_yet_tagged,,,,
GNG.AX,GR ENGINEERING SERVICES LIMITED,materials,2011-04-19,392892909.0,10:04:30,355.5,zz_not_yet_tagged,,,,
GNM.AX,GREAT NORTHERN MINERALS LIMITED,materials,2008-03-05,2319436.0,10:04:30,355.5,zz_not_yet_tagged,,,,
GNP.AX,GENUSPLUS GROUP LTD,capital_goods,2020-12-14,457672148.0,10:04:30,355.5,zz_not_yet_tagged,,,,
GNX.AX,GENEX POWER LIMITED,utilities,2015-07-08,249331885.0,10:04:30,355.5,zz_not_yet_tagged,,,,
GO2.AX,THE GO2 PEOPLE LTD,commercial_and_professional_services,2017-10-31,0.0,10:04:30,355.5,zz_not_yet_tagged,,,,
GOR.AX,GOLD ROAD RESOURCES LIMITED,materials,2006-07-04,2254763867.0,10:04:30,355.5,zz_not_yet_tagged,,,,
GOW.AX,GOWING BROS LIMITED,financial_services,1962-07-31,121139118.0,10:04:30,355.5,zz_not_yet_tagged,,,,
GOZ.AX,GROWTHPOINT PROPERTIES AUSTRALIA,equity_real_estate_investment_trusts_(reits),2007-07-04,1832466164.0,10:04:30,355.5,zz_not_yet_tagged,,,,
GPR.AX,GEOPACIFIC RESOURCES LTD,materials,2006-05-09,26027593.0,10:04:30,355.5,zz_not_yet_tagged,,,,
GPS.AX,GPS ALLIANCE HOLDINGS LIMITED,real_estate_management_and_development,2013-07-02,0.0,10:04:30,355.5,zz_not_yet_tagged,,,,
GPT.AX,GPT GROUP,equity_real_estate_investment_trusts_(reits),1971-04-01,8447696466.0,10:04:30,355.5,zz_not_yet_tagged,,,,
GQG.AX,GQG PARTNERS INC.,financial_services,2021-10-26,6556511943.0,10:04:30,355.5,zz_not_yet_tagged,,,,
GR8.AX,GREAT DIRT RESOURCES LTD,materials,2023-11-10,5613752.0,10:04:30,355.5,zz_not_yet_tagged,,,,
GRE.AX,GREENTECH METALS LIMITED,materials,2022-01-04,6817651.0,10:04:30,355.5,zz_not_yet_tagged,,,,
GRL.AX,GODOLPHIN RESOURCES LIMITED,materials,2019-12-18,5026157.0,10:04:30,355.5,zz_not_yet_tagged,,,,
GRR.AX,GRANGE RESOURCES LIMITED.,materials,1986-03-27,271974594.0,10:04:30,355.5,zz_not_yet_tagged,,,,
GRV.AX,GREENVALE ENERGY LTD,energy,1971-07-28,15579947.0,10:04:30,355.5,zz_not_yet_tagged,,,,
GRX.AX,GREENX METALS LIMITED,materials,1991-02-18,186122639.0,10:04:30,355.5,zz_not_yet_tagged,,,,
GSM.AX,GOLDEN STATE MINING LIMITED,materials,2018-11-08,2514336.0,10:04:30,355.5,zz_not_yet_tagged,,,,
GSN.AX,GREAT SOUTHERN MINING LIMITED,materials,2011-04-14,13829507.0,10:04:30,355.5,zz_not_yet_tagged,,,,
GSNNB.AX,GREAT SOUTHERN MINING LIMITED,materials,2011-04-14,19697582.0,10:04:30,355.5,zz_not_yet_tagged,,,,
GSR.AX,GREENSTONE RESOURCES LIMITED,materials,2000-12-12,10944908.0,10:04:30,355.5,zz_not_yet_tagged,,,,
GSS.AX,GENETIC SIGNATURES LIMITED,pharmaceuticals_biotechnology_and_life_sciences,2015-03-31,145326184.0,10:04:30,355.5,zz_not_yet_tagged,,,,
GT1.AX,GREEN TECHNOLOGY METALS LIMITED,materials,2021-11-10,24491382.0,10:04:30,355.5,zz_not_yet_tagged,,,,
GTE.AX,GREAT WESTERN EXPLORATION LIMITED.,materials,2007-06-05,14095698.0,10:04:30,355.5,zz_not_yet_tagged,,,,
GTG.AX,GENETIC TECHNOLOGIES LIMITED,pharmaceuticals_biotechnology_and_life_sciences,1987-07-30,0.0,10:04:30,355.5,zz_not_yet_tagged,,,,
GTH.AX,GATHID LTD,software_and_services,2017-09-18,0.0,10:04:30,355.5,zz_not_yet_tagged,,,,
GTI.AX,GRATIFII LIMITED,software_and_services,2008-07-17,29165836.0,10:04:30,355.5,zz_not_yet_tagged,,,,
GTK.AX,GENTRACK GROUP LIMITED,software_and_services,2014-06-25,1295836629.0,10:04:30,355.5,zz_not_yet_tagged,,,,
GTN.AX,GTN LIMITED,media_and_entertainment,2016-06-01,113839917.0,10:04:30,355.5,zz_not_yet_tagged,,,,
GTR.AX,GTI ENERGY LTD,materials,2007-08-10,10370324.0,10:04:30,355.5,zz_not_yet_tagged,,,,
GUD.AX,G.U.D. HOLDINGS LIMITED,automobiles_and_components,1962-06-30,1555477444.0,10:04:30,355.5,zz_not_yet_tagged,,,,
GUE.AX,GLOBAL URANIUM AND ENRICHMENT LTD,materials,2017-09-28,14878485.0,10:04:30,355.5,zz_not_yet_tagged,,,,
GUL.AX,GULLEWA LIMITED,materials,1980-06-19,11971264.0,10:04:30,355.5,zz_not_yet_tagged,,,,
GVF.AX,STAUDE CAPITAL GLOBAL VALUE FUND LIMITED,not_applic,2014-07-21,235217101.0,10:04:30,355.5,zz_not_yet_tagged,,,,
GW1.AX,GREENWING RESOURCES LTD,materials,2005-10-20,9144756.0,10:04:30,355.5,zz_not_yet_tagged,,,,
GWA.AX,GWA GROUP LIMITED.,capital_goods,1993-05-20,625884067.0,10:04:30,355.5,zz_not_yet_tagged,,,,
GWR.AX,GWR GROUP LIMITED,materials,2004-12-24,26339766.0,10:04:30,355.5,zz_not_yet_tagged,,,,
GYG.AX,GUZMAN Y GOMEZ LIMITED,consumer_services,2024-06-20,4194507870.0,10:04:30,355.5,zz_not_yet_tagged,,,,
H2G.AX,GREENHY2 LIMITED,commercial_and_professional_services,1980-12-04,1794553.0,10:04:30,355.5,zz_not_yet_tagged,,,,
HAL.AX,HALO TECHNOLOGIES HOLDINGS LTD,financial_services,2022-04-26,7075002.0,10:04:30,355.5,zz_not_yet_tagged,,,,
HAR.AX,HARANGA RESOURCES LIMITED.,materials,2022-01-27,4016293.0,10:04:30,355.5,zz_not_yet_tagged,,,,
HAS.AX,HASTINGS TECHNOLOGY METALS LTD,materials,2008-02-20,58768494.0,10:04:30,355.5,zz_not_yet_tagged,,,,
HASND.AX,HASTINGS TECHNOLOGY METALS LTD,materials,2008-02-20,527172727.0,10:04:30,355.5,zz_not_yet_tagged,,,,
HAV.AX,HAVILAH RESOURCES LIMITED,materials,2002-03-21,76332667.0,10:04:30,355.5,zz_not_yet_tagged,,,,
HAW.AX,HAWTHORN RESOURCES LIMITED,materials,1986-07-03,13735640.0,10:04:30,355.5,zz_not_yet_tagged,,,,
HCD.AX,HYDROCARBON DYNAMICS LIMITED,energy,2006-04-21,1855683.0,10:04:30,355.5,zz_not_yet_tagged,,,,
HCF.AX,H&G HIGH CONVICTION LIMITED,not_applic,2022-10-25,19512019.0,10:04:30,355.5,zz_not_yet_tagged,,,,
HCH.AX,HOT CHILI LIMITED,materials,2010-05-03,102965906.0,10:04:30,355.5,zz_not_yet_tagged,,,,
HCHDA.AX,HOT CHILI LIMITED,materials,2010-05-03,0.0,10:04:30,355.5,zz_not_yet_tagged,,,,
HCL.AX,HIGHCOM LIMITED,capital_goods,2005-09-15,16942641.0,10:04:30,355.5,zz_not_yet_tagged,,,,
HCT.AX,HOLISTA COLLTECH LIMITED,household_and_personal_products,2004-02-26,2857667.0,10:04:30,355.5,zz_not_yet_tagged,,,,
HCW.AX,HEALTHCO HEALTHCARE AND WELLNESS REIT,equity_real_estate_investment_trusts_(reits),2021-09-06,569418015.0,10:04:30,355.5,zz_not_yet_tagged,,,,
HDN.AX,HOMECO DAILY NEEDS REIT,equity_real_estate_investment_trusts_(reits),2020-11-23,2394579489.0,10:04:30,355.5,zz_not_yet_tagged,,,,
HE8.AX,HELIOS ENERGY LTD,energy,2010-10-20,26040494.0,10:04:30,355.5,zz_not_yet_tagged,,,,
HFR.AX,HIGHFIELD RESOURCES LIMITED,materials,2012-02-07,110031919.0,10:04:30,355.5,zz_not_yet_tagged,,,,
HFY.AX,HUBIFY LIMITED,telecommunication_services,2017-01-12,4600227.0,10:04:30,355.5,zz_not_yet_tagged,,,,
HGH.AX,HEARTLAND GROUP HOLDINGS LIMITED,banks,2018-11-01,820241869.0,10:04:30,355.5,zz_not_yet_tagged,downloaded,,,
HGL.AX,HUDSON INVESTMENT GROUP LIMITED,real_estate_management_and_development,1994-06-09,10387989.0,10:04:30,355.5,zz_not_yet_tagged,,,,
HGO.AX,HILLGROVE RESOURCES LIMITED,materials,1994-07-22,105825556.0,10:04:30,355.5,zz_not_yet_tagged,,,,
HGV.AX,HYGROVEST LIMITED,not_applic,2015-01-22,9884598.0,10:04:30,355.5,zz_not_yet_tagged,,,,
HHI.AX,HEALTH HOUSE INTERNATIONAL LIMITED,health_care_equipment_and_services,2011-07-28,1425797.0,10:04:30,355.5,zz_not_yet_tagged,,,,
HHM.AX,HAMPTON HILL MINING NL,materials,1994-05-10,0.0,10:04:30,355.5,zz_not_yet_tagged,,,,
HHR.AX,HARTSHEAD RESOURCES NL,energy,2012-02-14,14043411.0,10:04:30,355.5,zz_not_yet_tagged,,,,
HHY.AX,HHY FUND,not_applic,2005-04-11,0.0,10:04:30,355.5,zz_not_yet_tagged,,,,
HIL.AX,HILLS LIMITED,technology_hardware_and_equipment,1962-06-30,0.0,10:04:30,355.5,zz_not_yet_tagged,,,,
HIO.AX,HAWSONS IRON LTD,materials,2007-11-14,18297025.0,10:04:30,355.5,zz_not_yet_tagged,,,,
HIQ.AX,HITIQ LIMITED,health_care_equipment_and_services,2021-06-16,15569179.0,10:04:30,355.5,zz_not_yet_tagged,,,,
HIT.AX,HITECH GROUP AUSTRALIA LIMITED,commercial_and_professional_services,2000-04-17,82696500.0,10:04:30,355.5,zz_not_yet_tagged,,,,
HLA.AX,HEALTHIA LIMITED,health_care_equipment_and_services,2018-09-11,169632292.0,10:04:30,355.5,zz_not_yet_tagged,,,,
HLF.AX,HALO FOOD CO. LIMITED,zz_industry_group,2000-01-01,8015395.0,10:04:30,355.5,zz_not_yet_tagged,,,,
HLI.AX,HELIA GROUP LIMITED,financial_services,2014-05-20,1219287834.0,10:04:30,355.5,zz_not_yet_tagged,,,,
HLO.AX,HELLOWORLD TRAVEL LIMITED,consumer_services,2000-09-13,313423926.0,10:04:30,355.5,zz_not_yet_tagged,downloaded,,,
HLS.AX,HEALIUS LIMITED,health_care_equipment_and_services,1998-07-03,1020216644.0,10:04:30,355.5,zz_not_yet_tagged,,,,
HLX.AX,HELIX RESOURCES LIMITED,materials,1986-05-22,11424678.0,10:04:30,355.5,zz_not_yet_tagged,,,,
HLXE.AX,HELIX RESOURCES LIMITED,materials,1986-05-22,11424678.0,10:04:30,355.5,zz_not_yet_tagged,,,,
HM1.AX,HEARTS AND MINDS INVESTMENTS LIMITED,not_applic,2018-11-14,732742934.0,10:04:30,355.5,zz_not_yet_tagged,,,,
HMC.AX,HMC CAPITAL LIMITED,equity_real_estate_investment_trusts_(reits),2019-10-14,4012252146.0,10:04:30,355.5,zz_not_yet_tagged,,,,
HMD.AX,HERAMED LIMITED,health_care_equipment_and_services,2021-11-19,17326370.0,10:04:30,355.5,zz_not_yet_tagged,,,,
HMG.AX,HAMELIN GOLD LIMITED,materials,2021-11-05,10750800.0,10:04:30,355.5,zz_not_yet_tagged,,,,
HMI.AX,HIREMII LIMITED,commercial_and_professional_services,2021-05-11,6914424.0,10:04:30,355.5,zz_not_yet_tagged,,,,
HMX.AX,HAMMER METALS LIMITED,materials,2004-12-08,29296037.0,10:04:30,355.5,zz_not_yet_tagged,,,,
HMY.AX,HARMONEY CORP LIMITED,financial_services,2020-11-19,39256197.0,10:04:30,355.5,zz_not_yet_tagged,,,,
HNG.AX,HANCOCK & GORE LTD,capital_goods,1971-08-24,135873751.0,10:04:30,355.5,zz_not_yet_tagged,,,,
HNR.AX,HANNANS LTD,materials,2003-12-05,37093160.0,10:04:30,355.5,zz_not_yet_tagged,,,,
HNRNA.AX,HANNANS LTD,materials,2003-12-05,114622905.0,10:04:30,355.5,zz_not_yet_tagged,,,,
HOR.AX,HORSESHOE METALS LIMITED,materials,2010-07-29,9285944.0,10:04:30,355.5,zz_not_yet_tagged,,,,
HPC.AX,THE HYDRATION PHARMACEUTICALS COMPANY LIMITED,household_and_personal_products,2021-12-14,5183522.0,10:04:30,355.5,zz_not_yet_tagged,,,,
HPG.AX,HIPAGES GROUP HOLDINGS LTD,media_and_entertainment,2020-11-12,174258989.0,10:04:30,355.5,zz_not_yet_tagged,,,,
HPI.AX,HOTEL PROPERTY INVESTMENTS,equity_real_estate_investment_trusts_(reits),2013-12-17,743082580.0,10:04:30,355.5,zz_not_yet_tagged,,,,
HPP.AX,HEALTH AND PLANT PROTEIN GROUP LIMITED,food_beverage_and_tobacco,1989-12-14,0.0,10:04:30,355.5,zz_not_yet_tagged,,,,
HPR.AX,HIGH PEAK ROYALTIES LIMITED,energy,2007-03-30,17685076.0,10:04:30,355.5,zz_not_yet_tagged,,,,
HRE.AX,HEAVY RARE EARTHS LIMITED,class_pend,2022-08-24,2865355.0,10:04:30,355.5,zz_not_yet_tagged,,,,
HREN.AX,HEAVY RARE EARTHS LIMITED,class_pend,2022-08-24,2865355.0,10:04:30,355.5,zz_not_yet_tagged,,,,
HRL.AX,HRL HOLDINGS LTD,commercial_and_professional_services,2007-11-14,0.0,10:04:30,355.5,zz_not_yet_tagged,,,,
HRN.AX,HORIZON GOLD LIMITED,materials,2016-12-21,61556967.0,10:04:30,355.5,zz_not_yet_tagged,,,,
HRR.AX,HERON RESOURCES LIMITED,materials,1996-08-07,0.0,10:04:30,355.5,zz_not_yet_tagged,,,,
HRZ.AX,HORIZON MINERALS LIMITED,materials,1992-02-06,55757138.0,10:04:30,355.5,zz_not_yet_tagged,,,,
HSC.AX,HSC TECHNOLOGY GROUP LTD,software_and_services,2006-06-02,25065033.0,10:04:30,355.5,zz_not_yet_tagged,,,,
HSN.AX,HANSEN TECHNOLOGIES LIMITED,software_and_services,2000-06-01,1089788869.0,10:04:30,355.5,zz_not_yet_tagged,,,,
HT1.AX,HT&E LIMITED,media_and_entertainment,1992-05-07,338443259.0,10:04:30,355.5,zz_not_yet_tagged,,,,
HT8.AX,HARRIS TECHNOLOGY GROUP LIMITED,transportation,1999-06-24,3290490.0,10:04:30,355.5,zz_not_yet_tagged,,,,
HTA.AX,HUTCHISON TELECOMMUNICATIONS (AUSTRALIA) LIMITED,telecommunication_services,1999-08-17,352885223.0,10:04:30,355.5,zz_not_yet_tagged,,,,
HTG.AX,HARVEST TECHNOLOGY GROUP LTD,technology_hardware_and_equipment,2016-05-12,20879126.0,10:04:30,355.5,zz_not_yet_tagged,,,,
HTM.AX,HIGH-TECH METALS LTD,materials,2023-01-23,5254402.0,10:04:30,355.5,zz_not_yet_tagged,,,,
HUB.AX,HUB24 LIMITED,financial_services,2007-07-05,5711319615.0,10:04:30,355.5,zz_not_yet_tagged,,,,
HUM.AX,HUMM GROUP LIMITED,financial_services,2006-12-12,317185750.0,10:04:30,355.5,zz_not_yet_tagged,,,,
HUO.AX,HUON AQUACULTURE GROUP LIMITED,food_beverage_and_tobacco,2014-10-23,0.0,10:04:30,355.5,zz_not_yet_tagged,,,,
HVM.AX,HAPPY VALLEY NUTRITION LIMITED,food_beverage_and_tobacco,2020-01-23,0.0,10:04:30,355.5,zz_not_yet_tagged,,,,
HVN.AX,HARVEY NORMAN HOLDINGS LIMITED,consumer_discretionary_distribution_and_retail,1987-09-03,6068052405.0,10:04:30,355.5,zz_not_yet_tagged,,,,
HVY.AX,HEAVY MINERALS LIMITED,materials,2021-09-14,8045231.0,10:04:30,355.5,zz_not_yet_tagged,,,,
HWH.AX,HOUSTON WE HAVE LIMITED,software_and_services,2010-12-17,61121571.0,10:04:30,355.5,zz_not_yet_tagged,,,,
HWK.AX,HAWK RESOURCES LIMITED.,materials,2017-06-09,5948236.0,10:04:30,355.5,zz_not_yet_tagged,,,,
HXG.AX,HEXAGON ENERGY MATERIALS LIMITED,materials,2008-10-30,6667907.0,10:04:30,355.5,zz_not_yet_tagged,,,,
HXL.AX,HEXIMA LIMITED.,pharmaceuticals_biotechnology_and_life_sciences,2020-12-01,0.0,10:04:30,355.5,zz_not_yet_tagged,,,,
HYD.AX,HYDRIX LIMITED,technology_hardware_and_equipment,2001-05-11,2727688.0,10:04:30,355.5,zz_not_yet_tagged,,,,
HYM.AX,HYPERION METALS LIMITED,materials,2018-04-16,126237084.0,10:04:30,355.5,zz_not_yet_tagged,,,,
HYT.AX,HYTERRA LTD,energy,2005-12-14,61786438.0,10:04:30,355.5,zz_not_yet_tagged,,,,
HZN.AX,HORIZON OIL LIMITED,energy,1981-06-30,300680864.0,10:04:30,355.5,zz_not_yet_tagged,,,,
HZR.AX,HAZER GROUP LIMITED,materials,2015-12-02,89801153.0,10:04:30,355.5,zz_not_yet_tagged,,,,
I88.AX,INFINI RESOURCES LIMITED,materials,2024-12-17,31955351.0,10:04:30,355.5,zz_not_yet_tagged,,,,
IAG.AX,INSURANCE AUSTRALIA GROUP LIMITED,insurance,2000-08-08,19962995407.0,10:04:30,355.5,zz_not_yet_tagged,,,,
IAM.AX,INCOME ASSET MANAGEMENT GROUP LIMITED.,financial_services,1987-01-14,27926125.0,10:04:30,355.5,zz_not_yet_tagged,,,,
IAP.AX,IRONGATE GROUP,real_estate,2019-05-28,1304321776.0,10:04:30,355.5,zz_not_yet_tagged,,,,
IBC.AX,IRONBARK CAPITAL LIMITED,not_applic,1987-04-02,48850454.0,10:04:30,355.5,zz_not_yet_tagged,,,,
IBG.AX,IRONBARK ZINC LTD,materials,2006-08-16,3667296.0,10:04:30,355.5,zz_not_yet_tagged,,,,
IBX.AX,IMAGION BIOSYSTEMS LIMITED,health_care_equipment_and_services,1993-10-26,4429511.0,10:04:30,355.5,zz_not_yet_tagged,,,,
IBXNC.AX,IMAGION BIOSYSTEMS LIMITED,health_care_equipment_and_services,2017-06-22,88290134.0,10:04:30,355.5,zz_not_yet_tagged,,,,
ICE.AX,ICETANA LIMITED,software_and_services,2019-12-23,6615711.0,10:04:30,355.5,zz_not_yet_tagged,,,,
ICG.AX,INCA MINERALS LIMITED,materials,2008-06-19,6160335.0,10:04:30,355.5,zz_not_yet_tagged,,,,
ICI.AX,ICANDY INTERACTIVE LIMITED,media_and_entertainment,2016-02-04,26888553.0,10:04:30,355.5,zz_not_yet_tagged,,,,
ICL.AX,ICENI GOLD LIMITED,materials,2021-04-14,17753908.0,10:04:30,355.5,zz_not_yet_tagged,,,,
ICN.AX,ICON ENERGY LIMITED,energy,1997-09-22,0.0,10:04:30,355.5,zz_not_yet_tagged,,,,
ICQ.AX,ICAR ASIA LIMITED,media_and_entertainment,2012-09-11,233911858.0,10:04:30,355.5,zz_not_yet_tagged,,,,
ICR.AX,INTELICARE HOLDINGS LIMITED,health_care_equipment_and_services,2020-05-25,3903125.0,10:04:30,355.5,zz_not_yet_tagged,,,,
ICS.AX,ICSGLOBAL LIMITED,health_care_equipment_and_services,1999-12-23,0.0,10:04:30,355.5,zz_not_yet_tagged,,,,
ICT.AX,ICOLLEGE LIMITED,consumer_services,2009-08-24,164307579.0,10:04:30,355.5,zz_not_yet_tagged,downloaded,,,
ICU.AX,INVESTOR CENTRE LIMITED,financial_services,2006-07-31,761278.0,10:04:30,355.5,zz_not_yet_tagged,,,,
ID8.AX,IDENTITII LIMITED,software_and_services,2018-10-17,10838990.0,10:04:30,355.5,zz_not_yet_tagged,,,,
ID8N.AX,IDENTITII LIMITED,software_and_services,2018-10-17,29384402.0,10:04:30,355.5,zz_not_yet_tagged,,,,
IDA.AX,INDIANA RESOURCES LIMITED,materials,1986-07-17,38563947.0,10:04:30,355.5,zz_not_yet_tagged,,,,
IDT.AX,IDT AUSTRALIA LIMITED,pharmaceuticals_biotechnology_and_life_sciences,1991-02-18,45133396.0,10:04:30,355.5,zz_not_yet_tagged,,,,
IDX.AX,INTEGRAL DIAGNOSTICS LIMITED,health_care_equipment_and_services,2015-10-21,697206751.0,10:04:30,355.5,zz_not_yet_tagged,,,,
IDXN.AX,INTEGRAL DIAGNOSTICS LIMITED,health_care_equipment_and_services,2015-10-21,697206751.0,10:04:30,355.5,zz_not_yet_tagged,,,,
IDZ.AX,INDOOR SKYDIVE AUSTRALIA GROUP LIMITED,consumer_services,2013-01-18,24579107.0,10:04:30,355.5,zz_not_yet_tagged,downloaded,,,
IEC.AX,INTRA ENERGY CORPORATION LIMITED,energy,2007-07-04,2297800.0,10:04:30,355.5,zz_not_yet_tagged,,,,
IEL.AX,IDP EDUCATION LIMITED,consumer_services,2015-11-26,3398485136.0,10:04:30,355.5,zz_not_yet_tagged,downloaded,,,
IEQ.AX,INTERNATIONAL EQUITIES CORPORATION LIMITED.,real_estate_management_and_development,1993-03-11,5128943.0,10:04:30,355.5,zz_not_yet_tagged,,,,
IFG.AX,INFOCUS GROUP HOLDINGS LIMITED,software_and_services,2004-08-10,3608915.0,10:04:30,355.5,zz_not_yet_tagged,,,,
IFL.AX,INSIGNIA FINANCIAL LTD,financial_services,2003-12-05,2401199592.0,10:04:30,355.5,zz_not_yet_tagged,,,,
IFM.AX,INFOMEDIA LTD,software_and_services,2000-08-16,514828190.0,10:04:30,355.5,zz_not_yet_tagged,,,,
IFT.AX,INFRATIL LIMITED.,capital_goods,2010-08-30,10629585729.0,10:04:30,355.5,zz_not_yet_tagged,,,,
IG6.AX,INTERNATIONAL GRAPHITE LIMITED,capital_goods,2022-04-07,9097242.0,10:04:30,355.5,zz_not_yet_tagged,,,,
IGL.AX,IVE GROUP LIMITED,media_and_entertainment,2015-12-16,322168768.0,10:04:30,355.5,zz_not_yet_tagged,,,,
IGN.AX,IGNITE LIMITED,commercial_and_professional_services,1997-01-16,10443870.0,10:04:30,355.5,zz_not_yet_tagged,,,,
IGO.AX,IGO LIMITED,materials,2002-01-17,3793911743.0,10:04:30,355.5,zz_not_yet_tagged,,,,
IHL.AX,INCANNEX HEALTHCARE LIMITED,pharmaceuticals_biotechnology_and_life_sciences,2007-05-23,190441243.0,10:04:30,355.5,zz_not_yet_tagged,,,,
IHR.AX,INTELLIHR LIMITED,software_and_services,2018-01-23,76498001.0,10:04:30,355.5,zz_not_yet_tagged,,,,
IIQ.AX,INOVIQ LTD,health_care_equipment_and_services,1991-04-18,60782053.0,10:04:30,355.5,zz_not_yet_tagged,,,,
IKE.AX,IKEGPS GROUP LIMITED,technology_hardware_and_equipment,2016-11-17,82786115.0,10:04:30,355.5,zz_not_yet_tagged,,,,
IKW.AX,IKWEZI MINING LIMITED,energy,2011-07-19,61584711.0,10:04:30,355.5,zz_not_yet_tagged,,,,
ILA.AX,ISLAND PHARMACEUTICALS LIMITED,pharmaceuticals_biotechnology_and_life_sciences,2021-04-13,30728914.0,10:04:30,355.5,zz_not_yet_tagged,,,,
ILT.AX,ILTANI RESOURCES LIMITED.,materials,2023-06-30,10357520.0,10:04:30,355.5,zz_not_yet_tagged,,,,
ILU.AX,ILUKA RESOURCES LIMITED,materials,1962-06-30,2166941635.0,10:04:30,355.5,zz_not_yet_tagged,,,,
IMA.AX,IMAGE RESOURCES NL,materials,2002-07-04,102480933.0,10:04:30,355.5,zz_not_yet_tagged,,,,
IMB.AX,INTELLIGENT MONITORING GROUP LIMITED,commercial_and_professional_services,1994-03-03,182870457.0,10:04:30,355.5,zz_not_yet_tagged,,,,
IMC.AX,IMMURON LIMITED,pharmaceuticals_biotechnology_and_life_sciences,1999-04-30,18789925.0,10:04:30,355.5,zz_not_yet_tagged,,,,
IMD.AX,IMDEX LIMITED,materials,1987-09-24,1192591443.0,10:04:30,355.5,zz_not_yet_tagged,,,,
IME.AX,IMEXHS LIMITED,health_care_equipment_and_services,2005-12-14,16003381.0,10:04:30,355.5,zz_not_yet_tagged,,,,
IMI.AX,INFINITY MINING LIMITED,materials,2021-12-22,5894221.0,10:04:30,355.5,zz_not_yet_tagged,,,,
IMM.AX,IMMUTEP LIMITED,pharmaceuticals_biotechnology_and_life_sciences,1988-06-23,494900456.0,10:04:30,355.5,zz_not_yet_tagged,,,,
IMR.AX,IMRICOR MEDICAL SYSTEMS INC.,health_care_equipment_and_services,2019-08-30,278281039.0,10:04:30,355.5,zz_not_yet_tagged,,,,
IMS.AX,IMPELUS LIMITED,media_and_entertainment,2000-05-11,0.0,10:04:30,355.5,zz_not_yet_tagged,,,,
IMU.AX,IMUGENE LIMITED,pharmaceuticals_biotechnology_and_life_sciences,1993-11-24,275217494.0,10:04:30,355.5,zz_not_yet_tagged,,,,
IMUND.AX,IMUGENE LIMITED,pharmaceuticals_biotechnology_and_life_sciences,1993-11-24,3025040875.0,10:04:30,355.5,zz_not_yet_tagged,,,,
INA.AX,INGENIA COMMUNITIES GROUP,equity_real_estate_investment_trusts_(reits),2004-07-01,1891186345.0,10:04:30,355.5,zz_not_yet_tagged,,,,
IND.AX,INDUSTRIAL MINERALS LTD,materials,2021-07-13,10441925.0,10:04:30,355.5,zz_not_yet_tagged,,,,
INF.AX,INFINITY LITHIUM CORPORATION LIMITED,materials,2011-04-15,11102210.0,10:04:30,355.5,zz_not_yet_tagged,,,,
ING.AX,INGHAMS GROUP LIMITED,food_beverage_and_tobacco,2016-11-07,1178224335.0,10:04:30,355.5,zz_not_yet_tagged,,,,
INL.AX,INNLANZ LIMITED,consumer_discretionary_distribution_and_retail,2019-02-22,3759163.0,10:04:30,355.5,zz_not_yet_tagged,,,,
INP.AX,INCENTIAPAY LIMITED,media_and_entertainment,2014-09-09,4975720.0,10:04:30,355.5,zz_not_yet_tagged,,,,
INPN.AX,INCENTIAPAY LIMITED,retailing,2014-09-09,24252343.0,10:04:30,355.5,zz_not_yet_tagged,,,,
INR.AX,IONEER LTD,materials,2007-12-19,365129240.0,10:04:30,355.5,zz_not_yet_tagged,,,,
INV.AX,INVESTSMART GROUP LIMITED,financial_services,2005-04-21,19973868.0,10:04:30,355.5,zz_not_yet_tagged,,,,
INY.AX,INCOME ASSET MANAGEMENT GROUP LIMITED,diversified_financials,1987-01-14,85628455.0,10:04:30,355.5,zz_not_yet_tagged,,,,
IOD.AX,IODM LIMITED,software_and_services,2003-11-18,97682144.0,10:04:30,355.5,zz_not_yet_tagged,,,,
IOG.AX,INNOGY LIMITED,class_pend,2000-01-01,0.0,10:04:30,355.5,zz_not_yet_tagged,,,,
ION.AX,IONDRIVE LIMITED,materials,2005-04-21,21990842.0,10:04:30,355.5,zz_not_yet_tagged,,,,
IOU.AX,IOUPAY LIMITED,media_and_entertainment,2000-10-12,0.0,10:04:30,355.5,zz_not_yet_tagged,,,,
IP1.AX,INTEGRATED PAYMENT TECHNOLOGIES LIMITED,software_and_services,2016-12-19,30586099.0,10:04:30,355.5,zz_not_yet_tagged,,,,
IPB.AX,IPB PETROLEUM LIMITED,energy,2013-04-30,4238418.0,10:04:30,355.5,zz_not_yet_tagged,,,,
IPBN.AX,IPB PETROLEUM LIMITED,energy,2013-04-30,4984161.0,10:04:30,355.5,zz_not_yet_tagged,,,,
IPC.AX,IMPERIAL PACIFIC LIMITED,financial_services,1971-07-28,8561188.0,10:04:30,355.5,zz_not_yet_tagged,,,,
IPD.AX,IMPEDIMED LIMITED,health_care_equipment_and_services,2007-10-24,109272068.0,10:04:30,355.5,zz_not_yet_tagged,,,,
IPG.AX,IPD GROUP LTD,capital_goods,2021-12-17,394035612.0,10:04:30,355.5,zz_not_yet_tagged,,,,
IPH.AX,IPH LIMITED,commercial_and_professional_services,2014-11-19,1361521363.0,10:04:30,355.5,zz_not_yet_tagged,,,,
IPL.AX,INCITEC PIVOT LIMITED,materials,2003-07-28,5776129429.0,10:04:30,355.5,zz_not_yet_tagged,,,,
IPT.AX,IMPACT MINERALS LIMITED,materials,2006-11-29,30594337.0,10:04:30,355.5,zz_not_yet_tagged,,,,
IPX.AX,IPERIONX LIMITED,materials,2018-04-16,1327490850.0,10:04:30,355.5,zz_not_yet_tagged,,,,
IQ3.AX,IQ3CORP LIMITED,diversified_financials,2015-05-18,0.0,10:04:30,355.5,zz_not_yet_tagged,,,,
IR1.AX,IRIS METALS LIMITED,materials,2021-09-23,46748486.0,10:04:30,355.5,zz_not_yet_tagged,,,,
IRD.AX,IRON ROAD LIMITED,materials,2008-06-12,49095350.0,10:04:30,355.5,zz_not_yet_tagged,,,,
IRE.AX,IRESS LIMITED,software_and_services,2000-11-03,1737142108.0,10:04:30,355.5,zz_not_yet_tagged,,,,
IRI.AX,INTEGRATED RESEARCH LIMITED,software_and_services,2000-12-13,94883699.0,10:04:30,355.5,zz_not_yet_tagged,,,,
IRX.AX,INHALERX LIMITED,health_care_equipment_and_services,2017-01-11,8447267.0,10:04:30,355.5,zz_not_yet_tagged,,,,
IS3.AX,I SYNERGY GROUP LIMITED,software_and_services,2017-03-30,1781089.0,10:04:30,355.5,zz_not_yet_tagged,,,,
ISU.AX,ISELECT LIMITED.,consumer_services,2013-06-24,66023857.0,10:04:30,355.5,zz_not_yet_tagged,downloaded,,,
ISX.AX,ISIGNTHIS LTD,software_and_services,1998-12-07,0.0,10:04:30,355.5,zz_not_yet_tagged,,,,
ITG.AX,INTEGA GROUP LIMITED,capital_goods,2019-10-22,0.0,10:04:30,355.5,zz_not_yet_tagged,,,,
ITM.AX,ITECH MINERALS LTD,materials,2021-10-21,8536769.0,10:04:30,355.5,zz_not_yet_tagged,,,,
IVC.AX,INVOCARE LIMITED,consumer_services,2003-12-04,1694154220.0,10:04:30,355.5,zz_not_yet_tagged,downloaded,,,
IVO.AX,INVIGOR GROUP LIMITED,media_and_entertainment,1999-12-03,0.0,10:04:30,355.5,zz_not_yet_tagged,,,,
IVR.AX,INVESTIGATOR RESOURCES LTD,materials,2007-04-03,36544230.0,10:04:30,355.5,zz_not_yet_tagged,,,,
IVT.AX,INVENTIS LIMITED,commercial_and_professional_services,1999-04-14,1910610.0,10:04:30,355.5,zz_not_yet_tagged,,,,
IVX.AX,INVION LIMITED,pharmaceuticals_biotechnology_and_life_sciences,2010-02-15,19929574.0,10:04:30,355.5,zz_not_yet_tagged,,,,
IVZ.AX,INVICTUS ENERGY LTD,energy,2012-01-19,100085188.0,10:04:30,355.5,zz_not_yet_tagged,,,,
IXC.AX,INVEX THERAPEUTICS LTD,pharmaceuticals_biotechnology_and_life_sciences,2019-07-05,5561385.0,10:04:30,355.5,zz_not_yet_tagged,,,,
IXR.AX,IONIC RARE EARTHS LIMITED,materials,1999-12-10,30714291.0,10:04:30,355.5,zz_not_yet_tagged,,,,
IXU.AX,IXUP LIMITED,software_and_services,2017-11-15,20159859.0,10:04:30,355.5,zz_not_yet_tagged,,,,
JAL.AX,JAMESON RESOURCES LIMITED,materials,2007-12-18,29315199.0,10:04:30,355.5,zz_not_yet_tagged,,,,
JAN.AX,JANISON EDUCATION GROUP LIMITED,software_and_services,2000-09-12,48079327.0,10:04:30,355.5,zz_not_yet_tagged,,,,
JAT.AX,JATCORP LIMITED,consumer_discretionary_distribution_and_retail,2008-01-30,30808665.0,10:04:30,355.5,zz_not_yet_tagged,,,,
JAV.AX,JAVELIN MINERALS LIMITED,materials,2012-10-09,21072560.0,10:04:30,355.5,zz_not_yet_tagged,,,,
JAY.AX,JAYRIDE GROUP LIMITED,transportation,2018-01-29,1192895.0,10:04:30,355.5,zz_not_yet_tagged,,,,
JBH.AX,JB HI-FI LIMITED,consumer_discretionary_distribution_and_retail,2003-10-23,10278487554.0,10:04:30,355.5,zz_not_yet_tagged,,,,
JBY.AX,JAMES BAY MINERALS LIMITED,materials,2023-09-12,61459527.0,10:04:30,355.5,zz_not_yet_tagged,,,,
JCS.AX,JCURVE SOLUTIONS LTD,software_and_services,2000-12-08,9249616.0,10:04:30,355.5,zz_not_yet_tagged,,,,
JDO.AX,JUDO CAPITAL HOLDINGS LIMITED,banks,2021-11-01,2072784025.0,10:04:30,355.5,zz_not_yet_tagged,,,,
JDR.AX,JADAR RESOURCES LIMITED,materials,1994-12-07,37757803.0,10:04:30,355.5,zz_not_yet_tagged,,,,
JGH.AX,JADE GAS HOLDINGS LIMITED,materials,1995-02-13,59039196.0,10:04:30,355.5,zz_not_yet_tagged,,,,
JHC.AX,JAPARA HEALTHCARE LIMITED,health_care_equipment_and_services,2014-04-17,0.0,10:04:30,355.5,zz_not_yet_tagged,,,,
JHG.AX,JANUS HENDERSON GROUP PLC,financial_services,2008-10-27,7045780265.0,10:04:30,355.5,zz_not_yet_tagged,,,,
JHX.AX,JAMES HARDIE INDUSTRIES PLC,materials,2001-10-15,23057812240.0,10:04:30,355.5,zz_not_yet_tagged,,,,
JIN.AX,JUMBO INTERACTIVE LIMITED,consumer_services,1972-06-14,867269346.0,10:04:30,355.5,zz_not_yet_tagged,downloaded,,,
JLG.AX,JOHNS LYNG GROUP LIMITED,capital_goods,2017-10-26,1027122530.0,10:04:30,355.5,zz_not_yet_tagged,,,,
JLL.AX,JINDALEE LITHIUM LIMITED,materials,2002-07-11,14718370.0,10:04:30,355.5,zz_not_yet_tagged,,,,
JMS.AX,JUPITER MINES LIMITED.,materials,2018-04-18,274470745.0,10:04:30,355.5,zz_not_yet_tagged,,,,
JNO.AX,JUNO MINERALS LIMITED,materials,2021-05-14,4366686.0,10:04:30,355.5,zz_not_yet_tagged,,,,
JPR.AX,JUPITER ENERGY LIMITED,energy,2003-11-12,35710795.0,10:04:30,355.5,zz_not_yet_tagged,,,,
JRL.AX,JINDALEE RESOURCES LIMITED,materials,2002-07-11,143447415.0,10:04:30,355.5,zz_not_yet_tagged,,,,
JRV.AX,JERVOIS GLOBAL LIMITED,materials,1980-12-01,29730402.0,10:04:30,355.5,zz_not_yet_tagged,,,,
JTL.AX,JAYEX TECHNOLOGY LIMITED,health_care_equipment_and_services,2015-12-17,1687671.0,10:04:30,355.5,zz_not_yet_tagged,,,,
JXT.AX,JAXSTA LTD,software_and_services,2010-09-21,19525547.0,10:04:30,355.5,zz_not_yet_tagged,,,,
JYC.AX,JOYCE CORPORATION LTD,consumer_discretionary_distribution_and_retail,1986-12-17,142228184.0,10:04:30,355.5,zz_not_yet_tagged,,,,
K2F.AX,K2FLY LIMITED,software_and_services,2008-02-19,17117474.0,10:04:30,355.5,zz_not_yet_tagged,,,,
KAI.AX,KAIROS MINERALS LIMITED,materials,1973-05-30,35517315.0,10:04:30,355.5,zz_not_yet_tagged,,,,
KAL.AX,KALGOORLIE GOLD MINING LIMITED,materials,2021-11-17,5462168.0,10:04:30,355.5,zz_not_yet_tagged,,,,
KAM.AX,K2 ASSET MANAGEMENT HOLDINGS LTD,financial_services,2007-11-29,18081390.0,10:04:30,355.5,zz_not_yet_tagged,,,,
KAR.AX,KAROON ENERGY LTD,energy,2004-06-08,1081267321.0,10:04:30,355.5,zz_not_yet_tagged,,,,
KAT.AX,KATANA CAPITAL LIMITED,not_applic,2005-12-23,39266519.0,10:04:30,355.5,zz_not_yet_tagged,,,,
KAU.AX,KAISER REEF LIMITED,materials,2020-02-28,45199901.0,10:04:30,355.5,zz_not_yet_tagged,,,,
KBC.AX,KEYBRIDGE CAPITAL LIMITED,financial_services,1999-12-23,0.0,10:04:30,355.5,zz_not_yet_tagged,,,,
KCC.AX,KINCORA COPPER LIMITED,materials,2021-03-30,7013238.0,10:04:30,355.5,zz_not_yet_tagged,,,,
KCN.AX,KINGSGATE CONSOLIDATED LIMITED.,materials,1988-04-21,346676026.0,10:04:30,355.5,zz_not_yet_tagged,,,,
KDY.AX,KADDY LIMITED,consumer_discretionary_distribution_and_retail,2001-04-04,0.0,10:04:30,355.5,zz_not_yet_tagged,,,,
KED.AX,KEYPATH EDUCATION INTERNATIONAL INC.,consumer_services,2021-06-02,100906502.0,10:04:30,355.5,zz_not_yet_tagged,downloaded,,,
KEY.AX,KEY PETROLEUM LIMITED,energy,2007-04-26,1687027.0,10:04:30,355.5,zz_not_yet_tagged,,,,
KFE.AX,KOGI IRON LIMITED,materials,1987-01-16,6474311.0,10:04:30,355.5,zz_not_yet_tagged,,,,
KFM.AX,KINGFISHER MINING LTD,materials,2020-12-11,2309745.0,10:04:30,355.5,zz_not_yet_tagged,,,,
KGD.AX,KULA GOLD LIMITED,materials,2010-11-16,4180877.0,10:04:30,355.5,zz_not_yet_tagged,,,,
KGL.AX,KGL RESOURCES LIMITED,materials,2005-03-17,61570740.0,10:04:30,355.5,zz_not_yet_tagged,,,,
KGLN.AX,KGL RESOURCES LIMITED,materials,2005-03-17,137310254.0,10:04:30,355.5,zz_not_yet_tagged,,,,
KGM.AX,KALNORTH GOLD MINES LIMITED,materials,2005-01-20,0.0,10:04:30,355.5,zz_not_yet_tagged,,,,
KGN.AX,KOGAN.COM LTD,consumer_discretionary_distribution_and_retail,2016-07-07,548796270.0,10:04:30,355.5,zz_not_yet_tagged,,,,
KIL.AX,KILAND LTD,materials,2002-07-08,132515842.0,10:04:30,355.5,zz_not_yet_tagged,,,,
KIN.AX,KIN MINING NL,materials,2013-10-02,71867183.0,10:04:30,355.5,zz_not_yet_tagged,,,,
KINN.AX,KIN MINING NL,materials,2013-10-02,0.0,10:04:30,355.5,zz_not_yet_tagged,,,,
KIS.AX,KING ISLAND SCHEELITE LIMITED,zz_industry_group,2000-01-01,0.0,10:04:30,355.5,zz_not_yet_tagged,,,,
KKC.AX,KKR CREDIT INCOME FUND,not_applic,2019-11-21,745053265.0,10:04:30,355.5,zz_not_yet_tagged,,,,
KKO.AX,KINETIKO ENERGY LTD,energy,2011-07-21,97415787.0,10:04:30,355.5,zz_not_yet_tagged,,,,
KLA.AX,KIRKLAND LAKE GOLD LTD,materials,2017-11-30,11242479167.0,10:04:30,355.5,zz_not_yet_tagged,,,,
KLI.AX,KILLI RESOURCES LIMITED,class_pend,2022-02-10,6310068.0,10:04:30,355.5,zz_not_yet_tagged,,,,
KLL.AX,KALIUM LAKES LIMITED,materials,2016-12-22,0.0,10:04:30,355.5,zz_not_yet_tagged,,,,
KLO.AX,KINGSLAND GLOBAL LTD,real_estate_management_and_development,2015-12-11,0.0,10:04:30,355.5,zz_not_yet_tagged,,,,
KLR.AX,KAILI RESOURCES LIMITED,energy,1997-03-06,1179203.0,10:04:30,355.5,zz_not_yet_tagged,,,,
KLS.AX,KELSIAN GROUP LIMITED,transportation,2013-10-16,973392388.0,10:04:30,355.5,zz_not_yet_tagged,,,,
KM1.AX,KALI METALS LIMITED,materials,2024-01-08,19525303.0,10:04:30,355.5,zz_not_yet_tagged,,,,
KMD.AX,KMD BRANDS LIMITED,consumer_discretionary_distribution_and_retail,2009-11-13,249083619.0,10:04:30,355.5,zz_not_yet_tagged,,,,
KME.AX,KIP MCGRATH EDUCATION CENTRES LIMITED,consumer_services,2003-08-15,27000196.0,10:04:30,355.5,zz_not_yet_tagged,downloaded,,,
KMT.AX,KOPORE METALS LIMITED,materials,2011-07-01,25941628.0,10:04:30,355.5,zz_not_yet_tagged,,,,
KNB.AX,KOONENBERRY GOLD LIMITED,materials,2021-09-28,12240025.0,10:04:30,355.5,zz_not_yet_tagged,,,,
KNG.AX,KINGSLAND MINERALS LTD,materials,2022-06-14,10884137.0,10:04:30,355.5,zz_not_yet_tagged,,,,
KNI.AX,KUNIKO LIMITED,materials,2021-08-24,15184622.0,10:04:30,355.5,zz_not_yet_tagged,,,,
KNM.AX,KNEOMEDIA LIMITED,media_and_entertainment,1987-06-24,0.0,10:04:30,355.5,zz_not_yet_tagged,,,,
KNO.AX,KNOSYS LIMITED,software_and_services,2015-09-09,10158519.0,10:04:30,355.5,zz_not_yet_tagged,,,,
KOB.AX,KOBA RESOURCES LIMITED,materials,2022-05-04,12209244.0,10:04:30,355.5,zz_not_yet_tagged,,,,
KOR.AX,KORAB RESOURCES LIMITED,materials,2005-08-31,0.0,10:04:30,355.5,zz_not_yet_tagged,,,,
KOV.AX,KORVEST LTD,capital_goods,1970-09-17,122093700.0,10:04:30,355.5,zz_not_yet_tagged,,,,
KP2.AX,KORE POTASH PLC,materials,2017-11-07,210137758.0,10:04:30,355.5,zz_not_yet_tagged,,,,
KPG.AX,KELLY PARTNERS GROUP HOLDINGS LIMITED,commercial_and_professional_services,2017-06-21,440510000.0,10:04:30,355.5,zz_not_yet_tagged,,,,
KPO.AX,KALINA POWER LIMITED,utilities,1971-08-02,24659944.0,10:04:30,355.5,zz_not_yet_tagged,,,,
KRM.AX,KINGSROSE MINING LIMITED,materials,2007-12-07,24866375.0,10:04:30,355.5,zz_not_yet_tagged,,,,
KRR.AX,KING RIVER RESOURCES LIMITED,materials,2007-09-21,19866870.0,10:04:30,355.5,zz_not_yet_tagged,,,,
KSC.AX,K & S CORPORATION LIMITED,transportation,1971-08-25,499498788.0,10:04:30,355.5,zz_not_yet_tagged,,,,
KSL.AX,KINA SECURITIES LIMITED,banks,2015-07-30,305226236.0,10:04:30,355.5,zz_not_yet_tagged,downloaded,,,
KSN.AX,KINGSTON RESOURCES LIMITED,materials,1987-03-05,58676426.0,10:04:30,355.5,zz_not_yet_tagged,,,,
KSS.AX,KLEOS SPACE S.A,commercial_and_professional_services,2018-08-24,27672309.0,10:04:30,355.5,zz_not_yet_tagged,,,,
KTA.AX,KRAKATOA RESOURCES LIMITED,materials,2012-12-28,4721072.0,10:04:30,355.5,zz_not_yet_tagged,,,,
KTD.AX,KEYTONE DAIRY CORPORATION LIMITED,food_beverage_and_tobacco,2018-07-18,32891578.0,10:04:30,355.5,zz_not_yet_tagged,,,,
KTG.AX,K-TIG LIMITED,capital_goods,2012-11-01,0.0,10:04:30,355.5,zz_not_yet_tagged,,,,
KWR.AX,KINGWEST RESOURCES LIMITED,materials,2018-08-24,9578712.0,10:04:30,355.5,zz_not_yet_tagged,,,,
KYK.AX,KYCKR LIMITED,software_and_services,2016-09-07,41395188.0,10:04:30,355.5,zz_not_yet_tagged,,,,
KYP.AX,KINATICO LTD,software_and_services,2015-09-08,60492878.0,10:04:30,355.5,zz_not_yet_tagged,,,,
KZA.AX,KAZIA THERAPEUTICS LIMITED,pharmaceuticals_biotechnology_and_life_sciences,1994-09-01,31924076.0,10:04:30,355.5,zz_not_yet_tagged,,,,
KZR.AX,KALAMAZOO RESOURCES LIMITED,materials,2017-01-16,16262685.0,10:04:30,355.5,zz_not_yet_tagged,,,,
L1M.AX,LIGHTNING MINERALS LTD,materials,2022-11-22,7852952.0,10:04:30,355.5,zz_not_yet_tagged,,,,
LAM.AX,LARAMIDE RESOURCES LTD,energy,2013-04-30,191718216.0,10:04:30,355.5,zz_not_yet_tagged,,,,
LAN.AX,LANYON INVESTMENT COMPANY LIMITED,not_applic,2015-12-01,0.0,10:04:30,355.5,zz_not_yet_tagged,,,,
LAT.AX,LATITUDE 66 LIMITED,materials,2007-12-13,10192203.0,10:04:30,355.5,zz_not_yet_tagged,,,,
LAU.AX,LINDSAY AUSTRALIA LIMITED,transportation,1994-07-05,270762653.0,10:04:30,355.5,zz_not_yet_tagged,,,,
LAW.AX,LAWFINANCE LIMITED,financial_services,2000-05-12,0.0,10:04:30,355.5,zz_not_yet_tagged,,,,
LBL.AX,LASERBOND LIMITED,capital_goods,2007-12-17,64471023.0,10:04:30,355.5,zz_not_yet_tagged,,,,
LBT.AX,LBT INNOVATIONS LIMITED,health_care_equipment_and_services,2006-07-31,16390609.0,10:04:30,355.5,zz_not_yet_tagged,,,,
LBY.AX,LAYBUY GROUP HOLDINGS LIMITED,software_and_services,2020-09-07,7725906.0,10:04:30,355.5,zz_not_yet_tagged,,,,
LCD.AX,LATITUDE CONSOLIDATED LIMITED,materials,1999-12-21,47860034.0,10:04:30,355.5,zz_not_yet_tagged,,,,
LCE.AX,LONDON CITY EQUITIES LIMITED,financial_services,1987-03-06,25982562.0,10:04:30,355.5,zz_not_yet_tagged,,,,
LCK.AX,LEIGH CREEK ENERGY LIMITED,energy,2005-03-17,148247172.0,10:04:30,355.5,zz_not_yet_tagged,,,,
LCL.AX,LCL RESOURCES LIMITED,materials,2007-10-02,11948127.0,10:04:30,355.5,zz_not_yet_tagged,,,,
LCT.AX,LIVING CELL TECHNOLOGIES LIMITED,pharmaceuticals_biotechnology_and_life_sciences,2004-09-01,12468274.0,10:04:30,355.5,zz_not_yet_tagged,,,,
LCTN.AX,LIVING CELL TECHNOLOGIES LIMITED,pharmaceuticals_biotechnology_and_life_sciences,2004-09-01,5899234.0,10:04:30,355.5,zz_not_yet_tagged,,,,
LCY.AX,LEGACY IRON ORE LIMITED,materials,2008-07-08,78096341.0,10:04:30,355.5,zz_not_yet_tagged,,,,
LCYN.AX,LEGACY IRON ORE LIMITED,materials,2008-07-08,102509219.0,10:04:30,355.5,zz_not_yet_tagged,,,,
LDR.AX,LODE RESOURCES LTD,materials,2021-07-02,12365577.0,10:04:30,355.5,zz_not_yet_tagged,,,,
LDX.AX,LUMOS DIAGNOSTICS HOLDINGS LIMITED,health_care_equipment_and_services,2021-07-05,29191618.0,10:04:30,355.5,zz_not_yet_tagged,,,,
LEG.AX,LEGEND MINING LIMITED,materials,1995-08-25,29094772.0,10:04:30,355.5,zz_not_yet_tagged,,,,
LEL.AX,LITHIUM ENERGY LIMITED,materials,2021-05-19,0.0,10:04:30,355.5,zz_not_yet_tagged,,,,
LEP.AX,ALE PROPERTY GROUP,real_estate,2003-11-12,0.0,10:04:30,355.5,zz_not_yet_tagged,,,,
LER.AX,LEAF RESOURCES LTD,materials,1999-01-05,25340544.0,10:04:30,355.5,zz_not_yet_tagged,,,,
LEX.AX,LEFROY EXPLORATION LIMITED,materials,1991-09-05,16141158.0,10:04:30,355.5,zz_not_yet_tagged,,,,
LFG.AX,LIBERTY FINANCIAL GROUP,financial_services,2020-12-15,974556000.0,10:04:30,355.5,zz_not_yet_tagged,downloaded,,,
LFS.AX,LATITUDE GROUP HOLDINGS LIMITED,financial_services,2021-04-20,1195628139.0,10:04:30,355.5,zz_not_yet_tagged,,,,
LGI.AX,LGI LIMITED,utilities,2022-10-04,268202488.0,10:04:30,355.5,zz_not_yet_tagged,,,,
LGL.AX,LYNCH GROUP HOLDINGS LIMITED,food_beverage_and_tobacco,2021-04-06,230704952.0,10:04:30,355.5,zz_not_yet_tagged,,,,
LGM.AX,LEGACY MINERALS HOLDINGS LIMITED,materials,2021-09-13,18860800.0,10:04:30,355.5,zz_not_yet_tagged,,,,
LGP.AX,LITTLE GREEN PHARMA LTD,pharmaceuticals_biotechnology_and_life_sciences,2020-02-20,39373489.0,10:04:30,355.5,zz_not_yet_tagged,,,,
LHM.AX,LAND & HOMES GROUP LIMITED,real_estate_management_and_development,2004-10-05,0.0,10:04:30,355.5,zz_not_yet_tagged,,,,
LIC.AX,LIFESTYLE COMMUNITIES LIMITED,real_estate_management_and_development,1998-12-15,1022616454.0,10:04:30,355.5,zz_not_yet_tagged,,,,
LIN.AX,LINDIAN RESOURCES LIMITED,materials,2000-03-02,101369157.0,10:04:30,355.5,zz_not_yet_tagged,,,,
LIO.AX,LION ENERGY LIMITED,energy,1972-02-15,7686851.0,10:04:30,355.5,zz_not_yet_tagged,,,,
LIS.AX,LI-S ENERGY LIMITED,capital_goods,2021-09-28,92829033.0,10:04:30,355.5,zz_not_yet_tagged,,,,
LIT.AX,LIVIUM LTD,materials,2007-10-30,22666844.0,10:04:30,355.5,zz_not_yet_tagged,,,,
LITCF.AX,LITHIUM AUSTRALIA NL,materials,2007-10-30,112978086.0,10:04:30,355.5,zz_not_yet_tagged,,,,
LKE.AX,LAKE RESOURCES N.L.,materials,2001-08-29,69485040.0,10:04:30,355.5,zz_not_yet_tagged,,,,
LKN.AX,LUKIN RESOURCES LIMITED,materials,2000-01-01,0.0,10:04:30,355.5,zz_not_yet_tagged,,,,
LKO.AX,LAKES BLUE ENERGY NL,energy,1985-12-05,0.0,10:04:30,355.5,zz_not_yet_tagged,,,,
LKY.AX,LOCKSLEY RESOURCES LIMITED,materials,2021-07-08,2640000.0,10:04:30,355.5,zz_not_yet_tagged,,,,
LLC.AX,LENDLEASE GROUP,real_estate_management_and_development,1962-06-30,4437003547.0,10:04:30,355.5,zz_not_yet_tagged,,,,
LLI.AX,LOYAL LITHIUM LIMITED,materials,2021-07-06,13197968.0,10:04:30,355.5,zz_not_yet_tagged,,,,
LLL.AX,LEO LITHIUM LIMITED,materials,2022-06-23,0.0,10:04:30,355.5,zz_not_yet_tagged,,,,
LLO.AX,LION ONE METALS LIMITED,materials,2013-06-07,0.0,10:04:30,355.5,zz_not_yet_tagged,,,,
LM1.AX,LEEUWIN METALS LTD,materials,2023-03-29,3801500.0,10:04:30,355.5,zz_not_yet_tagged,,,,
LM8.AX,LUNNON METALS LIMITED,materials,2021-06-16,51847621.0,10:04:30,355.5,zz_not_yet_tagged,,,,
LME.AX,LIMEADE INC.,software_and_services,2019-12-20,64384741.0,10:04:30,355.5,zz_not_yet_tagged,,,,
LMG.AX,LATROBE MAGNESIUM LIMITED,materials,1986-12-18,54016360.0,10:04:30,355.5,zz_not_yet_tagged,,,,
LML.AX,LINCOLN MINERALS LIMITED,materials,2007-03-09,10281298.0,10:04:30,355.5,zz_not_yet_tagged,,,,
LMLND.AX,LINCOLN MINERALS LIMITED,materials,2007-03-09,27849236.0,10:04:30,355.5,zz_not_yet_tagged,,,,
LMS.AX,LITCHFIELD MINERALS LIMITED,materials,2024-03-15,3504981.0,10:04:30,355.5,zz_not_yet_tagged,,,,
LNK.AX,LINK ADMINISTRATION HOLDINGS LIMITED,commercial_and_professional_services,2015-10-27,1136052458.0,10:04:30,355.5,zz_not_yet_tagged,,,,
LNR.AX,LANTHANEIN RESOURCES LTD,materials,2003-04-09,7330908.0,10:04:30,355.5,zz_not_yet_tagged,,,,
LNU.AX,LINIUS TECHNOLOGIES LIMITED,software_and_services,2011-07-26,12302431.0,10:04:30,355.5,zz_not_yet_tagged,,,,
LNW.AX,LIGHT & WONDER INC.,consumer_services,2023-05-22,12623051787.0,10:04:30,355.5,zz_not_yet_tagged,,,,
LNY.AX,LANEWAY RESOURCES LTD,materials,1987-04-02,31510082.0,10:04:30,355.5,zz_not_yet_tagged,,,,
LOM.AX,LUCAPA DIAMOND COMPANY LIMITED,materials,2006-12-19,6339166.0,10:04:30,355.5,zz_not_yet_tagged,,,,
LOT.AX,LOTUS RESOURCES LIMITED,materials,2009-02-18,460717129.0,10:04:30,355.5,zz_not_yet_tagged,,,,
LOV.AX,LOVISA HOLDINGS LIMITED,consumer_discretionary_distribution_and_retail,2014-12-18,3268324187.0,10:04:30,355.5,zz_not_yet_tagged,,,,
LPD.AX,LEPIDICO LTD,materials,1994-04-19,0.0,10:04:30,355.5,zz_not_yet_tagged,,,,
LPE.AX,LOCALITY PLANNING ENERGY HOLDINGS LIMITED,utilities,2011-10-11,26129640.0,10:04:30,355.5,zz_not_yet_tagged,,,,
LPI.AX,LITHIUM POWER INTERNATIONAL LIMITED,materials,2016-06-24,342683100.0,10:04:30,355.5,zz_not_yet_tagged,,,,
LPM.AX,LITHIUM PLUS MINERALS LTD.,materials,2022-04-26,12619800.0,10:04:30,355.5,zz_not_yet_tagged,,,,
LRD.AX,LORD RESOURCES LIMITED,materials,2022-04-07,2049589.0,10:04:30,355.5,zz_not_yet_tagged,,,,
LRK.AX,LARK DISTILLING CO. LTD,food_beverage_and_tobacco,2003-11-12,110669330.0,10:04:30,355.5,zz_not_yet_tagged,,,,
LRL.AX,LABYRINTH RESOURCES LIMITED,materials,1971-07-28,151036683.0,10:04:30,355.5,zz_not_yet_tagged,,,,
LRS.AX,LATIN RESOURCES LIMITED,materials,2010-09-21,420212919.0,10:04:30,355.5,zz_not_yet_tagged,,,,
LRT.AX,LOWELL RESOURCES FUND,not_applic,2018-03-22,44691080.0,10:04:30,355.5,zz_not_yet_tagged,,,,
LRV.AX,LARVOTTO RESOURCES LIMITED,materials,2021-12-06,161272026.0,10:04:30,355.5,zz_not_yet_tagged,,,,
LSA.AX,LACHLAN STAR LIMITED,materials,1971-07-28,17680124.0,10:04:30,355.5,zz_not_yet_tagged,,,,
LSF.AX,L1 LONG SHORT FUND LIMITED,not_applic,2018-04-24,1901467463.0,10:04:30,355.5,zz_not_yet_tagged,,,,
LSR.AX,LODESTAR MINERALS LIMITED,materials,2007-12-21,2866489.0,10:04:30,355.5,zz_not_yet_tagged,,,,
LSX.AX,LION SELECTION GROUP LIMITED.,not_applic,2013-03-13,77632926.0,10:04:30,355.5,zz_not_yet_tagged,,,,
LTM.AX,ARCADIUM LITHIUM PLC,materials,2023-12-22,7897626693.0,10:04:30,355.5,zz_not_yet_tagged,,,,
LTP.AX,LTR PHARMA LIMITED,pharmaceuticals_biotechnology_and_life_sciences,2023-12-11,132271280.0,10:04:30,355.5,zz_not_yet_tagged,,,,
LTR.AX,LIONTOWN RESOURCES LIMITED,materials,2006-12-27,1334443536.0,10:04:30,355.5,zz_not_yet_tagged,,,,
LU7.AX,LITHIUM UNIVERSE LIMITED,materials,2011-10-19,7954504.0,10:04:30,355.5,zz_not_yet_tagged,,,,
LV1.AX,LIVE VERDURE LTD,food_beverage_and_tobacco,2020-12-14,124383146.0,10:04:30,355.5,zz_not_yet_tagged,,,,
LVE.AX,LOVE GROUP GLOBAL LTD,software_and_services,2014-12-05,5674784.0,10:04:30,355.5,zz_not_yet_tagged,,,,
LVH.AX,LIVEHIRE LIMITED,software_and_services,2016-06-10,20709720.0,10:04:30,355.5,zz_not_yet_tagged,,,,
LVT.AX,LIVETILES LIMITED,software_and_services,1999-08-17,0.0,10:04:30,355.5,zz_not_yet_tagged,,,,
LYC.AX,LYNAS RARE EARTHS LIMITED,materials,1986-09-11,6290653385.0,10:04:30,355.5,zz_not_yet_tagged,,,,
LYK.AX,LYKOS METALS LIMITED,materials,2021-10-21,2260267.0,10:04:30,355.5,zz_not_yet_tagged,,,,
LYL.AX,LYCOPODIUM LIMITED,capital_goods,2004-12-17,395415249.0,10:04:30,355.5,zz_not_yet_tagged,,,,
LYN.AX,LYCAON RESOURCES LTD,materials,2021-11-17,4927589.0,10:04:30,355.5,zz_not_yet_tagged,,,,
M24.AX,MAMBA EXPLORATION LIMITED,materials,2021-02-05,2819487.0,10:04:30,355.5,zz_not_yet_tagged,,,,
M2M.AX,MT MALCOLM MINES NL,materials,2021-09-10,5849366.0,10:04:30,355.5,zz_not_yet_tagged,,,,
M2R.AX,MIRAMAR RESOURCES LIMITED,materials,2020-10-22,1785705.0,10:04:30,355.5,zz_not_yet_tagged,,,,
M3M.AX,M3 MINING LIMITED,materials,2021-07-29,2849383.0,10:04:30,355.5,zz_not_yet_tagged,,,,
M4M.AX,MACRO METALS LIMITED,materials,1987-01-16,61732133.0,10:04:30,355.5,zz_not_yet_tagged,,,,
M7T.AX,MACH7 TECHNOLOGIES LIMITED,health_care_equipment_and_services,2005-11-30,77197135.0,10:04:30,355.5,zz_not_yet_tagged,,,,
M8S.AX,M8 SUSTAINABLE LIMITED,commercial_and_professional_services,2019-12-11,0.0,10:04:30,355.5,zz_not_yet_tagged,,,,
M8SN.AX,M8 SUSTAINABLE LIMITED,commercial_and_professional_services,2019-12-11,3340468.0,10:04:30,355.5,zz_not_yet_tagged,,,,
MAC.AX,MAC COPPER LIMITED,materials,2024-02-20,1568803342.0,10:04:30,355.5,zz_not_yet_tagged,,,,
MAD.AX,MADER GROUP LIMITED,commercial_and_professional_services,2019-10-01,1223362500.0,10:04:30,355.5,zz_not_yet_tagged,,,,
MAF.AX,MA FINANCIAL GROUP LIMITED,financial_services,2017-04-10,1088057724.0,10:04:30,355.5,zz_not_yet_tagged,,,,
MAG.AX,MAGMATIC RESOURCES LIMITED,materials,2017-05-19,13762674.0,10:04:30,355.5,zz_not_yet_tagged,,,,
MAH.AX,MACMAHON HOLDINGS LIMITED,materials,1983-12-01,765019965.0,10:04:30,355.5,zz_not_yet_tagged,,,,
MAI.AX,MAINSTREAM GROUP HOLDINGS LIMITED,zz_industry_group,2000-01-01,0.0,10:04:30,355.5,zz_not_yet_tagged,,,,
MAM.AX,MICROEQUITIES ASSET MANAGEMENT GROUP LIMITED,financial_services,2018-04-30,69006844.0,10:04:30,355.5,zz_not_yet_tagged,,,,
MAN.AX,MANDRAKE RESOURCES LIMITED,materials,1987-05-29,13799718.0,10:04:30,355.5,zz_not_yet_tagged,,,,
MAP.AX,MICROBA LIFE SCIENCES LIMITED,health_care_equipment_and_services,2022-04-05,80613356.0,10:04:30,355.5,zz_not_yet_tagged,,,,
MAQ.AX,MACQUARIE TECHNOLOGY GROUP LIMITED,software_and_services,1999-09-27,2191024957.0,10:04:30,355.5,zz_not_yet_tagged,,,,
MAT.AX,MATSA RESOURCES LIMITED,materials,2005-04-20,23403150.0,10:04:30,355.5,zz_not_yet_tagged,,,,
MAU.AX,MAGNETIC RESOURCES NL,materials,2007-04-05,320090712.0,10:04:30,355.5,zz_not_yet_tagged,,,,
MAUCA.AX,MAGNETIC RESOURCES NL,materials,2007-04-05,320090712.0,10:04:30,355.5,zz_not_yet_tagged,,,,
MAX.AX,MILLINIUM'S ALTERNATIVES FUND.,not_applic,2006-12-20,0.0,10:04:30,355.5,zz_not_yet_tagged,,,,
MAY.AX,MELBANA ENERGY LIMITED,energy,1998-03-27,94365715.0,10:04:30,355.5,zz_not_yet_tagged,,,,
MBH.AX,MAGGIE BEER HOLDINGS LTD,food_beverage_and_tobacco,2004-08-27,18772066.0,10:04:30,355.5,zz_not_yet_tagged,,,,
MBK.AX,METAL BANK LIMITED,materials,2011-03-02,6964426.0,10:04:30,355.5,zz_not_yet_tagged,,,,
MBKNC.AX,METAL BANK LIMITED,materials,2011-03-02,10701615.0,10:04:30,355.5,zz_not_yet_tagged,,,,
MBX.AX,MY FOODIE BOX LIMITED,consumer_staples_distribution_and_retail,2022-01-07,0.0,10:04:30,355.5,zz_not_yet_tagged,,,,
MCA.AX,MURRAY COD AUSTRALIA LIMITED,food_beverage_and_tobacco,2011-03-30,153336073.0,10:04:30,355.5,zz_not_yet_tagged,,,,
MCE.AX,MATRIX COMPOSITES & ENGINEERING LIMITED,energy,2009-11-16,54833739.0,10:04:30,355.5,zz_not_yet_tagged,,,,
MCL.AX,MIGHTY CRAFT LIMITED,consumer_services,2019-12-17,5111850.0,10:04:30,355.5,zz_not_yet_tagged,,,,
MCM.AX,MC MINING LIMITED,energy,1980-04-24,69036726.0,10:04:30,355.5,zz_not_yet_tagged,,,,
MCO.AX,MYECO GROUP LTD,materials,1996-11-21,14318641.0,10:04:30,355.5,zz_not_yet_tagged,,,,
MCP.AX,MCPHERSON'S LIMITED,household_and_personal_products,1962-06-30,46063725.0,10:04:30,355.5,zz_not_yet_tagged,,,,
MCR.AX,MINCOR RESOURCES NL,materials,1997-06-16,806571053.0,10:04:30,355.5,zz_not_yet_tagged,,,,
MCT.AX,METALICITY LIMITED,materials,2005-12-21,8970108.0,10:04:30,355.5,zz_not_yet_tagged,,,,
MCX.AX,MARINER CORPORATION LIMITED,financial_services,1986-06-20,0.0,10:04:30,355.5,zz_not_yet_tagged,,,,
MCY.AX,MERCURY NZ LIMITED,utilities,2013-05-10,7137319272.0,10:04:30,355.5,zz_not_yet_tagged,,,,
MDC.AX,MEDLAB CLINICAL LIMITED,pharmaceuticals_biotechnology_and_life_sciences,2015-07-14,0.0,10:04:30,355.5,zz_not_yet_tagged,,,,
MDI.AX,MIDDLE ISLAND RESOURCES LIMITED,materials,2010-12-16,3823298.0,10:04:30,355.5,zz_not_yet_tagged,,,,
MDR.AX,MEDADVISOR LIMITED,health_care_equipment_and_services,2011-05-26,154410378.0,10:04:30,355.5,zz_not_yet_tagged,,,,
MDX.AX,MINDAX LIMITED,materials,2004-12-08,79902567.0,10:04:30,355.5,zz_not_yet_tagged,,,,
ME1.AX,MELODIOL GLOBAL HEALTH LIMITED,pharmaceuticals_biotechnology_and_life_sciences,2016-10-20,3382437.0,10:04:30,355.5,zz_not_yet_tagged,,,,
MEA.AX,MCGRATH LIMITED,real_estate_management_and_development,2015-12-07,85159967.0,10:04:30,355.5,zz_not_yet_tagged,,,,
MEB.AX,MEDIBIO LIMITED,health_care_equipment_and_services,2001-01-29,4150594.0,10:04:30,355.5,zz_not_yet_tagged,,,,
MEC.AX,MORPHIC ETHICAL EQUITIES FUND LIMITED,financial_services,2017-05-03,37956346.0,10:04:30,355.5,zz_not_yet_tagged,,,,
MEG.AX,MEGADO MINERALS LTD,materials,2020-10-27,5875566.0,10:04:30,355.5,zz_not_yet_tagged,,,,
MEI.AX,METEORIC RESOURCES NL,materials,2004-07-16,186531885.0,10:04:30,355.5,zz_not_yet_tagged,,,,
MEK.AX,MEEKA METALS LIMITED,materials,1999-12-21,174305244.0,10:04:30,355.5,zz_not_yet_tagged,,,,
MEL.AX,METGASCO LTD,energy,2004-12-23,5830347.0,10:04:30,355.5,zz_not_yet_tagged,,,,
MEM.AX,MEMPHASYS LIMITED.,pharmaceuticals_biotechnology_and_life_sciences,2007-05-14,8815407.0,10:04:30,355.5,zz_not_yet_tagged,,,,
MEP.AX,MINOTAUR EXPLORATION LTD,materials,2005-02-24,90241047.0,10:04:30,355.5,zz_not_yet_tagged,,,,
MEU.AX,MARMOTA LIMITED,energy,2007-11-21,41289977.0,10:04:30,355.5,zz_not_yet_tagged,,,,
MEZ.AX,MERIDIAN ENERGY LIMITED,utilities,2013-10-29,13344096655.0,10:04:30,355.5,zz_not_yet_tagged,,,,
MFB.AX,MY FOOD BAG GROUP LIMITED,consumer_staples_distribution_and_retail,2021-03-05,53336255.0,10:04:30,355.5,zz_not_yet_tagged,,,,
MFD.AX,MAYFIELD CHILDCARE LIMITED,consumer_services,2016-11-30,32137442.0,10:04:30,355.5,zz_not_yet_tagged,downloaded,,,
MFF.AX,MFF CAPITAL INVESTMENTS LIMITED,not_applic,2006-12-19,2667896835.0,10:04:30,355.5,zz_not_yet_tagged,,,,
MFG.AX,MAGELLAN FINANCIAL GROUP LIMITED,financial_services,2004-07-01,1977387471.0,10:04:30,355.5,zz_not_yet_tagged,,,,
MG1.AX,MINING GREEN METALS LIMITED,class_pend,2000-01-01,0.0,10:04:30,355.5,zz_not_yet_tagged,,,,
MGA.AX,METALSGROVE MINING LTD,materials,2022-07-06,5692680.0,10:04:30,355.5,zz_not_yet_tagged,,,,
MGF.AX,MAGELLAN GLOBAL FUND.,not_applic,2020-11-30,2904220204.0,10:04:30,355.5,zz_not_yet_tagged,,,,
MGG.AX,MOGUL GAMES GROUP LTD,media_and_entertainment,2011-10-19,4905643.0,10:04:30,355.5,zz_not_yet_tagged,,,,
MGH.AX,MAAS GROUP HOLDINGS LIMITED,capital_goods,2020-12-04,1669014697.0,10:04:30,355.5,zz_not_yet_tagged,,,,
MGL.AX,MAGONTEC LIMITED,materials,1983-07-07,15132316.0,10:04:30,355.5,zz_not_yet_tagged,,,,
MGR.AX,MIRVAC GROUP,equity_real_estate_investment_trusts_(reits),1999-06-16,7654968821.0,10:04:30,355.5,zz_not_yet_tagged,,,,
MGT.AX,MAGNETITE MINES LIMITED.,materials,2006-04-06,16149164.0,10:04:30,355.5,zz_not_yet_tagged,,,,
MGTNF.AX,MAGNETITE MINES LIMITED.,materials,2006-04-06,82153419.0,10:04:30,355.5,zz_not_yet_tagged,,,,
MGU.AX,MAGNUM MINING AND EXPLORATION LIMITED,materials,1987-04-23,7284253.0,10:04:30,355.5,zz_not_yet_tagged,,,,
MGV.AX,MUSGRAVE MINERALS LIMITED,materials,2011-04-29,112329510.0,10:04:30,355.5,zz_not_yet_tagged,,,,
MGX.AX,MOUNT GIBSON IRON LIMITED,materials,1976-02-12,380769346.0,10:04:30,355.5,zz_not_yet_tagged,,,,
MHC.AX,MANHATTAN CORPORATION LIMITED,energy,2008-01-29,5167776.0,10:04:30,355.5,zz_not_yet_tagged,,,,
MHI.AX,MERCHANT HOUSE INTERNATIONAL LIMITED,consumer_durables_and_apparel,1994-10-31,14139974.0,10:04:30,355.5,zz_not_yet_tagged,,,,
MHJ.AX,MICHAEL HILL INTERNATIONAL LIMITED,consumer_discretionary_distribution_and_retail,2016-07-07,232775542.0,10:04:30,355.5,zz_not_yet_tagged,,,,
MHK.AX,METAL HAWK LIMITED.,materials,2020-11-19,36118401.0,10:04:30,355.5,zz_not_yet_tagged,,,,
MI6.AX,MINERALS 260 LIMITED,materials,2021-10-12,28080000.0,10:04:30,355.5,zz_not_yet_tagged,,,,
MIH.AX,MNC MEDIA INVESTMENT LTD,media_and_entertainment,2013-09-13,0.0,10:04:30,355.5,zz_not_yet_tagged,,,,
MIL.AX,MILLENNIUM SERVICES GROUP LIMITED,commercial_and_professional_services,2015-11-19,52822850.0,10:04:30,355.5,zz_not_yet_tagged,,,,
MIN.AX,MINERAL RESOURCES LIMITED,materials,2006-07-28,6897803000.0,10:04:30,355.5,zz_not_yet_tagged,,,,
MIO.AX,MACARTHUR MINERALS LIMITED,materials,2019-12-06,7587289.0,10:04:30,355.5,zz_not_yet_tagged,,,,
MIR.AX,MIRRABOOKA INVESTMENTS LIMITED,not_applic,2001-06-28,654646579.0,10:04:30,355.5,zz_not_yet_tagged,,,,
MIRNB.AX,MIRRABOOKA INVESTMENTS LIMITED,not_applic,2001-06-28,602722662.0,10:04:30,355.5,zz_not_yet_tagged,,,,
MKG.AX,MAKO GOLD LIMITED,materials,2018-04-16,12826048.0,10:04:30,355.5,zz_not_yet_tagged,,,,
MKL.AX,MIGHTY KINGDOM LIMITED,media_and_entertainment,2021-04-21,0.0,10:04:30,355.5,zz_not_yet_tagged,,,,
MKR.AX,MANUKA RESOURCES LTD.,materials,2020-07-14,24323030.0,10:04:30,355.5,zz_not_yet_tagged,,,,
MKT.AX,THE MARKET LIMITED,media_and_entertainment,2016-09-15,49750750.0,10:04:30,355.5,zz_not_yet_tagged,,,,
MLD.AX,MACA LIMITED,materials,2010-11-03,365630605.0,10:04:30,355.5,zz_not_yet_tagged,,,,
MLG.AX,MLG OZ LIMITED,materials,2021-05-04,83404827.0,10:04:30,355.5,zz_not_yet_tagged,,,,
MLM.AX,METALLICA MINERALS LIMITED,materials,2004-11-23,24958022.0,10:04:30,355.5,zz_not_yet_tagged,,,,
MLS.AX,METALS AUSTRALIA LTD,materials,1986-01-23,15271610.0,10:04:30,355.5,zz_not_yet_tagged,,,,
MLX.AX,METALS X LIMITED,materials,2004-08-26,358654325.0,10:04:30,355.5,zz_not_yet_tagged,,,,
MM1.AX,MIDAS MINERALS LTD,materials,2021-09-07,10010534.0,10:04:30,355.5,zz_not_yet_tagged,,,,
MM8.AX,MEDALLION METALS LIMITED.,materials,2021-03-22,42988719.0,10:04:30,355.5,zz_not_yet_tagged,,,,
MMA.AX,MARONAN METALS LIMITED,materials,2022-04-29,44275622.0,10:04:30,355.5,zz_not_yet_tagged,,,,
MMC.AX,MITRE MINING CORPORATION LIMITED,materials,2021-09-30,23182878.0,10:04:30,355.5,zz_not_yet_tagged,,,,
MME.AX,MONEYME LIMITED,financial_services,2019-12-12,128012556.0,10:04:30,355.5,zz_not_yet_tagged,,,,
MMG.AX,MONGER GOLD LTD,materials,2021-07-06,16140000.0,10:04:30,355.5,zz_not_yet_tagged,,,,
MMI.AX,METRO MINING LIMITED,materials,2009-12-04,345346118.0,10:04:30,355.5,zz_not_yet_tagged,,,,
MMJ.AX,MMJ GROUP HOLDINGS LIMITED,not_applic,2015-01-22,14947009.0,10:04:30,355.5,zz_not_yet_tagged,,,,
MML.AX,MCLAREN MINERALS LIMITED,materials,2022-05-02,4578861.0,10:04:30,355.5,zz_not_yet_tagged,,,,
MMM.AX,MARLEY SPOON SE,consumer_staples_distribution_and_retail,2018-07-02,3178559.0,10:04:30,355.5,zz_not_yet_tagged,downloaded,,,
MMR.AX,MEC RESOURCES LIMITED,energy,2006-05-29,9159035.0,10:04:30,355.5,zz_not_yet_tagged,,,,
MMS.AX,MCMILLAN SHAKESPEARE LIMITED,commercial_and_professional_services,2004-12-17,977788057.0,10:04:30,355.5,zz_not_yet_tagged,,,,
MNB.AX,MINBOS RESOURCES LIMITED,materials,2010-10-18,62941280.0,10:04:30,355.5,zz_not_yet_tagged,,,,
MNC.AX,MERINO & CO. LIMITED,consumer_durables_and_apparel,2024-10-30,19919674.0,10:04:30,355.5,zz_not_yet_tagged,,,,
MND.AX,MONADELPHOUS GROUP LIMITED,capital_goods,1991-03-28,1309936819.0,10:04:30,355.5,zz_not_yet_tagged,,,,
MNF.AX,MNF GROUP LIMITED,telecommunication_services,2006-05-18,613030724.0,10:04:30,355.5,zz_not_yet_tagged,,,,
MNS.AX,MAGNIS ENERGY TECHNOLOGIES LTD,materials,2005-10-25,0.0,10:04:30,355.5,zz_not_yet_tagged,,,,
MNY.AX,MONEY3 CORPORATION LIMITED,diversified_financials,2006-10-19,525204244.0,10:04:30,355.5,zz_not_yet_tagged,,,,
MOB.AX,MOBILICOM LIMITED,technology_hardware_and_equipment,2017-05-02,9318958.0,10:04:30,355.5,zz_not_yet_tagged,,,,
MOH.AX,MOHO RESOURCES LIMITED,materials,2018-11-07,2695891.0,10:04:30,355.5,zz_not_yet_tagged,,,,
MOM.AX,MOAB MINERALS LIMITED,materials,1987-01-15,4700998.0,10:04:30,355.5,zz_not_yet_tagged,,,,
MOQ.AX,MOQ LIMITED,software_and_services,2000-12-19,22653811.0,10:04:30,355.5,zz_not_yet_tagged,,,,
MOT.AX,METRICS INCOME OPPORTUNITIES TRUST,not_applic,2019-04-29,710672024.0,10:04:30,355.5,zz_not_yet_tagged,,,,
MOV.AX,MOVE LOGISTICS GROUP LIMITED,transportation,2022-07-01,22332453.0,10:04:30,355.5,zz_not_yet_tagged,,,,
MOZ.AX,MOSAIC BRANDS LIMITED,consumer_discretionary_distribution_and_retail,2000-05-11,0.0,10:04:30,355.5,zz_not_yet_tagged,,,,
MP1.AX,MEGAPORT LIMITED,software_and_services,2015-12-17,1228477709.0,10:04:30,355.5,zz_not_yet_tagged,,,,
MPA.AX,MAD PAWS HOLDINGS LIMITED,consumer_services,2021-03-26,27624474.0,10:04:30,355.5,zz_not_yet_tagged,,,,
MPG.AX,MANY PEAKS GOLD LIMITED,materials,2022-03-16,9963360.0,10:04:30,355.5,zz_not_yet_tagged,,,,
MPH.AX,MEDILAND PHARM LIMITED,retailing,2019-02-22,18765817.0,10:04:30,355.5,zz_not_yet_tagged,,,,
MPK.AX,MANY PEAKS MINERALS LTD,materials,2022-03-16,17112414.0,10:04:30,355.5,zz_not_yet_tagged,,,,
MPL.AX,MEDIBANK PRIVATE LIMITED,insurance,2014-11-25,10327512150.0,10:04:30,355.5,zz_not_yet_tagged,,,,
MPP.AX,METRO PERFORMANCE GLASS LIMITED,capital_goods,2014-07-30,12234954.0,10:04:30,355.5,zz_not_yet_tagged,,,,
MPR.AX,MPOWER GROUP LIMITED,financial_services,1974-01-01,3093330.0,10:04:30,355.5,zz_not_yet_tagged,,,,
MPX.AX,MUSTERA PROPERTY GROUP LIMITED,real_estate_management_and_development,2014-11-28,38021134.0,10:04:30,355.5,zz_not_yet_tagged,,,,
MQG.AX,MACQUARIE GROUP LIMITED,financial_services,2007-11-05,0.0,10:04:30,355.5,zz_not_yet_tagged,,,,
MQR.AX,MARQUEE RESOURCES LIMITED,materials,2017-03-15,6245766.0,10:04:30,355.5,zz_not_yet_tagged,,,,
MR1.AX,MONTEM RESOURCES LIMITED.,materials,2020-09-15,0.0,10:04:30,355.5,zz_not_yet_tagged,,,,
MRC.AX,MINERAL COMMODITIES LTD,materials,1981-08-14,0.0,10:04:30,355.5,zz_not_yet_tagged,,,,
MRD.AX,MOUNT RIDLEY MINES LIMITED,materials,2004-09-15,7784883.0,10:04:30,355.5,zz_not_yet_tagged,,,,
MRDDB.AX,MOUNT RIDLEY MINES LIMITED,materials,2004-09-15,0.0,10:04:30,355.5,zz_not_yet_tagged,,,,
MRE.AX,METRICS REAL ESTATE MULTI-STRATEGY FUND,not_applic,2024-10-16,294504616.0,10:04:30,355.5,zz_not_yet_tagged,,,,
MRG.AX,MURRAY RIVER ORGANICS GROUP LIMITED,food_beverage_and_tobacco,2016-12-16,10808210.0,10:04:30,355.5,zz_not_yet_tagged,,,,
MRI.AX,MY REWARDS INTERNATIONAL LIMITED,commercial_and_professional_services,2022-02-11,0.0,10:04:30,355.5,zz_not_yet_tagged,,,,
MRL.AX,MAYUR RESOURCES LIMITED,materials,2017-09-21,123635311.0,10:04:30,355.5,zz_not_yet_tagged,,,,
MRM.AX,MMA OFFSHORE LIMITED,energy,1999-06-21,748567713.0,10:04:30,355.5,zz_not_yet_tagged,,,,
MRQ.AX,MRG METALS LIMITED,materials,2011-12-17,8179556.0,10:04:30,355.5,zz_not_yet_tagged,,,,
MRR.AX,MINREX RESOURCES LIMITED,materials,2011-11-11,8678940.0,10:04:30,355.5,zz_not_yet_tagged,,,,
MRZ.AX,MONT ROYAL RESOURCES LIMITED,materials,2019-05-07,3401192.0,10:04:30,355.5,zz_not_yet_tagged,,,,
MSA.AX,MYSALE GROUP PLC,class_pend,2000-01-01,0.0,10:04:30,355.5,zz_not_yet_tagged,,,,
MSB.AX,MESOBLAST LIMITED,pharmaceuticals_biotechnology_and_life_sciences,2004-12-16,2089464929.0,10:04:30,355.5,zz_not_yet_tagged,,,,
MSG.AX,MCS SERVICES LIMITED,commercial_and_professional_services,2012-01-17,0.0,10:04:30,355.5,zz_not_yet_tagged,,,,
MSI.AX,MULTISTACK INTERNATIONAL LIMITED,capital_goods,1993-02-11,545216.0,10:04:30,355.5,zz_not_yet_tagged,,,,
MSL.AX,MSL SOLUTIONS LIMITED.,software_and_services,2017-05-04,61925784.0,10:04:30,355.5,zz_not_yet_tagged,,,,
MSM.AX,MSM CORPORATION INTERNATIONAL LTD,zz_industry_group,2000-01-01,0.0,10:04:30,355.5,zz_not_yet_tagged,,,,
MSV.AX,MITCHELL SERVICES LIMITED,materials,2011-08-02,72568681.0,10:04:30,355.5,zz_not_yet_tagged,,,,
MTB.AX,MOUNT BURGESS MINING NL,materials,1985-09-05,1947225.0,10:04:30,355.5,zz_not_yet_tagged,,,,
MTC.AX,METALSTECH LIMITED,materials,2017-02-24,21729343.0,10:04:30,355.5,zz_not_yet_tagged,,,,
MTH.AX,MITHRIL SILVER AND GOLD LIMITED,materials,2002-11-18,54972898.0,10:04:30,355.5,zz_not_yet_tagged,,,,
MTL.AX,MANTLE MINERALS LIMITED,materials,2000-07-11,9296169.0,10:04:30,355.5,zz_not_yet_tagged,,,,
MTM.AX,MTM CRITICAL METALS LIMITED,materials,2021-07-15,69123492.0,10:04:30,355.5,zz_not_yet_tagged,,,,
MTO.AX,MOTORCYCLE HOLDINGS LIMITED,consumer_discretionary_distribution_and_retail,2016-04-29,141708372.0,10:04:30,355.5,zz_not_yet_tagged,,,,
MTR.AX,METAL TIGER PLC,materials,2021-05-27,55062662.0,10:04:30,355.5,zz_not_yet_tagged,,,,
MTS.AX,METCASH LIMITED,consumer_staples_distribution_and_retail,2005-04-08,3523640712.0,10:04:30,355.5,zz_not_yet_tagged,,,,
MVF.AX,MONASH IVF GROUP LIMITED,health_care_equipment_and_services,2014-06-26,479250853.0,10:04:30,355.5,zz_not_yet_tagged,,,,
MVL.AX,MARVEL GOLD LIMITED,materials,2016-06-14,8637907.0,10:04:30,355.5,zz_not_yet_tagged,,,,
MVP.AX,MEDICAL DEVELOPMENTS INTERNATIONAL LIMITED,pharmaceuticals_biotechnology_and_life_sciences,2003-12-15,45626621.0,10:04:30,355.5,zz_not_yet_tagged,,,,
MWY.AX,MIDWAY LIMITED,materials,2016-12-08,101965039.0,10:04:30,355.5,zz_not_yet_tagged,,,,
MX1.AX,MICRO-X LIMITED,health_care_equipment_and_services,2015-12-22,44201886.0,10:04:30,355.5,zz_not_yet_tagged,,,,
MXC.AX,MGC PHARMACEUTICALS LTD,pharmaceuticals_biotechnology_and_life_sciences,2006-12-21,19733234.0,10:04:30,355.5,zz_not_yet_tagged,,,,
MXI.AX,MAXIPARTS LIMITED,capital_goods,1994-12-07,96803683.0,10:04:30,355.5,zz_not_yet_tagged,,,,
MXO.AX,MOTIO LTD,media_and_entertainment,2011-05-09,10304626.0,10:04:30,355.5,zz_not_yet_tagged,,,,
MXR.AX,MAXIMUS RESOURCES LIMITED,materials,2005-10-26,19684674.0,10:04:30,355.5,zz_not_yet_tagged,,,,
MXT.AX,METRICS MASTER INCOME TRUST,not_applic,2017-10-09,2273555018.0,10:04:30,355.5,zz_not_yet_tagged,,,,
MYD.AX,MYDEAL.COM.AU LIMITED,retailing,2020-10-22,270474535.0,10:04:30,355.5,zz_not_yet_tagged,,,,
MYE.AX,MASTERMYNE GROUP LIMITED,materials,2010-05-07,50980301.0,10:04:30,355.5,zz_not_yet_tagged,,,,
MYG.AX,MAYFIELD GROUP HOLDINGS LIMITED,capital_goods,1986-10-30,71345859.0,10:04:30,355.5,zz_not_yet_tagged,,,,
MYL.AX,MALLEE RESOURCES LIMITED,materials,2007-12-03,0.0,10:04:30,355.5,zz_not_yet_tagged,,,,
MYR.AX,MYER HOLDINGS LIMITED,consumer_discretionary_distribution_and_retail,2009-11-02,1005068428.0,10:04:30,355.5,zz_not_yet_tagged,,,,
MYS.AX,MYSTATE LIMITED,banks,2009-10-27,453755226.0,10:04:30,355.5,zz_not_yet_tagged,downloaded,,,
MYX.AX,MAYNE PHARMA GROUP LIMITED,pharmaceuticals_biotechnology_and_life_sciences,2007-06-29,397292094.0,10:04:30,355.5,zz_not_yet_tagged,,,,
MZZ.AX,MATADOR MINING LIMITED,materials,2017-03-08,19150129.0,10:04:30,355.5,zz_not_yet_tagged,,,,
N1H.AX,N1 HOLDINGS LIMITED,financial_services,2016-03-18,11447224.0,10:06:45,353.25,zz_not_yet_tagged,downloaded,,,
NAB.AX,NATIONAL AUSTRALIA BANK LIMITED,banks,1962-01-31,115683106140.0,10:06:45,353.25,zz_not_yet_tagged,downloaded,,,
NAC.AX,NAOS EX-50 OPPORTUNITIES COMPANY LIMITED,not_applic,2014-11-12,18367730.0,10:06:45,353.25,zz_not_yet_tagged,,,,
NAE.AX,NEW AGE EXPLORATION LIMITED,energy,1994-02-18,8575596.0,10:06:45,353.25,zz_not_yet_tagged,,,,
NAG.AX,NAGAMBIE RESOURCES LIMITED,materials,2006-06-23,16869349.0,10:06:45,353.25,zz_not_yet_tagged,,,,
NAM.AX,NAMOI COTTON LIMITED,commercial_and_professional_services,1998-04-06,102433500.0,10:06:45,353.25,zz_not_yet_tagged,,,,
NAN.AX,NANOSONICS LIMITED,health_care_equipment_and_services,2007-05-17,904572074.0,10:06:45,353.25,zz_not_yet_tagged,,,,
NBI.AX,NB GLOBAL CORPORATE INCOME TRUST,not_applic,2018-09-26,647256548.0,10:06:45,353.25,zz_not_yet_tagged,,,,
NC1.AX,NICO RESOURCES LIMITED,materials,2022-01-19,10616706.0,10:06:45,353.25,zz_not_yet_tagged,,,,
NC6.AX,NANOLLOSE LIMITED,pharmaceuticals_biotechnology_and_life_sciences,2017-10-18,3096115.0,10:06:45,353.25,zz_not_yet_tagged,,,,
NCC.AX,NAOS EMERGING OPPORTUNITIES COMPANY LIMITED,not_applic,2013-02-26,26198858.0,10:06:45,353.25,zz_not_yet_tagged,,,,
NCK.AX,NICK SCALI LIMITED,consumer_discretionary_distribution_and_retail,2004-05-26,1284671099.0,10:06:45,353.25,zz_not_yet_tagged,,,,
NCL.AX,NETCCENTRIC LIMITED,media_and_entertainment,2015-07-06,18395758.0,10:06:45,353.25,zz_not_yet_tagged,,,,
NCM.AX,NEWCREST MINING LIMITED,materials,1987-06-04,23567101636.0,10:06:45,353.25,zz_not_yet_tagged,,,,
NCR.AX,NUCOAL RESOURCES LIMITED,materials,1996-05-31,0.0,10:06:45,353.25,zz_not_yet_tagged,,,,
NCZ.AX,NEW CENTURY RESOURCES LIMITED,materials,2010-12-08,148482094.0,10:06:45,353.25,zz_not_yet_tagged,,,,
NCZN.AX,NEW CENTURY RESOURCES LIMITED,materials,2010-12-08,0.0,10:06:45,353.25,zz_not_yet_tagged,,,,
NDO.AX,NIDO EDUCATION LIMITED,consumer_services,2023-10-16,175613674.0,10:06:45,353.25,zz_not_yet_tagged,,,,
NEA.AX,NEARMAP LTD,software_and_services,2000-12-07,1035113361.0,10:06:45,353.25,zz_not_yet_tagged,,,,
NEC.AX,NINE ENTERTAINMENT CO. HOLDINGS LIMITED,media_and_entertainment,2013-12-06,1990131464.0,10:06:45,353.25,zz_not_yet_tagged,,,,
NEM.AX,NEWMONT CORPORATION,materials,2023-10-27,71076948988.0,10:06:45,353.25,zz_not_yet_tagged,,,,
NES.AX,NELSON RESOURCES LIMITED.,materials,2017-12-07,5429819.0,10:06:45,353.25,zz_not_yet_tagged,,,,
NET.AX,NETLINKZ LIMITED,software_and_services,2011-01-13,11635345.0,10:06:45,353.25,zz_not_yet_tagged,,,,
NEU.AX,NEUREN PHARMACEUTICALS LIMITED,pharmaceuticals_biotechnology_and_life_sciences,2005-02-03,1729873491.0,10:06:45,353.25,zz_not_yet_tagged,,,,
NEW.AX,NEW ENERGY SOLAR LIMITED,utilities,2017-12-04,294940947.0,10:06:45,353.25,zz_not_yet_tagged,,,,
NFL.AX,NORFOLK METALS LIMITED,materials,2022-03-22,4296173.0,10:06:45,353.25,zz_not_yet_tagged,,,,
NFM.AX,NEW FRONTIER MINERALS LIMITED,materials,2010-12-14,24713501.0,10:06:45,353.25,zz_not_yet_tagged,,,,
NGE.AX,NGE CAPITAL LIMITED,not_applic,2007-12-28,39108545.0,10:06:45,353.25,zz_not_yet_tagged,,,,
NGI.AX,NAVIGATOR GLOBAL INVESTMENTS LIMITED,financial_services,2006-04-28,789027879.0,10:06:45,353.25,zz_not_yet_tagged,,,,
NGL.AX,NIGHTINGALE INTELLIGENT SYSTEMS INC,capital_goods,2022-11-18,8925931.0,10:06:45,353.25,zz_not_yet_tagged,,,,
NGS.AX,NUTRITIONAL GROWTH SOLUTIONS LTD,household_and_personal_products,2020-10-30,6461641.0,10:06:45,353.25,zz_not_yet_tagged,,,,
NGX.AX,NGX LIMITED,materials,2023-06-16,15404013.0,10:06:45,353.25,zz_not_yet_tagged,,,,
NGY.AX,NUENERGY GAS LIMITED,energy,1987-01-15,30271993.0,10:06:45,353.25,zz_not_yet_tagged,,,,
NH3.AX,NH3 CLEAN ENERGY LIMITED,materials,2008-10-17,9745402.0,10:06:45,353.25,zz_not_yet_tagged,,,,
NHC.AX,NEW HOPE CORPORATION LIMITED,energy,2003-09-16,4252037384.0,10:06:45,353.25,zz_not_yet_tagged,,,,
NHE.AX,NOBLE HELIUM LIMITED,energy,2022-04-08,25509086.0,10:06:45,353.25,zz_not_yet_tagged,,,,
NHF.AX,NIB HOLDINGS LIMITED,insurance,2007-11-05,2688339496.0,10:06:45,353.25,zz_not_yet_tagged,,,,
NIC.AX,NICKEL INDUSTRIES LIMITED,materials,2018-08-20,3775032694.0,10:06:45,353.25,zz_not_yet_tagged,,,,
NIM.AX,NIMY RESOURCES LIMITED,materials,2021-11-22,14168420.0,10:06:45,353.25,zz_not_yet_tagged,,,,
NIS.AX,NICKELSEARCH LIMITED,materials,2021-10-18,7473986.0,10:06:45,353.25,zz_not_yet_tagged,,,,
NKL.AX,NICKELX LIMITED,materials,2021-05-07,3776052.0,10:06:45,353.25,zz_not_yet_tagged,,,,
NME.AX,NEX METALS EXPLORATION LIMITED,materials,2007-12-06,9257450.0,10:06:45,353.25,zz_not_yet_tagged,,,,
NMG.AX,NEW MURCHISON GOLD LIMITED,materials,2001-03-22,74143097.0,10:06:45,353.25,zz_not_yet_tagged,,,,
NML.AX,NAVARRE MINERALS LIMITED,materials,2011-03-31,0.0,10:06:45,353.25,zz_not_yet_tagged,,,,
NMR.AX,NATIVE MINERAL RESOURCES HOLDINGS LIMITED,materials,2020-11-16,15033959.0,10:06:45,353.25,zz_not_yet_tagged,,,,
NMRNB.AX,NATIVE MINERAL RESOURCES HOLDINGS LIMITED,materials,2020-11-16,0.0,10:06:45,353.25,zz_not_yet_tagged,,,,
NMT.AX,NEOMETALS LTD,materials,2002-07-10,57706881.0,10:06:45,353.25,zz_not_yet_tagged,,,,
NNG.AX,NEXION GROUP LTD,software_and_services,2021-02-18,0.0,10:06:45,353.25,zz_not_yet_tagged,,,,
NNL.AX,NORDIC RESOURCES LTD,materials,2022-06-01,13559314.0,10:06:45,353.25,zz_not_yet_tagged,,,,
NOL.AX,NOBLEOAK LIFE LIMITED,insurance,2021-07-22,151292876.0,10:06:45,353.25,zz_not_yet_tagged,,,,
NOR.AX,NORWOOD SYSTEMS LIMITED,software_and_services,1995-06-27,13818118.0,10:06:45,353.25,zz_not_yet_tagged,,,,
NOU.AX,NOUMI LIMITED,food_beverage_and_tobacco,1985-11-07,48494131.0,10:06:45,353.25,zz_not_yet_tagged,,,,
NOV.AX,NOVATTI GROUP LIMITED,software_and_services,2016-01-18,16225380.0,10:06:45,353.25,zz_not_yet_tagged,,,,
NOX.AX,NOXOPHARM LIMITED,pharmaceuticals_biotechnology_and_life_sciences,2016-08-09,28639319.0,10:06:45,353.25,zz_not_yet_tagged,,,,
NPM.AX,NEWPEAK METALS LIMITED,materials,2011-04-11,3054051.0,10:06:45,353.25,zz_not_yet_tagged,,,,
NPR.AX,NEWMARK PROPERTY REIT,equity_real_estate_investment_trusts_(reits),2021-12-06,244316959.0,10:06:45,353.25,zz_not_yet_tagged,,,,
NRX.AX,NORONEX LIMITED,materials,2017-11-15,4996874.0,10:06:45,353.25,zz_not_yet_tagged,,,,
NRZ.AX,NEURIZER LTD,materials,2005-03-17,4226791.0,10:06:45,353.25,zz_not_yet_tagged,,,,
NSB.AX,NEUROSCIENTIFIC BIOPHARMACEUTICALS LTD,pharmaceuticals_biotechnology_and_life_sciences,2018-07-27,5061170.0,10:06:45,353.25,zz_not_yet_tagged,,,,
NSC.AX,NAOS SMALL CAP OPPORTUNITIES COMPANY LIMITED,not_applic,2004-03-25,53947466.0,10:06:45,353.25,zz_not_yet_tagged,,,,
NSE.AX,NEW STANDARD ENERGY LIMITED,energy,2007-08-15,0.0,10:06:45,353.25,zz_not_yet_tagged,,,,
NSM.AX,NORTH STAWELL MINERALS LTD,materials,2020-09-24,4090148.0,10:06:45,353.25,zz_not_yet_tagged,,,,
NSR.AX,NATIONAL STORAGE REIT,equity_real_estate_investment_trusts_(reits),2013-12-19,3261055019.0,10:06:45,353.25,zz_not_yet_tagged,,,,
NST.AX,NORTHERN STAR RESOURCES LTD,materials,2003-12-17,18509926262.0,10:06:45,353.25,zz_not_yet_tagged,,,,
NSX.AX,NSX LIMITED,financial_services,2005-01-13,11444524.0,10:06:45,353.25,zz_not_yet_tagged,,,,
NTD.AX,NTAW HOLDINGS LIMITED,consumer_discretionary_distribution_and_retail,2017-12-15,64567430.0,10:06:45,353.25,zz_not_yet_tagged,,,,
NTH.AX,NORTHSTAR ENERGY LTD,energy,2000-01-01,0.0,10:06:45,353.25,zz_not_yet_tagged,,,,
NTI.AX,NEUROTECH INTERNATIONAL LIMITED,health_care_equipment_and_services,2016-11-04,58358828.0,10:06:45,353.25,zz_not_yet_tagged,,,,
NTL.AX,NEW TALISMAN GOLD MINES LIMITED,materials,1987-05-28,10007171.0,10:06:45,353.25,zz_not_yet_tagged,,,,
NTLND.AX,NEW TALISMAN GOLD MINES LIMITED,materials,1987-05-28,5436723.0,10:06:45,353.25,zz_not_yet_tagged,,,,
NTM.AX,NT MINERALS LIMITED,materials,1993-12-22,4843612.0,10:06:45,353.25,zz_not_yet_tagged,,,,
NTO.AX,NITRO SOFTWARE LIMITED,software_and_services,2019-12-11,562069545.0,10:06:45,353.25,zz_not_yet_tagged,,,,
NTU.AX,NORTHERN MINERALS LIMITED,materials,2006-11-15,166061000.0,10:06:45,353.25,zz_not_yet_tagged,,,,
NUC.AX,NUCHEV LIMITED,food_beverage_and_tobacco,2019-12-09,16829020.0,10:06:45,353.25,zz_not_yet_tagged,,,,
NUF.AX,NUFARM LIMITED,materials,1988-11-10,1389888943.0,10:06:45,353.25,zz_not_yet_tagged,,,,
NUH.AX,NUHEARA LIMITED,technology_hardware_and_equipment,2010-03-05,0.0,10:06:45,353.25,zz_not_yet_tagged,,,,
NUHDB.AX,NUHEARA LIMITED,technology_hardware_and_equipment,2010-03-05,0.0,10:06:45,353.25,zz_not_yet_tagged,,,,
NUZ.AX,NEURIZON THERAPEUTICS LIMITED,pharmaceuticals_biotechnology_and_life_sciences,2001-10-05,81164451.0,10:06:45,353.25,zz_not_yet_tagged,,,,
NVA.AX,NOVA MINERALS LIMITED,materials,1987-06-11,76148846.0,10:06:45,353.25,zz_not_yet_tagged,,,,
NVO.AX,NOVO RESOURCES CORP.,materials,2023-09-11,33689877.0,10:06:45,353.25,zz_not_yet_tagged,,,,
NVQ.AX,NOVIQTECH LIMITED,software_and_services,2018-12-13,32543414.0,10:06:45,353.25,zz_not_yet_tagged,,,,
NVU.AX,NANOVEU LIMITED,technology_hardware_and_equipment,2018-11-30,18272342.0,10:06:45,353.25,zz_not_yet_tagged,,,,
NVX.AX,NOVONIX LIMITED,technology_hardware_and_equipment,2015-12-02,332246066.0,10:06:45,353.25,zz_not_yet_tagged,,,,
NWC.AX,NEW WORLD RESOURCES LIMITED,materials,2005-09-21,53965353.0,10:06:45,353.25,zz_not_yet_tagged,,,,
NWE.AX,NORWEST ENERGY NL,energy,1997-09-19,430891507.0,10:06:45,353.25,zz_not_yet_tagged,,,,
NWF.AX,NEWFIELD RESOURCES LIMITED,materials,2012-06-08,0.0,10:06:45,353.25,zz_not_yet_tagged,,,,
NWFN.AX,NEWFIELD RESOURCES LIMITED,materials,2012-06-08,267397794.0,10:06:45,353.25,zz_not_yet_tagged,,,,
NWH.AX,NRW HOLDINGS LIMITED,capital_goods,2007-09-05,1696182750.0,10:06:45,353.25,zz_not_yet_tagged,,,,
NWL.AX,NETWEALTH GROUP LIMITED,financial_services,2017-11-20,7074124429.0,10:06:45,353.25,zz_not_yet_tagged,,,,
NWM.AX,NORWEST MINERALS LIMITED,materials,2018-11-29,8732151.0,10:06:45,353.25,zz_not_yet_tagged,,,,
NWS.AX,NEWS CORPORATION..,media_and_entertainment,2024-12-17,28072163103.0,10:06:45,353.25,zz_not_yet_tagged,,,,
NWSLV.AX,NEWS CORPORATION..,media_and_entertainment,2024-12-17,28072163103.0,10:06:45,353.25,zz_not_yet_tagged,,,,
NXD.AX,NEXTED GROUP LIMITED,consumer_services,2009-08-24,33227516.0,10:06:45,353.25,zz_not_yet_tagged,,,,
NXG.AX,NEXGEN ENERGY (CANADA) LTD,energy,2021-07-02,6679292053.0,10:06:45,353.25,zz_not_yet_tagged,,,,
NXL.AX,NUIX LIMITED,software_and_services,2020-12-04,2070390652.0,10:06:45,353.25,zz_not_yet_tagged,,,,
NXM.AX,NEXUS MINERALS LIMITED,materials,2007-02-23,25775233.0,10:06:45,353.25,zz_not_yet_tagged,,,,
NXS.AX,NEXT SCIENCE LIMITED,health_care_equipment_and_services,2019-04-18,36520029.0,10:06:45,353.25,zz_not_yet_tagged,,,,
NXT.AX,NEXTDC LIMITED,software_and_services,2010-12-13,9760249684.0,10:06:45,353.25,zz_not_yet_tagged,,,,
NYM.AX,NARRYER METALS LIMITED,materials,2022-04-14,7022822.0,10:06:45,353.25,zz_not_yet_tagged,,,,
NYR.AX,NYRADA INC.,pharmaceuticals_biotechnology_and_life_sciences,2020-01-16,23136708.0,10:06:45,353.25,zz_not_yet_tagged,,,,
NZK.AX,NEW ZEALAND KING SALMON INVESTMENTS LIMITED,food_beverage_and_tobacco,2016-10-19,110327366.0,10:06:45,353.25,zz_not_yet_tagged,,,,
NZM.AX,NZME LIMITED,media_and_entertainment,2016-06-27,180146645.0,10:06:45,353.25,zz_not_yet_tagged,,,,
NZO.AX,NEW ZEALAND OIL & GAS LIMITED,energy,2020-09-25,82861810.0,10:06:45,353.25,zz_not_yet_tagged,,,,
NZS.AX,NEW ZEALAND COASTAL SEAFOODS LIMITED,food_beverage_and_tobacco,2007-06-19,0.0,10:06:45,353.25,zz_not_yet_tagged,,,,
OAK.AX,OAKRIDGE INTERNATIONAL LIMITED,software_and_services,2007-06-22,1592877.0,10:06:45,353.25,zz_not_yet_tagged,,,,
OAR.AX,OAR RESOURCES LIMITED,materials,1998-12-17,7989933.0,10:06:45,353.25,zz_not_yet_tagged,,,,
OAU.AX,ORA GOLD LIMITED,materials,2001-03-22,34440005.0,10:06:45,353.25,zz_not_yet_tagged,,,,
OB1.AX,ORBMINCO LIMITED,materials,2005-09-15,4333180.0,10:06:45,353.25,zz_not_yet_tagged,,,,
OBL.AX,OMNI BRIDGEWAY LIMITED,financial_services,2000-01-28,281171265.0,10:06:45,353.25,zz_not_yet_tagged,,,,
OBM.AX,ORA BANDA MINING LTD,materials,2002-10-29,1222510138.0,10:06:45,353.25,zz_not_yet_tagged,,,,
OCA.AX,OCEANIA HEALTHCARE LIMITED,health_care_equipment_and_services,2017-05-05,488855945.0,10:06:45,353.25,zz_not_yet_tagged,,,,
OCC.AX,ORTHOCELL LIMITED,pharmaceuticals_biotechnology_and_life_sciences,2014-08-17,281650875.0,10:06:45,353.25,zz_not_yet_tagged,,,,
OCL.AX,OBJECTIVE CORPORATION LIMITED,software_and_services,2000-08-17,1549342165.0,10:06:45,353.25,zz_not_yet_tagged,,,,
OCN.AX,OCEANA LITHIUM LIMITED,materials,2022-07-01,2372823.0,10:06:45,353.25,zz_not_yet_tagged,,,,
OCT.AX,OCTAVA MINERALS LIMITED,materials,2022-09-16,10367805.0,10:06:45,353.25,zz_not_yet_tagged,,,,
OD6.AX,OD6 METALS LIMITED,materials,2022-06-22,4118086.0,10:06:45,353.25,zz_not_yet_tagged,,,,
ODA.AX,ORCODA LIMITED,software_and_services,1986-09-15,23038704.0,10:06:45,353.25,zz_not_yet_tagged,,,,
ODE.AX,ODESSA MINERALS LIMITED,materials,1986-07-03,9597195.0,10:06:45,353.25,zz_not_yet_tagged,,,,
ODM.AX,ODIN METALS LIMITED,materials,2010-08-05,13484198.0,10:06:45,353.25,zz_not_yet_tagged,,,,
ODY.AX,ODYSSEY GOLD LTD,materials,2005-11-30,17078552.0,10:06:45,353.25,zz_not_yet_tagged,,,,
OEC.AX,ORBITAL CORPORATION LIMITED,capital_goods,1989-01-24,17253160.0,10:06:45,353.25,zz_not_yet_tagged,,,,
OECN.AX,ORBITAL CORPORATION LIMITED,capital_goods,1989-01-24,46739416.0,10:06:45,353.25,zz_not_yet_tagged,,,,
OEL.AX,OTTO ENERGY LIMITED,energy,2004-12-22,52745108.0,10:06:45,353.25,zz_not_yet_tagged,,,,
OEQ.AX,ORION EQUITIES LIMITED,financial_services,1970-11-19,1956154.0,10:06:45,353.25,zz_not_yet_tagged,,,,
OEX.AX,OILEX LTD,energy,2003-10-24,25087267.0,10:06:45,353.25,zz_not_yet_tagged,,,,
OFX.AX,OFX GROUP LIMITED,financial_services,2013-10-11,328358294.0,10:06:45,353.25,zz_not_yet_tagged,,,,
OGA.AX,OCEAN GROWN ABALONE LIMITED,food_beverage_and_tobacco,2017-11-14,14654223.0,10:06:45,353.25,zz_not_yet_tagged,,,,
OGC.AX,OCEANAGOLD CORPORATION,materials,2007-06-19,1653988830.0,10:06:45,353.25,zz_not_yet_tagged,,,,
OIL.AX,OPTISCAN IMAGING LIMITED,health_care_equipment_and_services,1997-08-08,146184641.0,10:06:45,353.25,zz_not_yet_tagged,,,,
OJC.AX,THE ORIGINAL JUICE CO. LTD,food_beverage_and_tobacco,2012-06-29,50363768.0,10:06:45,353.25,zz_not_yet_tagged,,,,
OKJ.AX,OAKAJEE CORPORATION LIMITED,materials,2008-06-11,731568.0,10:06:45,353.25,zz_not_yet_tagged,,,,
OKR.AX,OKAPI RESOURCES LIMITED,materials,2017-09-28,24772872.0,10:06:45,353.25,zz_not_yet_tagged,,,,
OKU.AX,OKLO RESOURCES LIMITED,materials,2007-05-16,73151989.0,10:06:45,353.25,zz_not_yet_tagged,,,,
OLH.AX,OLDFIELDS HOLDINGS LIMITED,capital_goods,1960-06-15,12723548.0,10:06:45,353.25,zz_not_yet_tagged,,,,
OLI.AX,OLIVER'S REAL FOOD LIMITED,consumer_services,2017-06-21,4866587.0,10:06:45,353.25,zz_not_yet_tagged,downloaded,,,
OLL.AX,OPENLEARNING LIMITED,software_and_services,2019-12-12,8461375.0,10:06:45,353.25,zz_not_yet_tagged,,,,
OLY.AX,OLYMPIO METALS LIMITED,commercial_and_professional_services,2017-09-12,3131153.0,10:06:45,353.25,zz_not_yet_tagged,,,,
OM1.AX,OMNIA METALS GROUP LTD,materials,2022-03-02,0.0,10:06:45,353.25,zz_not_yet_tagged,,,,
OMA.AX,OMEGA OIL & GAS LIMITED,energy,2022-10-25,84699380.0,10:06:45,353.25,zz_not_yet_tagged,,,,
OMH.AX,OM HOLDINGS LIMITED,materials,1998-03-12,272021164.0,10:06:45,353.25,zz_not_yet_tagged,,,,
OML.AX,OOH!MEDIA LIMITED,media_and_entertainment,2014-12-17,611516760.0,10:06:45,353.25,zz_not_yet_tagged,,,,
OMX.AX,ORANGE MINERALS NL,materials,2021-12-08,3392504.0,10:06:45,353.25,zz_not_yet_tagged,,,,
ONE.AX,ONEVIEW HEALTHCARE PLC,health_care_equipment_and_services,2016-03-17,238902004.0,10:06:45,353.25,zz_not_yet_tagged,,,,
ONT.AX,1300 SMILES LIMITED,health_care_equipment_and_services,2005-03-11,0.0,10:06:45,353.25,zz_not_yet_tagged,,,,
ONX.AX,ORMINEX LTD,materials,1971-07-28,19351308.0,10:06:45,353.25,zz_not_yet_tagged,,,,
OOK.AX,OOKAMI LIMITED,materials,2000-02-21,0.0,10:06:45,353.25,zz_not_yet_tagged,,,,
OPA.AX,OPTIMA TECHNOLOGY GROUP LTD,software_and_services,2011-01-27,6957323.0,10:06:45,353.25,zz_not_yet_tagged,,,,
OPH.AX,OPHIR HIGH CONVICTION FUND,not_applic,2018-12-19,656665876.0,10:06:45,353.25,zz_not_yet_tagged,,,,
OPL.AX,OPYL LIMITED,software_and_services,1996-03-07,4438580.0,10:06:45,353.25,zz_not_yet_tagged,,,,
OPN.AX,OPENN NEGOTIATION LIMITED,commercial_and_professional_services,2021-07-21,0.0,10:06:45,353.25,zz_not_yet_tagged,,,,
OPT.AX,OPTHEA LIMITED,pharmaceuticals_biotechnology_and_life_sciences,1991-04-18,781745082.0,10:06:45,353.25,zz_not_yet_tagged,,,,
OPY.AX,OPENPAY GROUP LTD,financial_services,2019-12-16,0.0,10:06:45,353.25,zz_not_yet_tagged,,,,
ORA.AX,ORORA LIMITED,materials,2013-12-18,3157224857.0,10:06:45,353.25,zz_not_yet_tagged,,,,
ORD.AX,ORDELL MINERALS LIMITED,materials,2024-07-30,14516241.0,10:06:45,353.25,zz_not_yet_tagged,,,,
ORE.AX,OROCOBRE LIMITED,materials,2007-12-04,6266876510.0,10:06:45,353.25,zz_not_yet_tagged,,,,
ORG.AX,ORIGIN ENERGY LIMITED,utilities,1961-07-13,17968258209.0,10:06:45,353.25,zz_not_yet_tagged,,,,
ORI.AX,ORICA LIMITED,materials,2001-10-05,8469109100.0,10:06:45,353.25,zz_not_yet_tagged,,,,
ORM.AX,ORION METALS LIMITED,materials,2007-01-03,0.0,10:06:45,353.25,zz_not_yet_tagged,,,,
ORN.AX,ORION MINERALS LTD,materials,2003-10-31,102574202.0,10:06:45,353.25,zz_not_yet_tagged,,,,
ORP.AX,ORPHEUS URANIUM LIMITED,materials,1986-01-23,8779888.0,10:06:45,353.25,zz_not_yet_tagged,,,,
ORR.AX,ORECORP LIMITED,materials,2011-08-04,265216024.0,10:06:45,353.25,zz_not_yet_tagged,,,,
OSH.AX,OIL SEARCH LIMITED,energy,1974-01-01,8394516683.0,10:06:45,353.25,zz_not_yet_tagged,,,,
OSL.AX,ONCOSIL MEDICAL LTD,pharmaceuticals_biotechnology_and_life_sciences,2005-08-15,32246061.0,10:06:45,353.25,zz_not_yet_tagged,,,,
OSM.AX,OSMOND RESOURCES LIMITED,materials,2022-04-22,36836523.0,10:06:45,353.25,zz_not_yet_tagged,,,,
OSP.AX,OSPREY MEDICAL INC,health_care_equipment_and_services,2012-05-02,0.0,10:06:45,353.25,zz_not_yet_tagged,,,,
OSX.AX,OSTEOPORE LIMITED,health_care_equipment_and_services,2019-09-23,4672045.0,10:06:45,353.25,zz_not_yet_tagged,,,,
OTW.AX,OVER THE WIRE HOLDINGS LIMITED,software_and_services,2015-12-03,326489588.0,10:06:45,353.25,zz_not_yet_tagged,,,,
OVN.AX,OVENTUS MEDICAL LIMITED,health_care_equipment_and_services,2016-07-19,0.0,10:06:45,353.25,zz_not_yet_tagged,,,,
OVT.AX,OVANTI LIMITED,media_and_entertainment,2000-10-12,40602912.0,10:06:45,353.25,zz_not_yet_tagged,,,,
OVTDA.AX,OVATO LIMITED,commercial_and_professional_services,1992-02-13,0.0,10:06:45,353.25,zz_not_yet_tagged,,,,
OXT.AX,OREXPLORE TECHNOLOGIES LIMITED,class_pend,2022-01-21,0.0,10:06:45,353.25,zz_not_yet_tagged,,,,
OXX.AX,OCTANEX LIMITED,energy,2009-11-06,0.0,10:06:45,353.25,zz_not_yet_tagged,,,,
OZG.AX,OZGROWTH LIMITED,not_applic,2008-01-02,131422632.0,10:06:45,353.25,zz_not_yet_tagged,,,,
OZL.AX,OZ MINERALS LIMITED,materials,1970-01-01,9397802208.0,10:06:45,353.25,zz_not_yet_tagged,,,,
OZM.AX,OZAURUM RESOURCES LIMITED,materials,2021-02-08,4445000.0,10:06:45,353.25,zz_not_yet_tagged,,,,
OZZ.AX,OZZ RESOURCES LIMITED,materials,2021-07-05,0.0,10:06:45,353.25,zz_not_yet_tagged,,,,
PAA.AX,PHARMAUST LIMITED,pharmaceuticals_biotechnology_and_life_sciences,2001-10-05,92756771.0,10:06:45,353.25,zz_not_yet_tagged,,,,
PAB.AX,PATRYS LIMITED,pharmaceuticals_biotechnology_and_life_sciences,2007-07-13,6172342.0,10:06:45,353.25,zz_not_yet_tagged,,,,
PAC.AX,PACIFIC CURRENT GROUP LIMITED,financial_services,1987-09-25,612275256.0,10:06:45,353.25,zz_not_yet_tagged,,,,
PAF.AX,PM CAPITAL ASIAN OPPORTUNITIES FUND LIMITED,not_applic,2014-05-22,63063013.0,10:06:45,353.25,zz_not_yet_tagged,,,,
PAI.AX,PLATINUM ASIA INVESTMENTS LIMITED,not_applic,2015-09-21,375641967.0,10:06:45,353.25,zz_not_yet_tagged,,,,
PAK.AX,PACIFIC AMERICAN HOLDINGS LIMITED,materials,2007-12-20,6212406.0,10:06:45,353.25,zz_not_yet_tagged,,,,
PAKN.AX,PACIFIC AMERICAN HOLDINGS LIMITED,materials,2007-12-20,0.0,10:06:45,353.25,zz_not_yet_tagged,,,,
PAL.AX,PALLA PHARMA LIMITED,pharmaceuticals_biotechnology_and_life_sciences,2015-08-13,0.0,10:06:45,353.25,zz_not_yet_tagged,,,,
PAM.AX,PAN ASIA METALS LIMITED,materials,2020-10-08,11127819.0,10:06:45,353.25,zz_not_yet_tagged,,,,
PAN.AX,PANORAMIC RESOURCES LIMITED,materials,2001-09-14,0.0,10:06:45,353.25,zz_not_yet_tagged,,,,
PAR.AX,PARADIGM BIOPHARMACEUTICALS LIMITED..,pharmaceuticals_biotechnology_and_life_sciences,2015-08-19,138247154.0,10:06:45,353.25,zz_not_yet_tagged,,,,
PAT.AX,PATRIOT LITHIUM LIMITED,materials,2022-12-09,4298211.0,10:06:45,353.25,zz_not_yet_tagged,,,,
PBH.AX,POINTSBET HOLDINGS LIMITED,consumer_services,2019-06-12,309801680.0,10:06:45,353.25,zz_not_yet_tagged,downloaded,,,
PBL.AX,PARABELLUM RESOURCES LIMITED,materials,2021-11-29,3115000.0,10:06:45,353.25,zz_not_yet_tagged,,,,
PBP.AX,PROBIOTEC LIMITED,pharmaceuticals_biotechnology_and_life_sciences,2006-11-14,229332005.0,10:06:45,353.25,zz_not_yet_tagged,,,,
PBX.AX,PACIFIC BAUXITE LIMITED,materials,2007-05-25,14637664.0,10:06:45,353.25,zz_not_yet_tagged,,,,
PCG.AX,PENGANA CAPITAL GROUP LIMITED,financial_services,2001-02-28,90559115.0,10:06:45,353.25,zz_not_yet_tagged,,,,
PCH.AX,PROPERTY CONNECT HOLDINGS LIMITED,media_and_entertainment,2000-02-23,685863.0,10:06:45,353.25,zz_not_yet_tagged,,,,
PCI.AX,PERPETUAL CREDIT INCOME TRUST,not_applic,2019-05-14,568858643.0,10:06:45,353.25,zz_not_yet_tagged,,,,
PCK.AX,PAINCHEK LTD,health_care_equipment_and_services,2012-05-01,44206051.0,10:06:45,353.25,zz_not_yet_tagged,,,,
PCKN.AX,PAINCHEK LTD,health_care_equipment_and_services,2012-05-01,47111383.0,10:06:45,353.25,zz_not_yet_tagged,,,,
PCKNA.AX,PAINCHEK LTD,health_care_equipment_and_services,2012-05-01,44206051.0,10:06:45,353.25,zz_not_yet_tagged,,,,
PCL.AX,PANCONTINENTAL ENERGY NL,energy,1986-09-11,162631717.0,10:06:45,353.25,zz_not_yet_tagged,,,,
PCX.AX,PENGANA GLOBAL PRIVATE CREDIT TRUST,not_applic,2024-06-21,171193775.0,10:06:45,353.25,zz_not_yet_tagged,,,,
PDI.AX,PREDICTIVE DISCOVERY LIMITED,materials,2010-12-01,528952946.0,10:06:45,353.25,zz_not_yet_tagged,,,,
PDL.AX,PENDAL GROUP LIMITED,diversified_financials,2007-12-10,1858275027.0,10:06:45,353.25,zz_not_yet_tagged,,,,
PDN.AX,PALADIN ENERGY LTD,energy,1994-03-29,2279241228.0,10:06:45,353.25,zz_not_yet_tagged,,,,
PDZ.AX,PRAIRIE MINING LIMITED,materials,1993-09-06,48349550.0,10:06:45,353.25,zz_not_yet_tagged,,,,
PE1.AX,PENGANA PRIVATE EQUITY TRUST,not_applic,2019-04-30,323126657.0,10:06:45,353.25,zz_not_yet_tagged,,,,
PE1NB.AX,PENGANA PRIVATE EQUITY TRUST,not_applic,2019-04-30,0.0,10:06:45,353.25,zz_not_yet_tagged,,,,
PEB.AX,PACIFIC EDGE LIMITED,pharmaceuticals_biotechnology_and_life_sciences,2021-09-17,109608656.0,10:06:45,353.25,zz_not_yet_tagged,,,,
PEC.AX,PERPETUAL RESOURCES LIMITED,materials,2013-02-28,10742522.0,10:06:45,353.25,zz_not_yet_tagged,,,,
PEK.AX,PEAK RARE EARTHS LIMITED,materials,2006-11-29,36800185.0,10:06:45,353.25,zz_not_yet_tagged,,,,
PEN.AX,PENINSULA ENERGY LIMITED,energy,1994-05-26,175598080.0,10:06:45,353.25,zz_not_yet_tagged,,,,
PER.AX,PERCHERON THERAPEUTICS LIMITED,pharmaceuticals_biotechnology_and_life_sciences,2001-12-20,64158820.0,10:06:45,353.25,zz_not_yet_tagged,,,,
PET.AX,PHOSLOCK ENVIRONMENTAL TECHNOLOGIES LIMITED,commercial_and_professional_services,2002-08-16,0.0,10:06:45,353.25,zz_not_yet_tagged,,,,
PEX.AX,PEEL MINING LIMITED,materials,2007-05-17,69730144.0,10:06:45,353.25,zz_not_yet_tagged,,,,
PF1.AX,PATHFINDER RESOURCES LTD,materials,2020-11-04,0.0,10:06:45,353.25,zz_not_yet_tagged,,,,
PFE.AX,PANTERA LITHIUM LIMITED,materials,2021-08-05,8054323.0,10:06:45,353.25,zz_not_yet_tagged,,,,
PFG.AX,PRIME FINANCIAL GROUP LIMITED,financial_services,2004-12-07,55822093.0,10:06:45,353.25,zz_not_yet_tagged,,,,
PFP.AX,PROPEL FUNERAL PARTNERS LIMITED,consumer_services,2017-11-23,797399257.0,10:06:45,353.25,zz_not_yet_tagged,downloaded,,,
PFT.AX,PURE FOODS TASMANIA LIMITED,food_beverage_and_tobacco,2005-12-19,0.0,10:06:45,353.25,zz_not_yet_tagged,,,,
PG1.AX,PEARL GLOBAL LIMITED,commercial_and_professional_services,2006-11-02,25272634.0,10:06:45,353.25,zz_not_yet_tagged,,,,
PGC.AX,PARAGON CARE LIMITED,health_care_equipment_and_services,1999-10-15,811099641.0,10:06:45,353.25,zz_not_yet_tagged,,,,
PGD.AX,PEREGRINE GOLD LTD,materials,2021-03-31,8484803.0,10:06:45,353.25,zz_not_yet_tagged,,,,
PGF.AX,PM CAPITAL GLOBAL OPPORTUNITIES FUND LIMITED,not_applic,2013-12-12,1072842413.0,10:06:45,353.25,zz_not_yet_tagged,,,,
PGG.AX,PARTNERS GROUP GLOBAL INCOME FUND,not_applic,2019-09-26,404442962.0,10:06:45,353.25,zz_not_yet_tagged,,,,
PGH.AX,PACT GROUP HOLDINGS LTD,materials,2013-12-17,280596393.0,10:06:45,353.25,zz_not_yet_tagged,,,,
PGL.AX,PROSPA GROUP LIMITED.,financial_services,2019-06-11,55748438.0,10:06:45,353.25,zz_not_yet_tagged,,,,
PGM.AX,PLATINA RESOURCES LIMITED,materials,2006-05-29,11217246.0,10:06:45,353.25,zz_not_yet_tagged,,,,
PGO.AX,PACGOLD LIMITED,materials,2021-07-08,9859075.0,10:06:45,353.25,zz_not_yet_tagged,,,,
PGON.AX,PACGOLD LIMITED,materials,2021-07-08,38875922.0,10:06:45,353.25,zz_not_yet_tagged,,,,
PGY.AX,PILOT ENERGY LIMITED,energy,2006-04-20,16420716.0,10:06:45,353.25,zz_not_yet_tagged,,,,
PH2.AX,PURE HYDROGEN CORPORATION LIMITED,energy,2013-03-12,41082890.0,10:06:45,353.25,zz_not_yet_tagged,,,,
PH2DD.AX,PURE HYDROGEN CORPORATION LIMITED,energy,2013-03-12,0.0,10:06:45,353.25,zz_not_yet_tagged,,,,
PHL.AX,PROPELL HOLDINGS LIMITED,financial_services,2021-04-14,5845100.0,10:06:45,353.25,zz_not_yet_tagged,,,,
PHO.AX,PHOSCO LTD,materials,2009-12-17,18313632.0,10:06:45,353.25,zz_not_yet_tagged,,,,
PHX.AX,PHARMX TECHNOLOGIES LIMITED,software_and_services,1971-07-28,40698462.0,10:06:45,353.25,zz_not_yet_tagged,,,,
PIA.AX,PENGANA INTERNATIONAL EQUITIES LIMITED,not_applic,2004-03-19,311178959.0,10:06:45,353.25,zz_not_yet_tagged,,,,
PIC.AX,PERPETUAL EQUITY INVESTMENT COMPANY LIMITED,not_applic,2014-12-18,439147151.0,10:06:45,353.25,zz_not_yet_tagged,,,,
PIL.AX,PEPPERMINT INNOVATION LIMITED,software_and_services,2008-05-29,10794292.0,10:06:45,353.25,zz_not_yet_tagged,,,,
PIM.AX,PINNACLE MINERALS LIMITED,materials,2022-03-23,2273166.0,10:06:45,353.25,zz_not_yet_tagged,,,,
PIQ.AX,PROTEOMICS INTERNATIONAL LABORATORIES LTD,pharmaceuticals_biotechnology_and_life_sciences,2015-04-16,87116807.0,10:06:45,353.25,zz_not_yet_tagged,,,,
PKD.AX,PARKD LTD,commercial_and_professional_services,2017-12-06,2184292.0,10:06:45,353.25,zz_not_yet_tagged,,,,
PKO.AX,PEAKO LIMITED,materials,2009-12-02,3285425.0,10:06:45,353.25,zz_not_yet_tagged,,,,
PKON.AX,PEAKO LIMITED,materials,2009-12-02,3412938.0,10:06:45,353.25,zz_not_yet_tagged,,,,
PL3.AX,PATAGONIA LITHIUM LTD,materials,2023-03-31,5986980.0,10:06:45,353.25,zz_not_yet_tagged,,,,
PL8.AX,PLATO INCOME MAXIMISER LIMITED.,not_applic,2017-05-05,920822558.0,10:06:45,353.25,zz_not_yet_tagged,,,,
PLC.AX,PREMIER1 LITHIUM LIMITED,class_pend,2022-02-11,1405321.0,10:06:45,353.25,zz_not_yet_tagged,,,,
PLG.AX,PEARL GULL IRON LIMITED,materials,2021-09-20,2863585.0,10:06:45,353.25,zz_not_yet_tagged,,,,
PLL.AX,PIEDMONT LITHIUM INC.,materials,1983-03-28,338188068.0,10:06:45,353.25,zz_not_yet_tagged,,,,
PLN.AX,PIONEER LITHIUM LIMITED,materials,2023-09-28,9824679.0,10:06:45,353.25,zz_not_yet_tagged,,,,
PLS.AX,PILBARA MINERALS LIMITED,materials,2007-09-19,6597175425.0,10:06:45,353.25,zz_not_yet_tagged,,,,
PLT.AX,PLENTI GROUP LIMITED,financial_services,2020-09-23,116885177.0,10:06:45,353.25,zz_not_yet_tagged,,,,
PLY.AX,PLAYSIDE STUDIOS LIMITED,media_and_entertainment,2020-12-17,165983615.0,10:06:45,353.25,zz_not_yet_tagged,,,,
PMC.AX,PLATINUM CAPITAL LIMITED,not_applic,1994-06-29,414511996.0,10:06:45,353.25,zz_not_yet_tagged,,,,
PME.AX,PRO MEDICUS LIMITED,health_care_equipment_and_services,2000-10-10,26195779990.0,10:06:45,353.25,zz_not_yet_tagged,,,,
PMT.AX,PATRIOT BATTERY METALS INC.,materials,2022-12-07,431846343.0,10:06:45,353.25,zz_not_yet_tagged,,,,
PMV.AX,PREMIER INVESTMENTS LIMITED,consumer_discretionary_distribution_and_retail,1987-12-15,5311249322.0,10:06:45,353.25,zz_not_yet_tagged,,,,
PMX.AX,PIMCO GLOBAL INCOME OPPORTUNITIES TRUST,not_applic,2000-01-01,0.0,10:06:45,353.25,zz_not_yet_tagged,,,,
PNC.AX,PIONEER CREDIT LIMITED,financial_services,2014-05-01,90003953.0,10:06:45,353.25,zz_not_yet_tagged,,,,
PNI.AX,PINNACLE INVESTMENT MANAGEMENT GROUP LIMITED,financial_services,2007-06-19,5258412516.0,10:06:45,353.25,zz_not_yet_tagged,,,,
PNL.AX,PARINGA RESOURCES LIMITED,energy,2012-12-20,0.0,10:06:45,353.25,zz_not_yet_tagged,,,,
PNM.AX,PACIFIC NICKEL MINES LIMITED,materials,2002-11-26,0.0,10:06:45,353.25,zz_not_yet_tagged,,,,
PNN.AX,POWER MINERALS LIMITED,materials,2005-04-15,10360793.0,10:06:45,353.25,zz_not_yet_tagged,,,,
PNR.AX,PANTORO LIMITED,materials,1987-05-21,593770807.0,10:06:45,353.25,zz_not_yet_tagged,,,,
PNT.AX,PANTHER METALS LTD,materials,2021-12-10,2118138.0,10:06:45,353.25,zz_not_yet_tagged,,,,
PNV.AX,POLYNOVO LIMITED,health_care_equipment_and_services,1998-11-26,1430044991.0,10:06:45,353.25,zz_not_yet_tagged,,,,
PNX.AX,PNX METALS LIMITED,materials,2008-02-12,32283748.0,10:06:45,353.25,zz_not_yet_tagged,,,,
PO3.AX,PURIFLOH LIMITED,utilities,2010-12-30,0.0,10:06:45,353.25,zz_not_yet_tagged,,,,
POD.AX,PODIUM MINERALS LIMITED,materials,2018-02-28,18758305.0,10:06:45,353.25,zz_not_yet_tagged,,,,
POL.AX,POLYMETALS RESOURCES LTD,materials,2021-06-29,160620735.0,10:06:45,353.25,zz_not_yet_tagged,,,,
POS.AX,POSEIDON NICKEL LIMITED,materials,1993-11-29,16815502.0,10:06:45,353.25,zz_not_yet_tagged,,,,
POW.AX,PROTEAN ENERGY LIMITED,capital_goods,2006-12-21,0.0,10:06:45,353.25,zz_not_yet_tagged,,,,
PPC.AX,PEET LIMITED,real_estate_management_and_development,2004-08-05,690702772.0,10:06:45,353.25,zz_not_yet_tagged,,,,
PPE.AX,PEOPLEIN LIMITED,commercial_and_professional_services,2017-11-22,99627279.0,10:06:45,353.25,zz_not_yet_tagged,,,,
PPG.AX,PRO-PAC PACKAGING LIMITED,materials,2005-04-27,3815442.0,10:06:45,353.25,zz_not_yet_tagged,,,,
PPGDA.AX,PRO-PAC PACKAGING LIMITED,materials,2005-04-27,0.0,10:06:45,353.25,zz_not_yet_tagged,,,,
PPH.AX,PUSHPAY HOLDINGS LIMITED,financial_services,2016-10-12,1479370633.0,10:06:45,353.25,zz_not_yet_tagged,,,,
PPK.AX,PPK GROUP LIMITED,materials,1994-12-21,61163166.0,10:06:45,353.25,zz_not_yet_tagged,,,,
PPL.AX,PUREPROFILE LTD,media_and_entertainment,2015-07-29,39418738.0,10:06:45,353.25,zz_not_yet_tagged,,,,
PPM.AX,PEPPER MONEY LIMITED,financial_services,2021-05-25,611562756.0,10:06:45,353.25,zz_not_yet_tagged,downloaded,,,
PPS.AX,PRAEMIUM LIMITED,software_and_services,2006-05-11,371751402.0,10:06:45,353.25,zz_not_yet_tagged,,,,
PPT.AX,PERPETUAL LIMITED,financial_services,1964-06-24,2301652327.0,10:06:45,353.25,zz_not_yet_tagged,,,,
PPY.AX,PAPYRUS AUSTRALIA LIMITED,materials,2005-04-15,6851590.0,10:06:45,353.25,zz_not_yet_tagged,,,,
PR1.AX,PURE RESOURCES LIMITED,materials,2022-04-21,5751099.0,10:06:45,353.25,zz_not_yet_tagged,,,,
PR2.AX,PICHE RESOURCES LIMITED,class_pend,2024-07-15,12312834.0,10:06:45,353.25,zz_not_yet_tagged,,,,
PRG.AX,PRL GLOBAL LTD,materials,1987-07-24,0.0,10:06:45,353.25,zz_not_yet_tagged,,,,
PRL.AX,PROVINCE RESOURCES LTD,materials,1994-02-09,0.0,10:06:45,353.25,zz_not_yet_tagged,,,,
PRM.AX,PROMINENCE ENERGY LIMITED,energy,1992-01-23,1556706.0,10:06:45,353.25,zz_not_yet_tagged,,,,
PRN.AX,PERENTI LIMITED,materials,1994-01-06,1249055022.0,10:06:45,353.25,zz_not_yet_tagged,,,,
PRO.AX,PROPHECY INTERNATIONAL HOLDINGS LIMITED,software_and_services,1998-04-22,39758004.0,10:06:45,353.25,zz_not_yet_tagged,,,,
PRS.AX,PROSPECH LIMITED.,materials,2020-12-04,9864777.0,10:06:45,353.25,zz_not_yet_tagged,,,,
PRT.AX,PRT COMPANY LIMITED,media_and_entertainment,1984-08-30,0.0,10:06:45,353.25,zz_not_yet_tagged,,,,
PRU.AX,PERSEUS MINING LIMITED,materials,2004-09-22,3673963064.0,10:06:45,353.25,zz_not_yet_tagged,,,,
PRX.AX,PRODIGY GOLD NL,materials,1986-08-21,6350111.0,10:06:45,353.25,zz_not_yet_tagged,,,,
PSA.AX,PETSEC ENERGY LIMITED,energy,1980-12-01,0.0,10:06:45,353.25,zz_not_yet_tagged,,,,
PSC.AX,PROSPECT RESOURCES LIMITED,materials,2009-12-04,53170309.0,10:06:45,353.25,zz_not_yet_tagged,,,,
PSI.AX,PSC INSURANCE GROUP LIMITED,insurance,2015-12-15,1757485901.0,10:06:45,353.25,zz_not_yet_tagged,,,,
PSL.AX,PATERSON RESOURCES LTD,materials,2006-10-18,4560379.0,10:06:45,353.25,zz_not_yet_tagged,,,,
PSQ.AX,PACIFIC SMILES GROUP LIMITED,health_care_equipment_and_services,2014-11-21,315570805.0,10:06:45,353.25,zz_not_yet_tagged,,,,
PTB.AX,PTB GROUP LIMITED,capital_goods,2006-12-18,197800754.0,10:06:45,353.25,zz_not_yet_tagged,,,,
PTG.AX,PROPTECH GROUP LIMITED,software_and_services,2015-12-10,46000838.0,10:06:45,353.25,zz_not_yet_tagged,,,,
PTL.AX,PRESTAL HOLDINGS LIMITED,household_and_personal_products,2000-08-29,14489057.0,10:06:45,353.25,zz_not_yet_tagged,,,,
PTM.AX,PLATINUM ASSET MANAGEMENT LIMITED,financial_services,2007-05-23,369676119.0,10:06:45,353.25,zz_not_yet_tagged,,,,
PTN.AX,PATRONUS RESOURCES LIMITED,materials,2013-10-02,81869890.0,10:06:45,353.25,zz_not_yet_tagged,,,,
PTR.AX,PETRATHERM LTD,materials,2004-07-27,94304960.0,10:06:45,353.25,zz_not_yet_tagged,,,,
PTX.AX,PRESCIENT THERAPEUTICS LIMITED,pharmaceuticals_biotechnology_and_life_sciences,1986-12-19,32212792.0,10:06:45,353.25,zz_not_yet_tagged,,,,
PTXNC.AX,PRESCIENT THERAPEUTICS LIMITED,pharmaceuticals_biotechnology_and_life_sciences,1986-12-19,72577266.0,10:06:45,353.25,zz_not_yet_tagged,,,,
PUA.AX,PEAK MINERALS LIMITED,materials,2003-07-17,20416882.0,10:06:45,353.25,zz_not_yet_tagged,,,,
PUR.AX,PURSUIT MINERALS LTD,materials,2008-09-10,8725114.0,10:06:45,353.25,zz_not_yet_tagged,,,,
PV1.AX,PROVARIS ENERGY LTD,energy,2005-03-21,12363906.0,10:06:45,353.25,zz_not_yet_tagged,,,,
PVE.AX,PO VALLEY ENERGY LIMITED,energy,2004-12-14,37086772.0,10:06:45,353.25,zz_not_yet_tagged,,,,
PVL.AX,POWERHOUSE VENTURES LIMITED,financial_services,2016-10-12,9355738.0,10:06:45,353.25,zz_not_yet_tagged,,,,
PVS.AX,PIVOTAL SYSTEMS CORPORATION,semiconductors_and_semiconductor_equipment,2018-07-02,4147098.0,10:06:45,353.25,zz_not_yet_tagged,,,,
PVT.AX,PIVOTAL METALS LIMITED,materials,2018-07-26,8165033.0,10:06:45,353.25,zz_not_yet_tagged,,,,
PVW.AX,PVW RESOURCES LIMITED,materials,2009-11-12,3182476.0,10:06:45,353.25,zz_not_yet_tagged,,,,
PWH.AX,PWR HOLDINGS LIMITED,automobiles_and_components,2015-11-18,802500002.0,10:06:45,353.25,zz_not_yet_tagged,,,,
PWN.AX,PARKWAY CORPORATE LIMITED,materials,2011-05-13,30438252.0,10:06:45,353.25,zz_not_yet_tagged,,,,
PWR.AX,PETER WARREN AUTOMOTIVE HOLDINGS LIMITED,consumer_discretionary_distribution_and_retail,2021-04-27,263551784.0,10:06:45,353.25,zz_not_yet_tagged,,,,
PX1.AX,PLEXURE GROUP LIMITED,software_and_services,2020-11-25,143200863.0,10:06:45,353.25,zz_not_yet_tagged,,,,
PXA.AX,PEXA GROUP LIMITED,real_estate_management_and_development,2021-07-01,2187753888.0,10:06:45,353.25,zz_not_yet_tagged,,,,
PXS.AX,PHARMAXIS LTD,pharmaceuticals_biotechnology_and_life_sciences,2003-11-10,31661709.0,10:06:45,353.25,zz_not_yet_tagged,,,,
PXX.AX,POLARX LIMITED,materials,2012-12-21,16628507.0,10:06:45,353.25,zz_not_yet_tagged,,,,
PYC.AX,PYC THERAPEUTICS LIMITED,pharmaceuticals_biotechnology_and_life_sciences,2005-03-30,669582075.0,10:06:45,353.25,zz_not_yet_tagged,,,,
PYG.AX,PAYGROUP LIMITED,software_and_services,2018-05-29,113002545.0,10:06:45,353.25,zz_not_yet_tagged,,,,
PYR.AX,PAYRIGHT LIMITED,financial_services,2020-12-23,8433648.0,10:06:45,353.25,zz_not_yet_tagged,,,,
QAL.AX,QUALITAS LIMITED,real_estate_management_and_development,2021-12-16,802413776.0,10:06:45,353.25,zz_not_yet_tagged,,,,
QAN.AX,QANTAS AIRWAYS LIMITED,transportation,1995-07-31,13467473583.0,10:06:45,353.25,zz_not_yet_tagged,,,,
QBE.AX,QBE INSURANCE GROUP LIMITED,insurance,1973-06-28,28557561741.0,10:06:45,353.25,zz_not_yet_tagged,,,,
QEM.AX,QEM LIMITED,materials,2018-10-19,6106678.0,10:06:45,353.25,zz_not_yet_tagged,,,,
QFE.AX,QUICKFEE LIMITED,financial_services,2019-07-11,40931011.0,10:06:45,353.25,zz_not_yet_tagged,,,,
QGL.AX,QUANTUM GRAPHITE LIMITED,materials,2014-01-06,172494310.0,10:06:45,353.25,zz_not_yet_tagged,,,,
QHL.AX,QUICKSTEP HOLDINGS LIMITED,capital_goods,2005-10-17,28690486.0,10:06:45,353.25,zz_not_yet_tagged,,,,
QHLDA.AX,QUICKSTEP HOLDINGS LIMITED,capital_goods,2005-10-17,0.0,10:06:45,353.25,zz_not_yet_tagged,,,,
QIP.AX,QANTM INTELLECTUAL PROPERTY LIMITED,commercial_and_professional_services,2016-08-31,166660517.0,10:06:45,353.25,zz_not_yet_tagged,,,,
QML.AX,QMINES LIMITED,materials,2021-05-06,19591193.0,10:06:45,353.25,zz_not_yet_tagged,,,,
QOR.AX,QORIA LIMITED,software_and_services,2016-08-29,555381669.0,10:06:45,353.25,zz_not_yet_tagged,,,,
QPM.AX,QPM ENERGY LIMITED,materials,2008-03-14,128580122.0,10:06:45,353.25,zz_not_yet_tagged,,,,
QRI.AX,QUALITAS REAL ESTATE INCOME FUND,financial_services,2018-11-27,778328828.0,10:06:45,353.25,zz_not_yet_tagged,,,,
QRIN.AX,QUALITAS REAL ESTATE INCOME FUND,not_applic,2018-11-27,432028232.0,10:06:45,353.25,zz_not_yet_tagged,,,,
QTG.AX,Q TECHNOLOGY GROUP LIMITED,zz_industry_group,2000-01-01,0.0,10:06:45,353.25,zz_not_yet_tagged,,,,
QTM.AX,QUANTUM HEALTH GROUP LIMITED,health_care_equipment_and_services,1993-08-30,84623122.0,10:06:45,353.25,zz_not_yet_tagged,,,,
QUB.AX,QUBE HOLDINGS LIMITED,transportation,2007-01-04,6809926246.0,10:06:45,353.25,zz_not_yet_tagged,,,,
QUE.AX,QUESTE COMMUNICATIONS LIMITED,financial_services,1998-11-11,1218255.0,10:06:45,353.25,zz_not_yet_tagged,,,,
QVE.AX,QV EQUITIES LIMITED,not_applic,2014-08-22,211493736.0,10:06:45,353.25,zz_not_yet_tagged,,,,
QXR.AX,QX RESOURCES LIMITED,materials,2011-02-17,5120311.0,10:06:45,353.25,zz_not_yet_tagged,,,,
R3D.AX,R3D RESOURCES LIMITED,media_and_entertainment,2004-12-17,5333005.0,10:06:45,353.25,zz_not_yet_tagged,,,,
R8R.AX,REGENER8 RESOURCES NL,materials,2022-07-08,7406625.0,10:06:45,353.25,zz_not_yet_tagged,,,,
RAB.AX,ADRABBIT LIMITED,software_and_services,2019-08-27,7060455.0,10:06:45,353.25,zz_not_yet_tagged,,,,
RAC.AX,RACE ONCOLOGY LTD,pharmaceuticals_biotechnology_and_life_sciences,2016-07-13,244934939.0,10:06:45,353.25,zz_not_yet_tagged,,,,
RAD.AX,RADIOPHARM THERANOSTICS LIMITED,pharmaceuticals_biotechnology_and_life_sciences,2021-11-25,58669940.0,10:06:45,353.25,zz_not_yet_tagged,,,,
RAG.AX,RAGNAR METALS LIMITED,materials,2005-03-31,9953706.0,10:06:45,353.25,zz_not_yet_tagged,,,,
RAN.AX,RANGE INTERNATIONAL LIMITED,materials,2016-07-22,0.0,10:06:45,353.25,zz_not_yet_tagged,,,,
RAP.AX,RESAPP HEALTH LIMITED,health_care_equipment_and_services,2005-01-12,163342445.0,10:06:45,353.25,zz_not_yet_tagged,,,,
RAS.AX,RAGUSA MINERALS LTD,materials,2010-07-13,1711185.0,10:06:45,353.25,zz_not_yet_tagged,,,,
RAU.AX,RESOURO STRATEGIC METALS INC.,materials,2024-06-14,20259891.0,10:06:45,353.25,zz_not_yet_tagged,,,,
RB6.AX,RUBIX RESOURCES LIMITED,materials,2021-12-23,4977450.0,10:06:45,353.25,zz_not_yet_tagged,,,,
RBD.AX,RESTAURANT BRANDS NEW ZEALAND LIMITED,consumer_services,2017-09-28,411703126.0,10:06:45,353.25,zz_not_yet_tagged,downloaded,,,
RBL.AX,REDBUBBLE LIMITED,consumer_discretionary_distribution_and_retail,2016-05-16,122196898.0,10:06:45,353.25,zz_not_yet_tagged,,,,
RBR.AX,RBR GROUP LIMITED,materials,2007-02-02,1859405.0,10:06:45,353.25,zz_not_yet_tagged,,,,
RBRN.AX,RBR GROUP LIMITED,materials,2007-02-02,1859405.0,10:06:45,353.25,zz_not_yet_tagged,,,,
RBX.AX,RESOURCE BASE LIMITED.,materials,2021-07-12,3801088.0,10:06:45,353.25,zz_not_yet_tagged,,,,
RC1.AX,REDCASTLE RESOURCES LIMITED,materials,2003-03-21,5948535.0,10:06:45,353.25,zz_not_yet_tagged,,,,
RCE.AX,RECCE PHARMACEUTICALS LTD,pharmaceuticals_biotechnology_and_life_sciences,2016-01-15,108979660.0,10:06:45,353.25,zz_not_yet_tagged,,,,
RCL.AX,READCLOUD LIMITED,software_and_services,2018-02-07,12253545.0,10:06:45,353.25,zz_not_yet_tagged,,,,
RCP.AX,REDBANK COPPER LIMITED,materials,1993-12-22,18931308.0,10:06:45,353.25,zz_not_yet_tagged,,,,
RCR.AX,RINCON RESOURCES LIMITED,materials,2020-12-21,3510749.0,10:06:45,353.25,zz_not_yet_tagged,,,,
RCT.AX,REEF CASINO TRUST,consumer_services,1994-02-11,144423004.0,10:06:45,353.25,zz_not_yet_tagged,downloaded,,,
RCW.AX,RIGHTCROWD LIMITED,software_and_services,2017-09-18,7867838.0,10:06:45,353.25,zz_not_yet_tagged,,,,
RD1.AX,REGISTRY DIRECT LIMITED,software_and_services,2017-11-01,7106755.0,10:06:45,353.25,zz_not_yet_tagged,,,,
RDC.AX,REDCAPE HOTEL GROUP,consumer_services,2018-11-30,0.0,10:06:45,353.25,zz_not_yet_tagged,downloaded,,,
RDG.AX,RESOURCE DEVELOPMENT GROUP LIMITED,capital_goods,2011-05-19,64918879.0,10:06:45,353.25,zz_not_yet_tagged,,,,
RDM.AX,RED METAL LIMITED,materials,2003-10-27,37763941.0,10:06:45,353.25,zz_not_yet_tagged,,,,
RDN.AX,RAIDEN RESOURCES LIMITED,materials,1987-03-12,41410697.0,10:06:45,353.25,zz_not_yet_tagged,,,,
RDS.AX,REDSTONE RESOURCES LIMITED,materials,2006-08-03,2776135.0,10:06:45,353.25,zz_not_yet_tagged,,,,
RDT.AX,RED DIRT METALS LIMITED,materials,2017-11-03,146819472.0,10:06:45,353.25,zz_not_yet_tagged,,,,
RDX.AX,REDOX LIMITED,capital_goods,2023-07-03,2058319198.0,10:06:45,353.25,zz_not_yet_tagged,,,,
RDY.AX,READYTECH HOLDINGS LIMITED,software_and_services,2019-04-17,370943550.0,10:06:45,353.25,zz_not_yet_tagged,,,,
REA.AX,REA GROUP LTD,media_and_entertainment,1999-12-01,31332919184.0,10:06:45,353.25,zz_not_yet_tagged,,,,
REC.AX,RECHARGE METALS LIMITED,materials,2021-10-11,5129799.0,10:06:45,353.25,zz_not_yet_tagged,,,,
RED.AX,RED 5 LIMITED,materials,1996-10-16,1021821162.0,10:06:45,353.25,zz_not_yet_tagged,,,,
REE.AX,RAREX LIMITED,materials,2007-07-11,8008458.0,10:06:45,353.25,zz_not_yet_tagged,,,,
REF.AX,REVERSE CORP LIMITED,telecommunication_services,2005-12-16,0.0,10:06:45,353.25,zz_not_yet_tagged,,,,
REG.AX,REGIS HEALTHCARE LIMITED,health_care_equipment_and_services,2014-10-07,1976195736.0,10:06:45,353.25,zz_not_yet_tagged,,,,
REH.AX,REECE LIMITED,capital_goods,1974-01-01,15128949519.0,10:06:45,353.25,zz_not_yet_tagged,,,,
REM.AX,REMSENSE TECHNOLOGIES LIMITED,capital_goods,2021-11-02,4644071.0,10:06:45,353.25,zz_not_yet_tagged,,,,
REP.AX,RAM ESSENTIAL SERVICES PROPERTY FUND,equity_real_estate_investment_trusts_(reits),2021-10-20,297755358.0,10:06:45,353.25,zz_not_yet_tagged,,,,
RES.AX,RESOURCE GENERATION LIMITED,energy,2003-10-31,0.0,10:06:45,353.25,zz_not_yet_tagged,,,,
REX.AX,REGIONAL EXPRESS HOLDINGS LIMITED,transportation,2005-11-09,0.0,10:06:45,353.25,zz_not_yet_tagged,,,,
REY.AX,REY RESOURCES LIMITED,energy,2006-06-05,7616193.0,10:06:45,353.25,zz_not_yet_tagged,,,,
REZ.AX,RESOURCES & ENERGY GROUP LIMITED,materials,2005-03-11,12761143.0,10:06:45,353.25,zz_not_yet_tagged,,,,
RF1.AX,REGAL INVESTMENT FUND,not_applic,2019-06-17,719871066.0,10:06:45,353.25,zz_not_yet_tagged,,,,
RFA.AX,RARE FOODS AUSTRALIA LIMITED,food_beverage_and_tobacco,2017-12-06,8431481.0,10:06:45,353.25,zz_not_yet_tagged,,,,
RFF.AX,RURAL FUNDS GROUP,equity_real_estate_investment_trusts_(reits),2014-02-14,672272173.0,10:06:45,353.25,zz_not_yet_tagged,,,,
RFG.AX,RETAIL FOOD GROUP LIMITED,consumer_services,2006-06-22,184170742.0,10:06:45,353.25,zz_not_yet_tagged,downloaded,,,
RFGDA.AX,RETAIL FOOD GROUP LIMITED,consumer_services,2006-06-22,0.0,10:06:45,353.25,zz_not_yet_tagged,,,,
RFR.AX,RAFAELLA RESOURCES LTD.,materials,2018-07-26,7863068.0,10:06:45,353.25,zz_not_yet_tagged,,,,
RFT.AX,RECTIFIER TECHNOLOGIES LTD,capital_goods,1994-09-22,15210587.0,10:06:45,353.25,zz_not_yet_tagged,,,,
RFX.AX,REDFLOW LIMITED,capital_goods,2010-12-14,0.0,10:06:45,353.25,zz_not_yet_tagged,,,,
RG8.AX,REGAL ASIAN INVESTMENTS LIMITED,not_applic,2019-11-13,316548641.0,10:06:45,353.25,zz_not_yet_tagged,,,,
RGI.AX,ROTO-GRO INTERNATIONAL LIMITED,capital_goods,2017-02-10,0.0,10:06:45,353.25,zz_not_yet_tagged,,,,
RGL.AX,RIVERSGOLD LIMITED,materials,2017-10-10,5696119.0,10:06:45,353.25,zz_not_yet_tagged,,,,
RGN.AX,REGION GROUP,equity_real_estate_investment_trusts_(reits),2012-11-26,2453532387.0,10:06:45,353.25,zz_not_yet_tagged,,,,
RGS.AX,REGENEUS LTD,pharmaceuticals_biotechnology_and_life_sciences,2013-09-19,1838621.0,10:06:45,353.25,zz_not_yet_tagged,,,,
RGT.AX,ARGENT BIOPHARMA LIMITED,pharmaceuticals_biotechnology_and_life_sciences,2006-12-21,9769008.0,10:06:45,353.25,zz_not_yet_tagged,,,,
RHC.AX,RAMSAY HEALTH CARE LIMITED,health_care_equipment_and_services,1997-09-24,8291320613.0,10:06:45,353.25,zz_not_yet_tagged,,,,
RHI.AX,RED HILL MINERALS LIMITED,materials,2006-02-14,275748788.0,10:06:45,353.25,zz_not_yet_tagged,,,,
RHK.AX,RED HAWK MINING LIMITED,materials,2002-02-20,156852011.0,10:06:45,353.25,zz_not_yet_tagged,,,,
RHP.AX,RHIPE LIMITED,software_and_services,2005-03-17,0.0,10:06:45,353.25,zz_not_yet_tagged,,,,
RHT.AX,RESONANCE HEALTH LIMITED,health_care_equipment_and_services,1987-10-17,28955817.0,10:06:45,353.25,zz_not_yet_tagged,,,,
RHY.AX,RHYTHM BIOSCIENCES LIMITED,health_care_equipment_and_services,2017-12-07,23538530.0,10:06:45,353.25,zz_not_yet_tagged,,,,
RIC.AX,RIDLEY CORPORATION LIMITED,food_beverage_and_tobacco,1987-08-13,846431671.0,10:06:45,353.25,zz_not_yet_tagged,,,,
RIE.AX,RIEDEL RESOURCES LIMITED,materials,2011-01-31,1890267.0,10:06:45,353.25,zz_not_yet_tagged,,,,
RIL.AX,REDIVIUM LIMITED,materials,2003-12-05,0.0,10:06:45,353.25,zz_not_yet_tagged,,,,
RIM.AX,RIMFIRE PACIFIC MINING LIMITED,materials,1997-03-04,80083637.0,10:06:45,353.25,zz_not_yet_tagged,,,,
RIO.AX,RIO TINTO LIMITED,materials,1962-09-19,44041091866.0,10:06:45,353.25,zz_not_yet_tagged,,,,
RKN.AX,RECKON LIMITED,software_and_services,1999-07-19,64011580.0,10:06:45,353.25,zz_not_yet_tagged,,,,
RKT.AX,ROCKETDNA LTD.,technology_hardware_and_equipment,2018-06-18,10174251.0,10:06:45,353.25,zz_not_yet_tagged,,,,
RLC.AX,REEDY LAGOON CORPORATION LIMITED,materials,2007-06-22,1523413.0,10:06:45,353.25,zz_not_yet_tagged,,,,
RLF.AX,RLF AGTECH LTD,materials,2022-04-21,11445238.0,10:06:45,353.25,zz_not_yet_tagged,,,,
RLG.AX,ROOLIFE GROUP LTD,media_and_entertainment,2016-11-16,5884982.0,10:06:45,353.25,zz_not_yet_tagged,,,,
RLL.AX,RAPID LITHIUM LIMITED,materials,2021-12-15,3660554.0,10:06:45,353.25,zz_not_yet_tagged,,,,
RLT.AX,RENERGEN LIMITED,energy,2019-06-06,90356351.0,10:06:45,353.25,zz_not_yet_tagged,,,,
RM1.AX,RESILIENCE MINING MONGOLIA LIMITED,materials,2000-01-01,0.0,10:06:45,353.25,zz_not_yet_tagged,,,,
RMC.AX,RESIMAC GROUP LTD,financial_services,2001-03-19,390000000.0,10:06:45,353.25,zz_not_yet_tagged,downloaded,,,
RMD.AX,RESMED INC,health_care_equipment_and_services,1999-11-25,54993613910.0,10:06:45,353.25,zz_not_yet_tagged,,,,
RMI.AX,RESOURCE MINING CORPORATION LIMITED,materials,1985-02-14,3261739.0,10:06:45,353.25,zz_not_yet_tagged,,,,
RML.AX,RESOLUTION MINERALS LTD,materials,2017-09-22,2817540.0,10:06:45,353.25,zz_not_yet_tagged,,,,
RMS.AX,RAMELIUS RESOURCES LIMITED,materials,2003-03-31,2564098841.0,10:06:45,353.25,zz_not_yet_tagged,,,,
RMT.AX,RMA ENERGY LIMITED,materials,2007-06-07,0.0,10:06:45,353.25,zz_not_yet_tagged,,,,
RMX.AX,RED MOUNTAIN MINING LIMITED,materials,2011-09-01,5114536.0,10:06:45,353.25,zz_not_yet_tagged,,,,
RMY.AX,RMA GLOBAL LIMITED,media_and_entertainment,2018-07-05,27237597.0,10:06:45,353.25,zz_not_yet_tagged,,,,
RND.AX,RAND MINING LIMITED,materials,1985-08-15,89295259.0,10:06:45,353.25,zz_not_yet_tagged,,,,
RNE.AX,RENU ENERGY LIMITED,utilities,2002-09-12,0.0,10:06:45,353.25,zz_not_yet_tagged,,,,
RNO.AX,RHINOMED LIMITED,pharmaceuticals_biotechnology_and_life_sciences,2007-09-21,25143333.0,10:06:45,353.25,zz_not_yet_tagged,,,,
RNT.AX,RENT.COM.AU LIMITED,media_and_entertainment,1994-05-26,14405110.0,10:06:45,353.25,zz_not_yet_tagged,,,,
RNU.AX,RENASCOR RESOURCES LIMITED,materials,2010-12-15,147426121.0,10:06:45,353.25,zz_not_yet_tagged,,,,
RNV.AX,RENERVE LIMITED,health_care_equipment_and_services,2024-12-16,19857293.0,10:06:45,353.25,zz_not_yet_tagged,,,,
RNX.AX,RENEGADE EXPLORATION LIMITED,materials,2006-11-14,7704021.0,10:06:45,353.25,zz_not_yet_tagged,,,,
ROC.AX,ROCKETBOOTS LIMITED,software_and_services,2021-12-07,9586835.0,10:06:45,353.25,zz_not_yet_tagged,,,,
ROG.AX,RED SKY ENERGY LIMITED.,energy,2007-05-23,59644499.0,10:06:45,353.25,zz_not_yet_tagged,,,,
RON.AX,RONIN RESOURCES LTD,materials,2021-12-16,6863752.0,10:06:45,353.25,zz_not_yet_tagged,,,,
ROO.AX,ROOTS SUSTAINABLE AGRICULTURAL TECHNOLOGIES LTD,capital_goods,2017-12-07,0.0,10:06:45,353.25,zz_not_yet_tagged,,,,
ROODA.AX,ROOTS SUSTAINABLE AGRICULTURAL TECHNOLOGIES LTD,capital_goods,2017-12-07,0.0,10:06:45,353.25,zz_not_yet_tagged,,,,
RPG.AX,RAPTIS GROUP LIMITED,real_estate_management_and_development,1986-07-17,634864.0,10:06:45,353.25,zz_not_yet_tagged,,,,
RPL.AX,REGAL PARTNERS LIMITED,financial_services,2019-06-21,1247369334.0,10:06:45,353.25,zz_not_yet_tagged,,,,
RPM.AX,RPM AUTOMOTIVE GROUP LIMITED,automobiles_and_components,1983-11-10,19519583.0,10:06:45,353.25,zz_not_yet_tagged,,,,
RR1.AX,REACH RESOURCES LIMITED,materials,2002-11-06,6121019.0,10:06:45,353.25,zz_not_yet_tagged,,,,
RRL.AX,REGIS RESOURCES LIMITED,materials,1987-02-19,2024680327.0,10:06:45,353.25,zz_not_yet_tagged,,,,
RRR.AX,REVOLVER RESOURCES HOLDINGS LTD,materials,2021-09-23,10651846.0,10:06:45,353.25,zz_not_yet_tagged,,,,
RSG.AX,RESOLUTE MINING LIMITED,materials,1979-01-11,851620005.0,10:06:45,353.25,zz_not_yet_tagged,,,,
RSH.AX,RESPIRI LIMITED,health_care_equipment_and_services,2000-07-14,90203665.0,10:06:45,353.25,zz_not_yet_tagged,,,,
RTE.AX,RETECH TECHNOLOGY CO. LIMITED,consumer_services,2017-06-22,0.0,10:06:45,353.25,zz_not_yet_tagged,downloaded,,,
RTG.AX,RTG MINING INC.,materials,2014-06-05,30473595.0,10:06:45,353.25,zz_not_yet_tagged,,,,
RTH.AX,RAS TECHNOLOGY HOLDINGS LIMITED,commercial_and_professional_services,2021-11-23,42024297.0,10:06:45,353.25,zz_not_yet_tagged,,,,
RTR.AX,RUMBLE RESOURCES LIMITED,materials,2011-07-01,40371930.0,10:06:45,353.25,zz_not_yet_tagged,,,,
RUL.AX,RPMGLOBAL HOLDINGS LIMITED,software_and_services,2008-05-27,675556615.0,10:06:45,353.25,zz_not_yet_tagged,,,,
RVR.AX,RED RIVER RESOURCES LIMITED,materials,2005-07-15,0.0,10:06:45,353.25,zz_not_yet_tagged,,,,
RVS.AX,REVASUM INC.,semiconductors_and_semiconductor_equipment,2018-12-04,0.0,10:06:45,353.25,zz_not_yet_tagged,,,,
RVT.AX,RICHMOND VANADIUM TECHNOLOGY LIMITED,materials,2022-12-13,56567500.0,10:06:45,353.25,zz_not_yet_tagged,,,,
RWC.AX,RELIANCE WORLDWIDE CORPORATION LIMITED,capital_goods,2016-04-29,3986678859.0,10:06:45,353.25,zz_not_yet_tagged,,,,
RWD.AX,REWARD MINERALS LTD,materials,1991-12-12,17422931.0,10:06:45,353.25,zz_not_yet_tagged,,,,
RWL.AX,RUBICON WATER LIMITED,technology_hardware_and_equipment,2021-09-02,72208529.0,10:06:45,353.25,zz_not_yet_tagged,,,,
RXH.AX,REWARDLE HOLDINGS LIMITED,media_and_entertainment,2014-10-07,0.0,10:06:45,353.25,zz_not_yet_tagged,,,,
RXL.AX,ROX RESOURCES LIMITED,materials,2004-04-27,97835979.0,10:06:45,353.25,zz_not_yet_tagged,,,,
RXM.AX,REX MINERALS LIMITED,materials,2007-09-20,122287587.0,10:06:45,353.25,zz_not_yet_tagged,,,,
RYD.AX,RYDER CAPITAL LIMITED,not_applic,2015-09-28,105909757.0,10:06:45,353.25,zz_not_yet_tagged,,,,
RYDNA.AX,RYDER CAPITAL LIMITED,not_applic,2015-09-28,132663996.0,10:06:45,353.25,zz_not_yet_tagged,,,,
RZI.AX,RAIZ INVEST LIMITED,financial_services,2018-06-21,55150312.0,10:06:45,353.25,zz_not_yet_tagged,,,,
S2R.AX,S2 RESOURCES LTD,materials,2015-10-19,29888628.0,10:09:00,351.0,zz_not_yet_tagged,,,,
S32.AX,SOUTH32 LIMITED,materials,2015-05-18,15226768588.0,10:09:00,351.0,zz_not_yet_tagged,,,,
S3N.AX,SENSORE LTD.,class_pend,2022-02-11,24494606.0,10:09:00,351.0,zz_not_yet_tagged,,,,
S66.AX,STAR COMBO PHARMA LIMITED,household_and_personal_products,2018-05-16,18911617.0,10:09:00,351.0,zz_not_yet_tagged,,,,
SAN.AX,SAGALIO ENERGY LIMITED,energy,2011-12-15,1023301.0,10:09:00,351.0,zz_not_yet_tagged,,,,
SAU.AX,SOUTHERN GOLD LIMITED,materials,2005-04-21,6906561.0,10:09:00,351.0,zz_not_yet_tagged,,,,
SB2.AX,SALTER BROTHERS EMERGING COMPANIES LIMITED,not_applic,2021-06-16,69739674.0,10:09:00,351.0,zz_not_yet_tagged,,,,
SBM.AX,ST BARBARA LIMITED,materials,1969-05-15,272092664.0,10:09:00,351.0,zz_not_yet_tagged,,,,
SBMNA.AX,ST BARBARA LIMITED,materials,1969-05-15,975599692.0,10:09:00,351.0,zz_not_yet_tagged,,,,
SBR.AX,SABRE RESOURCES LIMITED,materials,1987-12-17,3929619.0,10:09:00,351.0,zz_not_yet_tagged,,,,
SBW.AX,SHEKEL BRAINWEIGH LTD,software_and_services,2018-11-20,4105102.0,10:09:00,351.0,zz_not_yet_tagged,,,,
SCG.AX,SCENTRE GROUP,equity_real_estate_investment_trusts_(reits),2014-06-25,17946031297.0,10:09:00,351.0,zz_not_yet_tagged,,,,
SCI.AX,SILVER CITY MINERALS LIMITED,materials,2011-07-06,27215370.0,10:09:00,351.0,zz_not_yet_tagged,,,,
SCL.AX,SCHROLE GROUP LTD,software_and_services,2013-11-11,6471909.0,10:09:00,351.0,zz_not_yet_tagged,,,,
SCN.AX,SCORPION MINERALS LIMITED,materials,2007-03-07,5322930.0,10:09:00,351.0,zz_not_yet_tagged,,,,
SCP.AX,SCALARE PARTNERS HOLDINGS LIMITED,consumer_staples_distribution_and_retail,2019-02-19,16632847.0,10:09:00,351.0,zz_not_yet_tagged,,,,
SCT.AX,SCOUT SECURITY LIMITED,consumer_services,2017-08-25,0.0,10:09:00,351.0,zz_not_yet_tagged,downloaded,,,
SCU.AX,STEMCELL UNITED LIMITED,pharmaceuticals_biotechnology_and_life_sciences,2000-06-13,0.0,10:09:00,351.0,zz_not_yet_tagged,,,,
SDF.AX,STEADFAST GROUP LIMITED,insurance,2013-08-02,6405423008.0,10:09:00,351.0,zz_not_yet_tagged,,,,
SDG.AX,SUNLAND GROUP LIMITED,real_estate_management_and_development,1995-02-28,189619678.0,10:09:00,351.0,zz_not_yet_tagged,,,,
SDI.AX,SDI LIMITED,health_care_equipment_and_services,1985-11-07,140261325.0,10:09:00,351.0,zz_not_yet_tagged,,,,
SDR.AX,SITEMINDER LIMITED,software_and_services,2021-11-08,1700568102.0,10:09:00,351.0,zz_not_yet_tagged,,,,
SDV.AX,SCIDEV LTD,materials,2002-05-02,114052918.0,10:09:00,351.0,zz_not_yet_tagged,,,,
SE1.AX,SENSERA LIMITED,semiconductors_and_semiconductor_equipment,2016-12-23,0.0,10:09:00,351.0,zz_not_yet_tagged,,,,
SEC.AX,SPHERIA EMERGING COMPANIES LIMITED,not_applic,2017-12-05,132748234.0,10:09:00,351.0,zz_not_yet_tagged,,,,
SEG.AX,SPORTS ENTERTAINMENT GROUP LIMITED,media_and_entertainment,2000-11-28,65202134.0,10:09:00,351.0,zz_not_yet_tagged,,,,
SEK.AX,SEEK LIMITED,media_and_entertainment,2005-04-19,8495888724.0,10:09:00,351.0,zz_not_yet_tagged,,,,
SEN.AX,SENETAS CORPORATION LIMITED,technology_hardware_and_equipment,1984-06-21,36147678.0,10:09:00,351.0,zz_not_yet_tagged,,,,
SEQ.AX,SEQUOIA FINANCIAL GROUP LTD,financial_services,2000-09-19,45925367.0,10:09:00,351.0,zz_not_yet_tagged,,,,
SER.AX,STRATEGIC ENERGY RESOURCES LIMITED,materials,1991-08-15,4697233.0,10:09:00,351.0,zz_not_yet_tagged,,,,
SES.AX,SECOS GROUP LTD,materials,1996-11-21,21179656.0,10:09:00,351.0,zz_not_yet_tagged,,,,
SFC.AX,SCHAFFER CORPORATION LIMITED,automobiles_and_components,1974-01-01,291386902.0,10:09:00,351.0,zz_not_yet_tagged,,,,
SFG.AX,SEAFARMS GROUP LIMITED,food_beverage_and_tobacco,1990-06-14,14509798.0,10:09:00,351.0,zz_not_yet_tagged,,,,
SFM.AX,SANTA FE MINERALS LTD,materials,2011-10-07,2111745.0,10:09:00,351.0,zz_not_yet_tagged,,,,
SFR.AX,SANDFIRE RESOURCES LIMITED,materials,2004-03-04,4417331009.0,10:09:00,351.0,zz_not_yet_tagged,,,,
SFX.AX,SHEFFIELD RESOURCES LIMITED,materials,2010-12-15,64155804.0,10:09:00,351.0,zz_not_yet_tagged,,,,
SGA.AX,SARYTOGAN GRAPHITE LIMITED,materials,2022-07-18,10473176.0,10:09:00,351.0,zz_not_yet_tagged,,,,
SGC.AX,SACGASCO LIMITED,energy,2005-10-11,8576558.0,10:09:00,351.0,zz_not_yet_tagged,,,,
SGF.AX,SG FLEET GROUP LIMITED,commercial_and_professional_services,2014-03-04,1169588426.0,10:09:00,351.0,zz_not_yet_tagged,,,,
SGH.AX,SGH LIMITED,capital_goods,2010-04-30,18538766507.0,10:09:00,351.0,zz_not_yet_tagged,downloaded,,,
SGI.AX,STEALTH GROUP HOLDINGS LTD,capital_goods,2018-10-02,55005488.0,10:09:00,351.0,zz_not_yet_tagged,,,,
SGLLV.AX,RICEGROWERS LIMITED,food_beverage_and_tobacco,2019-04-08,677927678.0,10:09:00,351.0,zz_not_yet_tagged,,,,
SGM.AX,SIMS LIMITED,materials,2005-10-21,2405460354.0,10:09:00,351.0,zz_not_yet_tagged,,,,
SGP.AX,STOCKLAND,equity_real_estate_investment_trusts_(reits),1987-02-19,11768756294.0,10:09:00,351.0,zz_not_yet_tagged,,,,
SGQ.AX,ST GEORGE MINING LIMITED,materials,2010-11-16,0.0,10:09:00,351.0,zz_not_yet_tagged,,,,
SGR.AX,THE STAR ENTERTAINMENT GROUP LIMITED,consumer_services,2011-06-06,588079580.0,10:09:00,351.0,zz_not_yet_tagged,downloaded,,,
SH2.AX,SYNERGEN MET LIMITED,capital_goods,2000-01-01,0.0,10:09:00,351.0,zz_not_yet_tagged,,,,
SHA.AX,SHAPE AUSTRALIA CORPORATION LIMITED,capital_goods,2021-12-17,237109498.0,10:09:00,351.0,zz_not_yet_tagged,,,,
SHE.AX,STONEHORSE ENERGY LIMITED,energy,2000-07-24,4106760.0,10:09:00,351.0,zz_not_yet_tagged,,,,
SHG.AX,SINGULAR HEALTH GROUP LTD,health_care_equipment_and_services,2021-02-12,42440101.0,10:09:00,351.0,zz_not_yet_tagged,,,,
SHH.AX,SHREE MINERALS LIMITED,materials,2010-02-18,11146382.0,10:09:00,351.0,zz_not_yet_tagged,,,,
SHJ.AX,SHINE JUSTICE LTD,consumer_services,2013-05-15,152242525.0,10:09:00,351.0,zz_not_yet_tagged,downloaded,,,
SHL.AX,SONIC HEALTHCARE LIMITED,health_care_equipment_and_services,1987-04-30,13350426410.0,10:09:00,351.0,zz_not_yet_tagged,,,,
SHM.AX,SHRIRO HOLDINGS LIMITED,consumer_durables_and_apparel,2015-06-23,70865517.0,10:09:00,351.0,zz_not_yet_tagged,,,,
SHN.AX,SUNSHINE METALS LIMITED,materials,2002-01-25,17464093.0,10:09:00,351.0,zz_not_yet_tagged,,,,
SHO.AX,SPORTSHERO LIMITED,media_and_entertainment,2008-06-12,14434657.0,10:09:00,351.0,zz_not_yet_tagged,,,,
SHP.AX,SOUTH HARZ POTASH LTD,materials,2017-01-20,11053630.0,10:09:00,351.0,zz_not_yet_tagged,,,,
SHV.AX,SELECT HARVESTS LIMITED,food_beverage_and_tobacco,1978-06-15,594009931.0,10:09:00,351.0,zz_not_yet_tagged,,,,
SI6.AX,SI6 METALS LIMITED,materials,2008-01-18,7975438.0,10:09:00,351.0,zz_not_yet_tagged,,,,
SIG.AX,SIGMA HEALTHCARE LIMITED,health_care_equipment_and_services,2002-10-30,4357082580.0,10:09:00,351.0,zz_not_yet_tagged,,,,
SIH.AX,SIHAYO GOLD LIMITED,materials,1988-03-31,18306384.0,10:09:00,351.0,zz_not_yet_tagged,,,,
SIL.AX,SMILES INCLUSIVE LIMITED,health_care_equipment_and_services,2018-04-27,0.0,10:09:00,351.0,zz_not_yet_tagged,,,,
SIO.AX,SIMONDS GROUP LIMITED,consumer_durables_and_apparel,2014-11-17,50386903.0,10:09:00,351.0,zz_not_yet_tagged,,,,
SIQ.AX,SMARTGROUP CORPORATION LTD,commercial_and_professional_services,2014-07-02,1027909592.0,10:09:00,351.0,zz_not_yet_tagged,,,,
SIS.AX,SIMBLE SOLUTIONS LIMITED,software_and_services,2018-02-22,3345321.0,10:09:00,351.0,zz_not_yet_tagged,,,,
SIT.AX,SITE GROUP INTERNATIONAL LIMITED,consumer_services,1987-08-21,6514980.0,10:09:00,351.0,zz_not_yet_tagged,downloaded,,,
SIV.AX,SIV CAPITAL LIMITED,capital_goods,2005-05-31,7102926.0,10:09:00,351.0,zz_not_yet_tagged,,,,
SIX.AX,SPRINTEX LIMITED,automobiles_and_components,2008-05-29,30009364.0,10:09:00,351.0,zz_not_yet_tagged,,,,
SKC.AX,SKYCITY ENTERTAINMENT GROUP LIMITED,consumer_services,1999-03-29,988266772.0,10:09:00,351.0,zz_not_yet_tagged,downloaded,,,
SKF.AX,SKYFII LTD,software_and_services,1999-12-17,27631988.0,10:09:00,351.0,zz_not_yet_tagged,,,,
SKI.AX,SPARK INFRASTRUCTURE GROUP,utilities,2005-12-16,0.0,10:09:00,351.0,zz_not_yet_tagged,,,,
SKN.AX,SKIN ELEMENTS LIMITED,household_and_personal_products,2017-01-06,2568458.0,10:09:00,351.0,zz_not_yet_tagged,,,,
SKO.AX,SERKO LIMITED,software_and_services,2018-06-25,402623220.0,10:09:00,351.0,zz_not_yet_tagged,,,,
SKS.AX,SKS TECHNOLOGIES GROUP LIMITED,capital_goods,1974-01-01,219656963.0,10:09:00,351.0,zz_not_yet_tagged,,,,
SKT.AX,SKY NETWORK TELEVISION LIMITED.,media_and_entertainment,2005-07-04,320782773.0,10:09:00,351.0,zz_not_yet_tagged,,,,
SKY.AX,SKY METALS LIMITED,materials,2004-03-11,35271765.0,10:09:00,351.0,zz_not_yet_tagged,,,,
SLA.AX,SILK LASER AUSTRALIA LIMITED,health_care_equipment_and_services,2020-12-15,101992660.0,10:09:00,351.0,zz_not_yet_tagged,,,,
SLB.AX,STELAR METALS LIMITED,class_pend,2022-03-18,4512613.0,10:09:00,351.0,zz_not_yet_tagged,,,,
SLC.AX,SUPERLOOP LIMITED,telecommunication_services,2015-06-04,1110655140.0,10:09:00,351.0,zz_not_yet_tagged,,,,
SLH.AX,SILK LOGISTICS HOLDINGS LIMITED,transportation,2021-07-09,170026742.0,10:09:00,351.0,zz_not_yet_tagged,,,,
SLK.AX,SEALINK TRAVEL GROUP LIMITED,consumer_services,2013-10-16,1633624879.0,10:09:00,351.0,zz_not_yet_tagged,downloaded,,,
SLM.AX,SOLIS MINERALS LTD.,materials,2021-12-24,7027591.0,10:09:00,351.0,zz_not_yet_tagged,,,,
SLR.AX,SILVER LAKE RESOURCES LIMITED,materials,2007-11-14,944091776.0,10:09:00,351.0,zz_not_yet_tagged,,,,
SLS.AX,SOLSTICE MINERALS LIMITED,materials,2022-05-02,16053889.0,10:09:00,351.0,zz_not_yet_tagged,,,,
SLX.AX,SILEX SYSTEMS LIMITED,capital_goods,1998-05-07,1243552996.0,10:09:00,351.0,zz_not_yet_tagged,,,,
SLZ.AX,SULTAN RESOURCES LTD,materials,2018-08-16,1620289.0,10:09:00,351.0,zz_not_yet_tagged,,,,
SM1.AX,SYNLAIT MILK LIMITED,food_beverage_and_tobacco,2016-11-25,220167306.0,10:09:00,351.0,zz_not_yet_tagged,,,,
SMG.AX,SOON MINING LIMITED,materials,2016-03-21,0.0,10:09:00,351.0,zz_not_yet_tagged,,,,
SMI.AX,SANTANA MINERALS LIMITED,materials,2013-05-31,282515653.0,10:09:00,351.0,zz_not_yet_tagged,,,,
SMM.AX,SOMERSET MINERALS LIMITED,materials,2018-08-15,3652310.0,10:09:00,351.0,zz_not_yet_tagged,,,,
SMN.AX,STRUCTURAL MONITORING SYSTEMS PLC,technology_hardware_and_equipment,2004-08-16,68039768.0,10:09:00,351.0,zz_not_yet_tagged,,,,
SMP.AX,SMARTPAY HOLDINGS LIMITED,financial_services,2013-09-04,133068905.0,10:09:00,351.0,zz_not_yet_tagged,,,,
SMR.AX,STANMORE RESOURCES LIMITED,materials,2009-12-09,2776286233.0,10:09:00,351.0,zz_not_yet_tagged,,,,
SMS.AX,STAR MINERALS LIMITED,materials,2021-10-27,3915693.0,10:09:00,351.0,zz_not_yet_tagged,,,,
SMX.AX,STRATA MINERALS LIMITED.,materials,2021-05-07,3434673.0,10:09:00,351.0,zz_not_yet_tagged,,,,
SNC.AX,SANDON CAPITAL INVESTMENTS LIMITED,not_applic,2013-12-23,111026067.0,10:09:00,351.0,zz_not_yet_tagged,,,,
SND.AX,SAUNDERS INTERNATIONAL LIMITED,capital_goods,2007-12-05,103645399.0,10:09:00,351.0,zz_not_yet_tagged,,,,
SNG.AX,SIREN GOLD LIMITED,materials,2020-10-07,15108972.0,10:09:00,351.0,zz_not_yet_tagged,,,,
SNL.AX,SUPPLY NETWORK LIMITED,consumer_discretionary_distribution_and_retail,1987-09-10,1403553303.0,10:09:00,351.0,zz_not_yet_tagged,,,,
SNS.AX,SENSEN NETWORKS LIMITED,software_and_services,2010-12-08,30928462.0,10:09:00,351.0,zz_not_yet_tagged,,,,
SNT.AX,SYNTARA LIMITED,pharmaceuticals_biotechnology_and_life_sciences,2003-11-10,101612486.0,10:09:00,351.0,zz_not_yet_tagged,,,,
SNX.AX,SIERRA NEVADA GOLD INC.,materials,2022-05-03,6605523.0,10:09:00,351.0,zz_not_yet_tagged,,,,
SNZ.AX,SUMMERSET GROUP HOLDINGS LIMITED,health_care_equipment_and_services,2013-07-18,2770857461.0,10:09:00,351.0,zz_not_yet_tagged,,,,
SO4.AX,SALT LAKE POTASH LIMITED,materials,2006-11-03,0.0,10:09:00,351.0,zz_not_yet_tagged,,,,
SOC.AX,SOCO CORPORATION LTD,software_and_services,2022-12-23,16672759.0,10:09:00,351.0,zz_not_yet_tagged,,,,
SOL.AX,WASHINGTON H SOUL PATTINSON & COMPANY LIMITED,financial_services,1903-01-21,12716457568.0,10:09:00,351.0,zz_not_yet_tagged,,,,
SOM.AX,SOMNOMED LIMITED,health_care_equipment_and_services,2004-08-27,91846008.0,10:09:00,351.0,zz_not_yet_tagged,,,,
SOP.AX,SYNERTEC CORPORATION LIMITED,commercial_and_professional_services,2013-05-28,29601564.0,10:09:00,351.0,zz_not_yet_tagged,,,,
SOR.AX,STRATEGIC ELEMENTS LIMITED,financial_services,2011-08-11,18752337.0,10:09:00,351.0,zz_not_yet_tagged,,,,
SOV.AX,SOVEREIGN CLOUD HOLDINGS LIMITED,software_and_services,2020-12-14,16970034.0,10:09:00,351.0,zz_not_yet_tagged,,,,
SP1.AX,SOUTHERN CROSS PAYMENTS LTD,software_and_services,1998-12-07,0.0,10:09:00,351.0,zz_not_yet_tagged,,,,
SP3.AX,SPECTUR LIMITED,technology_hardware_and_equipment,2017-08-01,4314102.0,10:09:00,351.0,zz_not_yet_tagged,,,,
SP8.AX,STREAMPLAY STUDIO LIMITED,media_and_entertainment,1971-06-09,10355614.0,10:09:00,351.0,zz_not_yet_tagged,,,,
SPA.AX,SPACETALK LTD,software_and_services,2001-07-17,9885336.0,10:09:00,351.0,zz_not_yet_tagged,,,,
SPD.AX,SOUTHERN PALLADIUM LIMITED,materials,2022-06-08,54570000.0,10:09:00,351.0,zz_not_yet_tagged,,,,
SPG.AX,SPC GLOBAL HOLDINGS LTD,food_beverage_and_tobacco,2012-06-29,0.0,10:09:00,351.0,zz_not_yet_tagged,,,,
SPK.AX,SPARK NEW ZEALAND LIMITED,telecommunication_services,1991-08-22,4886846768.0,10:09:00,351.0,zz_not_yet_tagged,,,,
SPL.AX,STARPHARMA HOLDINGS LIMITED,pharmaceuticals_biotechnology_and_life_sciences,2000-09-28,43901239.0,10:09:00,351.0,zz_not_yet_tagged,,,,
SPN.AX,SPARC TECHNOLOGIES LIMITED,materials,1986-07-03,14860307.0,10:09:00,351.0,zz_not_yet_tagged,,,,
SPQ.AX,SUPERIOR RESOURCES LIMITED,materials,2007-11-12,13019183.0,10:09:00,351.0,zz_not_yet_tagged,,,,
SPR.AX,SPARTAN RESOURCES LIMITED,materials,2009-12-11,1816742377.0,10:09:00,351.0,zz_not_yet_tagged,,,,
SPT.AX,SPLITIT PAYMENTS LTD,financial_services,2019-01-29,75154634.0,10:09:00,351.0,zz_not_yet_tagged,,,,
SPX.AX,SPENDA LIMITED,software_and_services,2002-05-29,46035959.0,10:09:00,351.0,zz_not_yet_tagged,,,,
SPZ.AX,SMART PARKING LIMITED,commercial_and_professional_services,2007-01-09,303871169.0,10:09:00,351.0,zz_not_yet_tagged,,,,
SQ2.AX,BLOCK INC.,financial_services,2022-01-20,83522567311.0,10:09:00,351.0,zz_not_yet_tagged,,,,
SQX.AX,SQX RESOURCES LIMITED,materials,2023-02-20,2718750.0,10:09:00,351.0,zz_not_yet_tagged,,,,
SRG.AX,SRG GLOBAL LIMITED,capital_goods,2007-08-17,769983359.0,10:09:00,351.0,zz_not_yet_tagged,,,,
SRH.AX,SAFEROADS HOLDINGS LIMITED,transportation,2005-12-15,1791922.0,10:09:00,351.0,zz_not_yet_tagged,,,,
SRI.AX,SIPA RESOURCES LIMITED,materials,1990-08-23,3194214.0,10:09:00,351.0,zz_not_yet_tagged,,,,
SRJ.AX,SRJ TECHNOLOGIES GROUP PLC,energy,2020-09-18,20462276.0,10:09:00,351.0,zz_not_yet_tagged,,,,
SRK.AX,STRIKE RESOURCES LIMITED,materials,2000-03-07,7661250.0,10:09:00,351.0,zz_not_yet_tagged,,,,
SRL.AX,SUNRISE ENERGY METALS LIMITED,materials,2007-11-09,19398912.0,10:09:00,351.0,zz_not_yet_tagged,,,,
SRN.AX,SUREFIRE RESOURCES NL,materials,1999-06-11,8265231.0,10:09:00,351.0,zz_not_yet_tagged,,,,
SRR.AX,SARAMA RESOURCES LTD,materials,2022-05-02,10786072.0,10:09:00,351.0,zz_not_yet_tagged,,,,
SRT.AX,STRATA INVESTMENT HOLDINGS PLC,materials,2021-05-27,0.0,10:09:00,351.0,zz_not_yet_tagged,,,,
SRV.AX,SERVCORP LIMITED,real_estate_management_and_development,1999-12-06,490404253.0,10:09:00,351.0,zz_not_yet_tagged,,,,
SRX.AX,SIERRA RUTILE HOLDINGS LIMITED,materials,2022-07-27,28848078.0,10:09:00,351.0,zz_not_yet_tagged,,,,
SRY.AX,STORY-I LIMITED,consumer_discretionary_distribution_and_retail,2015-01-20,0.0,10:09:00,351.0,zz_not_yet_tagged,,,,
SRZ.AX,STELLAR RESOURCES LIMITED,materials,2005-04-28,31196259.0,10:09:00,351.0,zz_not_yet_tagged,,,,
SS1.AX,SUN SILVER LIMITED,materials,2024-05-15,97034911.0,10:09:00,351.0,zz_not_yet_tagged,,,,
SSG.AX,SHAVER SHOP GROUP LIMITED,consumer_discretionary_distribution_and_retail,2016-07-01,171626367.0,10:09:00,351.0,zz_not_yet_tagged,,,,
SSH.AX,SSH GROUP LTD,energy,2021-09-17,5930987.0,10:09:00,351.0,zz_not_yet_tagged,,,,
SSL.AX,SIETEL LIMITED,real_estate_management_and_development,1974-01-01,78072920.0,10:09:00,351.0,zz_not_yet_tagged,,,,
SSM.AX,SERVICE STREAM LIMITED,capital_goods,2004-12-09,939328468.0,10:09:00,351.0,zz_not_yet_tagged,,,,
SSR.AX,SSR MINING INC.,materials,2020-09-17,2343439146.0,10:09:00,351.0,zz_not_yet_tagged,,,,
SST.AX,STEAMSHIPS TRADING COMPANY LIMITED,capital_goods,1962-06-30,427913671.0,10:09:00,351.0,zz_not_yet_tagged,,,,
ST1.AX,SPIRIT TECHNOLOGY SOLUTIONS LTD,telecommunication_services,1999-10-22,113427590.0,10:09:00,351.0,zz_not_yet_tagged,,,,
STA.AX,STRANDLINE RESOURCES LIMITED,materials,2000-05-17,0.0,10:09:00,351.0,zz_not_yet_tagged,,,,
STG.AX,STRAKER LIMITED,media_and_entertainment,2018-10-22,37316793.0,10:09:00,351.0,zz_not_yet_tagged,,,,
STK.AX,STRICKLAND METALS LIMITED,materials,2006-04-06,198667327.0,10:09:00,351.0,zz_not_yet_tagged,,,,
STM.AX,SUNSTONE METALS LTD,materials,2007-03-22,36049325.0,10:09:00,351.0,zz_not_yet_tagged,,,,
STN.AX,SATURN METALS LIMITED,materials,2018-03-09,54054855.0,10:09:00,351.0,zz_not_yet_tagged,,,,
STO.AX,SANTOS LIMITED,energy,1954-10-01,21013091058.0,10:09:00,351.0,zz_not_yet_tagged,,,,
STONA.AX,SANTOS LIMITED,energy,1954-10-01,13602421248.0,10:09:00,351.0,zz_not_yet_tagged,,,,
STP.AX,STEP ONE CLOTHING LIMITED,consumer_discretionary_distribution_and_retail,2021-11-01,244649184.0,10:09:00,351.0,zz_not_yet_tagged,,,,
STX.AX,STRIKE ENERGY LIMITED,energy,2004-08-05,587401619.0,10:09:00,351.0,zz_not_yet_tagged,,,,
SUH.AX,SOUTHERN HEMISPHERE MINING LIMITED,materials,2010-01-05,22823441.0,10:09:00,351.0,zz_not_yet_tagged,,,,
SUL.AX,SUPER RETAIL GROUP LIMITED,consumer_discretionary_distribution_and_retail,2004-07-06,3303841695.0,10:09:00,351.0,zz_not_yet_tagged,,,,
SUM.AX,SUMMIT MINERALS LIMITED,materials,2022-08-05,11222638.0,10:09:00,351.0,zz_not_yet_tagged,,,,
SUN.AX,SUNCORP GROUP LIMITED,insurance,1988-07-07,24530254254.0,10:09:00,351.0,zz_not_yet_tagged,,,,
SUP.AX,SUPERIOR LAKE RESOURCES LIMITED,materials,2009-12-18,0.0,10:09:00,351.0,zz_not_yet_tagged,,,,
SUV.AX,SUVO STRATEGIC MINERALS LIMITED,materials,2011-05-17,43409163.0,10:09:00,351.0,zz_not_yet_tagged,,,,
SVG.AX,SAVANNAH GOLDFIELDS LIMITED,materials,1987-04-02,6183868.0,10:09:00,351.0,zz_not_yet_tagged,,,,
SVL.AX,SILVER MINES LIMITED,materials,2007-01-19,134215227.0,10:09:00,351.0,zz_not_yet_tagged,,,,
SVM.AX,SOVEREIGN METALS LIMITED,materials,2007-01-22,440911711.0,10:09:00,351.0,zz_not_yet_tagged,,,,
SVR.AX,SOLVAR LIMITED,financial_services,2006-12-17,317430123.0,10:09:00,351.0,zz_not_yet_tagged,,,,
SVS.AX,SUNVEST CORPORATION LIMITED,not_applic,1987-08-20,7295414.0,10:09:00,351.0,zz_not_yet_tagged,,,,
SVW.AX,SEVEN GROUP HOLDINGS LIMITED,capital_goods,2010-04-30,14365266542.0,10:09:00,351.0,zz_not_yet_tagged,,,,
SVY.AX,STAVELY MINERALS LIMITED,materials,2014-05-07,9792758.0,10:09:00,351.0,zz_not_yet_tagged,,,,
SW1.AX,SWIFT NETWORKS GROUP LIMITED,media_and_entertainment,1994-06-30,6558840.0,10:09:00,351.0,zz_not_yet_tagged,,,,
SWF.AX,SELFWEALTH LIMITED,financial_services,2017-11-23,55375610.0,10:09:00,351.0,zz_not_yet_tagged,,,,
SWK.AX,SWICK MINING SERVICES LTD,materials,2006-11-01,102130975.0,10:09:00,351.0,zz_not_yet_tagged,,,,
SWM.AX,SEVEN WEST MEDIA LIMITED,media_and_entertainment,1992-01-09,215479670.0,10:09:00,351.0,zz_not_yet_tagged,,,,
SWP.AX,SWOOP HOLDINGS LIMITED,telecommunication_services,1988-10-06,34507925.0,10:09:00,351.0,zz_not_yet_tagged,,,,
SXE.AX,SOUTHERN CROSS ELECTRICAL ENGINEERING LTD,capital_goods,2007-11-28,377905591.0,10:09:00,351.0,zz_not_yet_tagged,,,,
SXG.AX,SOUTHERN CROSS GOLD LTD,materials,2022-05-16,801724280.0,10:09:00,351.0,zz_not_yet_tagged,,,,
SXL.AX,SOUTHERN CROSS MEDIA GROUP LIMITED,media_and_entertainment,2005-11-17,134343523.0,10:09:00,351.0,zz_not_yet_tagged,,,,
SXY.AX,SENEX ENERGY LIMITED,energy,1984-08-15,850378307.0,10:09:00,351.0,zz_not_yet_tagged,,,,
SYA.AX,SAYONA MINING LIMITED,materials,1990-12-19,323212288.0,10:09:00,351.0,zz_not_yet_tagged,,,,
SYAN.AX,zz_missing_company_name,materials,2004-03-30,0.0,10:09:00,351.0,zz_not_yet_tagged,,,,
SYD.AX,SYDNEY AIRPORT,transportation,2002-04-02,23073887163.0,10:09:00,351.0,zz_not_yet_tagged,,,,
SYL.AX,SYMAL GROUP LIMITED,capital_goods,2024-11-21,410919648.0,10:09:00,351.0,zz_not_yet_tagged,,,,
SYM.AX,SYMBIO HOLDINGS LIMITED,software_and_services,2006-05-18,0.0,10:09:00,351.0,zz_not_yet_tagged,,,,
SYN.AX,SYNERGIA ENERGY LTD,energy,2003-10-24,29462267.0,10:09:00,351.0,zz_not_yet_tagged,,,,
SYR.AX,SYRAH RESOURCES LIMITED,materials,2007-09-11,191454977.0,10:09:00,351.0,zz_not_yet_tagged,,,,
SYT.AX,SYNTONIC LIMITED,software_and_services,2007-06-12,0.0,10:09:00,351.0,zz_not_yet_tagged,,,,
SZL.AX,SEZZLE INC.,financial_services,2019-07-30,149965397.0,10:09:00,351.0,zz_not_yet_tagged,,,,
T1G.AX,TIGER TASMAN MINERALS LIMITED,materials,2000-01-01,0.0,10:09:00,351.0,zz_not_yet_tagged,,,,
T3D.AX,333D LIMITED,commercial_and_professional_services,2006-12-27,1761835.0,10:09:00,351.0,zz_not_yet_tagged,,,,
T3K.AX,TEK-OCEAN GROUP LIMITED,energy,2021-09-02,0.0,10:09:00,351.0,zz_not_yet_tagged,,,,
T88.AX,TAITON RESOURCES LIMITED,materials,2022-12-19,10424033.0,10:09:00,351.0,zz_not_yet_tagged,,,,
T92.AX,TERRA URANIUM LIMITED,energy,2022-09-08,3433973.0,10:09:00,351.0,zz_not_yet_tagged,,,,
TAH.AX,TABCORP HOLDINGS LIMITED,consumer_services,1994-08-15,1348073197.0,10:09:00,351.0,zz_not_yet_tagged,downloaded,,,
TAL.AX,TALIUS GROUP LIMITED,software_and_services,2006-06-02,18021055.0,10:09:00,351.0,zz_not_yet_tagged,,,,
TAM.AX,TANAMI GOLD NL,materials,1986-12-11,34077814.0,10:09:00,351.0,zz_not_yet_tagged,,,,
TAR.AX,TARUGA MINERALS LIMITED,materials,2012-02-07,7060268.0,10:09:00,351.0,zz_not_yet_tagged,,,,
TAS.AX,TASMAN RESOURCES LTD,materials,2001-12-18,4026248.0,10:09:00,351.0,zz_not_yet_tagged,,,,
TASN.AX,TASMAN RESOURCES LTD,materials,2001-12-18,4698361.0,10:09:00,351.0,zz_not_yet_tagged,,,,
TAT.AX,TARTANA MINERALS LIMITED,media_and_entertainment,2004-12-17,7201190.0,10:09:00,351.0,zz_not_yet_tagged,,,,
TBA.AX,TOMBOLA GOLD LTD,materials,2012-05-03,0.0,10:09:00,351.0,zz_not_yet_tagged,,,,
TBN.AX,TAMBORAN RESOURCES CORPORATION,energy,2021-07-02,596012196.0,10:09:00,351.0,zz_not_yet_tagged,,,,
TBR.AX,TRIBUNE RESOURCES LIMITED,materials,2024-12-17,236106347.0,10:09:00,351.0,zz_not_yet_tagged,,,,
TCF.AX,360 CAPITAL MORTGAGE REIT,not_applic,2006-10-17,27979084.0,10:09:00,351.0,zz_not_yet_tagged,,,,
TCG.AX,TURACO GOLD LIMITED,materials,2008-07-22,242502320.0,10:09:00,351.0,zz_not_yet_tagged,,,,
TCL.AX,TRANSURBAN GROUP,transportation,1987-09-17,40104077910.0,10:09:00,351.0,zz_not_yet_tagged,,,,
TCO.AX,TRANSMETRO CORPORATION LIMITED,consumer_services,1987-09-17,25293450.0,10:09:00,351.0,zz_not_yet_tagged,downloaded,,,
TD1.AX,TALI DIGITAL LIMITED,health_care_equipment_and_services,2004-09-23,3295156.0,10:09:00,351.0,zz_not_yet_tagged,,,,
TDO.AX,3D ENERGI LIMITED,energy,2007-05-22,31489988.0,10:09:00,351.0,zz_not_yet_tagged,,,,
TEA.AX,TASMEA LIMITED,capital_goods,2024-04-29,679932841.0,10:09:00,351.0,zz_not_yet_tagged,,,,
TEE.AX,TOP END ENERGY LIMITED,energy,2022-04-04,11035156.0,10:09:00,351.0,zz_not_yet_tagged,,,,
TEG.AX,TRIANGLE ENERGY (GLOBAL) LIMITED,energy,2006-01-06,12535404.0,10:09:00,351.0,zz_not_yet_tagged,,,,
TEK.AX,THORNEY TECHNOLOGIES LTD,not_applic,2005-05-10,53679373.0,10:09:00,351.0,zz_not_yet_tagged,,,,
TEM.AX,TEMPEST MINERALS LIMITED,materials,2017-03-28,3172649.0,10:09:00,351.0,zz_not_yet_tagged,,,,
TER.AX,TERRACOM LIMITED,energy,2010-07-22,144173922.0,10:09:00,351.0,zz_not_yet_tagged,,,,
TES.AX,TEST SECURITY,class_pend,2000-01-01,0.0,10:09:00,351.0,zz_not_yet_tagged,,,,
TESN.AX,TEST SECURITY,class_pend,2000-01-01,0.0,10:09:00,351.0,zz_not_yet_tagged,,,,
TFL.AX,TASFOODS LIMITED,food_beverage_and_tobacco,1999-12-16,6556433.0,10:09:00,351.0,zz_not_yet_tagged,,,,
TG1.AX,TECHGEN METALS LTD,materials,2021-04-07,5077303.0,10:09:00,351.0,zz_not_yet_tagged,,,,
TG6.AX,TG METALS LIMITED,materials,2022-05-26,9955056.0,10:09:00,351.0,zz_not_yet_tagged,,,,
TGA.AX,THORN GROUP LIMITED,consumer_discretionary_distribution_and_retail,2006-12-13,38935701.0,10:09:00,351.0,zz_not_yet_tagged,,,,
TGF.AX,TRIBECA GLOBAL NATURAL RESOURCES LIMITED,not_applic,2018-10-12,116612062.0,10:09:00,351.0,zz_not_yet_tagged,,,,
TGG.AX,TEMPLETON GLOBAL GROWTH FUND LIMITED,zz_industry_group,2000-01-01,0.0,10:09:00,351.0,zz_not_yet_tagged,,,,
TGH.AX,TERRAGEN HOLDINGS LIMITED,materials,2019-12-11,21668740.0,10:09:00,351.0,zz_not_yet_tagged,,,,
TGM.AX,THETA GOLD MINES LIMITED,materials,2011-04-07,157144296.0,10:09:00,351.0,zz_not_yet_tagged,,,,
TGN.AX,TUNGSTEN MINING NL,materials,2012-12-17,62913142.0,10:09:00,351.0,zz_not_yet_tagged,,,,
TGP.AX,360 CAPITAL GROUP,financial_services,2005-07-26,133702337.0,10:09:00,351.0,zz_not_yet_tagged,,,,
TGR.AX,TASSAL GROUP LIMITED,food_beverage_and_tobacco,2003-11-12,1106329082.0,10:09:00,351.0,zz_not_yet_tagged,,,,
THB.AX,THUNDERBIRD RESOURCES LIMITED,materials,1997-08-29,7648230.0,10:09:00,351.0,zz_not_yet_tagged,,,,
THL.AX,TOURISM HOLDINGS RENTALS LIMITED,transportation,2022-12-02,387313457.0,10:09:00,351.0,zz_not_yet_tagged,,,,
THR.AX,THOR ENERGY PLC,materials,2006-09-27,6143321.0,10:09:00,351.0,zz_not_yet_tagged,,,,
TI1.AX,TOMBADOR IRON LIMITED,materials,2004-11-22,0.0,10:09:00,351.0,zz_not_yet_tagged,,,,
TIA.AX,TIAN AN AUSTRALIA LIMITED,real_estate_management_and_development,1985-12-11,16455678.0,10:09:00,351.0,zz_not_yet_tagged,,,,
TIE.AX,TIETTO MINERALS LIMITED,materials,2018-01-18,694882627.0,10:09:00,351.0,zz_not_yet_tagged,,,,
TIG.AX,TIGERS REALM COAL LIMITED,materials,2011-08-29,39200107.0,10:09:00,351.0,zz_not_yet_tagged,,,,
TIP.AX,TEAMINVEST PRIVATE GROUP LIMITED,financial_services,2019-05-24,54790691.0,10:09:00,351.0,zz_not_yet_tagged,,,,
TKL.AX,TRAKA RESOURCES LIMITED,materials,2001-03-22,2963488.0,10:09:00,351.0,zz_not_yet_tagged,,,,
TKM.AX,TREK METALS LIMITED,materials,2007-07-05,12482949.0,10:09:00,351.0,zz_not_yet_tagged,,,,
TLC.AX,THE LOTTERY CORPORATION LIMITED,consumer_services,2022-05-24,11262404817.0,10:09:00,351.0,zz_not_yet_tagged,,,,
TLG.AX,TALGA GROUP LTD,materials,2010-07-09,175979076.0,10:09:00,351.0,zz_not_yet_tagged,,,,
TLM.AX,TALISMAN MINING LIMITED,materials,2005-11-25,42372079.0,10:09:00,351.0,zz_not_yet_tagged,,,,
TLS.AX,TELSTRA GROUP LIMITED,telecommunication_services,1997-11-17,46102165138.0,10:09:00,351.0,zz_not_yet_tagged,,,,
TLX.AX,TELIX PHARMACEUTICALS LIMITED,pharmaceuticals_biotechnology_and_life_sciences,2017-11-15,8311208963.0,10:09:00,351.0,zz_not_yet_tagged,,,,
TM1.AX,TERRA METALS LIMITED,energy,2012-12-20,10327744.0,10:09:00,351.0,zz_not_yet_tagged,,,,
TMB.AX,TAMBOURAH METALS LTD,materials,2021-08-12,2875341.0,10:09:00,351.0,zz_not_yet_tagged,,,,
TMG.AX,TRIGG MINERALS LIMITED,materials,2019-10-03,26349908.0,10:09:00,351.0,zz_not_yet_tagged,,,,
TMH.AX,THE MARKET HERALD LIMITED,media_and_entertainment,2016-09-15,115550129.0,10:09:00,351.0,zz_not_yet_tagged,,,,
TMK.AX,TMK ENERGY LIMITED,energy,2008-07-10,23313913.0,10:09:00,351.0,zz_not_yet_tagged,,,,
TML.AX,TIMAH RESOURCES LIMITED,utilities,2015-09-16,3816670.0,10:09:00,351.0,zz_not_yet_tagged,,,,
TMR.AX,TEMPUS RESOURCES LTD,materials,2018-08-15,3654994.0,10:09:00,351.0,zz_not_yet_tagged,,,,
TMS.AX,TENNANT MINERALS LIMITED,materials,2004-08-17,8603014.0,10:09:00,351.0,zz_not_yet_tagged,,,,
TMT.AX,TECHNOLOGY METALS AUSTRALIA LIMITED,materials,2016-12-21,71340349.0,10:09:00,351.0,zz_not_yet_tagged,,,,
TMX.AX,TERRAIN MINERALS LIMITED,materials,2006-03-23,6300101.0,10:09:00,351.0,zz_not_yet_tagged,,,,
TMZ.AX,THOMSON RESOURCES LIMITED,materials,2010-12-17,0.0,10:09:00,351.0,zz_not_yet_tagged,,,,
TNC.AX,TRUE NORTH COPPER LIMITED,materials,2020-11-10,0.0,10:09:00,351.0,zz_not_yet_tagged,,,,
TNE.AX,TECHNOLOGY ONE LIMITED,software_and_services,1999-12-08,9847245713.0,10:09:00,351.0,zz_not_yet_tagged,,,,
TNG.AX,TNG LIMITED,materials,1971-02-18,159668096.0,10:09:00,351.0,zz_not_yet_tagged,,,,
TNP.AX,TRIPLE ENERGY LIMITED,energy,2005-12-14,0.0,10:09:00,351.0,zz_not_yet_tagged,,,,
TNR.AX,TORIAN RESOURCES LIMITED,materials,1986-06-30,42879226.0,10:09:00,351.0,zz_not_yet_tagged,,,,
TNT.AX,TESSERENT LIMITED,software_and_services,2016-02-15,88021838.0,10:09:00,351.0,zz_not_yet_tagged,,,,
TNY.AX,TINYBEANS GROUP LTD,media_and_entertainment,2017-04-21,10353731.0,10:09:00,351.0,zz_not_yet_tagged,,,,
TOE.AX,TORO ENERGY LIMITED,energy,2006-03-24,26462007.0,10:09:00,351.0,zz_not_yet_tagged,,,,
TOK.AX,TOLU MINERALS LIMITED.,class_pend,2023-11-10,136865154.0,10:09:00,351.0,zz_not_yet_tagged,,,,
TOM.AX,TOMIZONE LIMITED,telecommunication_services,1974-01-01,0.0,10:09:00,351.0,zz_not_yet_tagged,,,,
TON.AX,TRITON MINERALS LTD,materials,2009-08-14,14115499.0,10:09:00,351.0,zz_not_yet_tagged,,,,
TOP.AX,THORNEY OPPORTUNITIES LTD,not_applic,2000-03-22,115462200.0,10:09:00,351.0,zz_not_yet_tagged,,,,
TOR.AX,TORQUE METALS LIMITED..,materials,2021-06-25,12483196.0,10:09:00,351.0,zz_not_yet_tagged,,,,
TOT.AX,360 CAPITAL REIT,equity_real_estate_investment_trusts_(reits),2015-04-22,87663238.0,10:09:00,351.0,zz_not_yet_tagged,,,,
TOU.AX,TLOU ENERGY LIMITED,energy,2013-04-09,20777349.0,10:09:00,351.0,zz_not_yet_tagged,,,,
TOY.AX,TOYS'R'US ANZ LIMITED,consumer_discretionary_distribution_and_retail,2000-09-14,8773205.0,10:09:00,351.0,zz_not_yet_tagged,,,,
TPC.AX,TPC CONSOLIDATED LIMITED,utilities,2007-07-16,97775427.0,10:09:00,351.0,zz_not_yet_tagged,,,,
TPD.AX,TALON ENERGY LTD,energy,2013-02-28,88591456.0,10:09:00,351.0,zz_not_yet_tagged,,,,
TPG.AX,TPG TELECOM LIMITED.,telecommunication_services,2020-06-30,8255477010.0,10:09:00,351.0,zz_not_yet_tagged,,,,
TPO.AX,TIAN POH RESOURCES LIMITED,materials,2014-11-11,0.0,10:09:00,351.0,zz_not_yet_tagged,,,,
TPP.AX,TEMPO AUSTRALIA LTD,commercial_and_professional_services,1980-12-04,16386098.0,10:09:00,351.0,zz_not_yet_tagged,,,,
TPS.AX,THREAT PROTECT AUSTRALIA LIMITED,commercial_and_professional_services,1994-03-03,26601573.0,10:09:00,351.0,zz_not_yet_tagged,,,,
TPSDD.AX,THREAT PROTECT AUSTRALIA LIMITED,commercial_and_professional_services,1994-03-03,0.0,10:09:00,351.0,zz_not_yet_tagged,,,,
TPSN.AX,zz_missing_company_name,commercial_and_professional_services,1994-03-03,0.0,10:09:00,351.0,zz_not_yet_tagged,,,,
TPW.AX,TEMPLE & WEBSTER GROUP LTD,consumer_discretionary_distribution_and_retail,2015-12-10,1589514466.0,10:09:00,351.0,zz_not_yet_tagged,,,,
TRA.AX,TURNERS AUTOMOTIVE GROUP LIMITED,consumer_discretionary_distribution_and_retail,2017-07-28,413327855.0,10:09:00,351.0,zz_not_yet_tagged,,,,
TRE.AX,TOUBANI RESOURCES LIMITED,materials,2022-11-28,29764795.0,10:09:00,351.0,zz_not_yet_tagged,,,,
TRI.AX,TRIVARX LTD,health_care_equipment_and_services,2001-01-29,6508186.0,10:09:00,351.0,zz_not_yet_tagged,,,,
TRJ.AX,TRAJAN GROUP HOLDINGS LIMITED,pharmaceuticals_biotechnology_and_life_sciences,2021-06-07,153782894.0,10:09:00,351.0,zz_not_yet_tagged,,,,
TRL.AX,TANGA RESOURCES LIMITED,materials,2011-03-09,31437615.0,10:09:00,351.0,zz_not_yet_tagged,,,,
TRM.AX,TRUSCOTT MINING CORPORATION LIMITED,materials,2007-04-18,0.0,10:09:00,351.0,zz_not_yet_tagged,,,,
TRN.AX,TORRENS MINING LIMITED,materials,2021-01-07,15771479.0,10:09:00,351.0,zz_not_yet_tagged,,,,
TRP.AX,TISSUE REPAIR LTD,pharmaceuticals_biotechnology_and_life_sciences,2021-11-18,16930156.0,10:09:00,351.0,zz_not_yet_tagged,,,,
TRS.AX,THE REJECT SHOP LIMITED,consumer_discretionary_distribution_and_retail,2004-06-01,104041658.0,10:09:00,351.0,zz_not_yet_tagged,,,,
TRT.AX,TODD RIVER RESOURCES LIMITED,materials,2017-04-06,10088339.0,10:09:00,351.0,zz_not_yet_tagged,,,,
TRU.AX,TRUSCREEN GROUP LIMITED,health_care_equipment_and_services,2021-01-06,11604413.0,10:09:00,351.0,zz_not_yet_tagged,,,,
TRY.AX,TROY RESOURCES LIMITED,materials,1987-03-05,0.0,10:09:00,351.0,zz_not_yet_tagged,,,,
TSC.AX,TWENTY SEVEN CO. LIMITED,energy,2006-10-18,7982442.0,10:09:00,351.0,zz_not_yet_tagged,,,,
TSI.AX,TOP SHELF INTERNATIONAL HOLDINGS LTD,food_beverage_and_tobacco,2020-12-10,0.0,10:09:00,351.0,zz_not_yet_tagged,,,,
TSK.AX,TASK GROUP HOLDINGS LIMITED,software_and_services,2020-11-25,131818037.0,10:09:00,351.0,zz_not_yet_tagged,,,,
TSL.AX,TITANIUM SANDS LIMITED,materials,1988-12-22,8846989.0,10:09:00,351.0,zz_not_yet_tagged,,,,
TSN.AX,THE SUSTAINABLE NUTRITION GROUP LTD,food_beverage_and_tobacco,2003-12-23,2392969.0,10:09:00,351.0,zz_not_yet_tagged,,,,
TSO.AX,TESORO GOLD LTD,materials,2004-01-28,31068281.0,10:09:00,351.0,zz_not_yet_tagged,,,,
TTA.AX,TTA HOLDINGS LIMITED,consumer_discretionary_distribution_and_retail,2006-02-16,0.0,10:09:00,351.0,zz_not_yet_tagged,,,,
TTB.AX,TOTAL BRAIN LIMITED,health_care_equipment_and_services,2001-08-28,6418614.0,10:09:00,351.0,zz_not_yet_tagged,,,,
TTI.AX,TRAFFIC TECHNOLOGIES LTD.,transportation,1998-02-17,4475272.0,10:09:00,351.0,zz_not_yet_tagged,,,,
TTIN.AX,TRAFFIC TECHNOLOGIES LTD.,transportation,1998-02-17,4475272.0,10:09:00,351.0,zz_not_yet_tagged,,,,
TTL.AX,TRANSCENDENCE TECHNOLOGIES LIMITED,software_and_services,2003-03-21,0.0,10:09:00,351.0,zz_not_yet_tagged,,,,
TTM.AX,TITAN MINERALS LIMITED,materials,2006-11-15,87552819.0,10:09:00,351.0,zz_not_yet_tagged,,,,
TTT.AX,TITOMIC LIMITED,materials,2017-09-21,238028171.0,10:09:00,351.0,zz_not_yet_tagged,,,,
TUA.AX,TUAS LIMITED,telecommunication_services,2020-06-30,2667686570.0,10:09:00,351.0,zz_not_yet_tagged,,,,
TUL.AX,TULLA RESOURCES PLC,materials,2021-03-18,80451001.0,10:09:00,351.0,zz_not_yet_tagged,,,,
TV2.AX,TV2U INTERNATIONAL LIMITED,software_and_services,2007-06-07,0.0,10:09:00,351.0,zz_not_yet_tagged,,,,
TVL.AX,TOUCH VENTURES LIMITED,financial_services,2021-09-29,48169684.0,10:09:00,351.0,zz_not_yet_tagged,,,,
TVN.AX,TIVAN LIMITED,materials,1971-02-18,156031263.0,10:09:00,351.0,zz_not_yet_tagged,,,,
TWD.AX,TAMAWOOD LIMITED,consumer_durables_and_apparel,2000-08-14,101213505.0,10:09:00,351.0,zz_not_yet_tagged,,,,
TWE.AX,TREASURY WINE ESTATES LIMITED,food_beverage_and_tobacco,2011-05-10,9420661026.0,10:09:00,351.0,zz_not_yet_tagged,,,,
TWR.AX,TOWER LIMITED,insurance,1999-09-28,455380784.0,10:09:00,351.0,zz_not_yet_tagged,,,,
TX3.AX,TRINEX MINERALS LIMITED,materials,2017-04-06,3657305.0,10:09:00,351.0,zz_not_yet_tagged,,,,
TYM.AX,TYMLEZ GROUP LIMITED,software_and_services,2018-12-13,13106344.0,10:09:00,351.0,zz_not_yet_tagged,,,,
TYP.AX,TRYPTAMINE THERAPEUTICS LIMITED,pharmaceuticals_biotechnology_and_life_sciences,2018-12-18,49780454.0,10:09:00,351.0,zz_not_yet_tagged,,,,
TYR.AX,TYRO PAYMENTS LIMITED,financial_services,2019-12-06,455844102.0,10:09:00,351.0,zz_not_yet_tagged,,,,
TYX.AX,TYRANNA RESOURCES LIMITED,materials,2007-07-11,9863776.0,10:09:00,351.0,zz_not_yet_tagged,,,,
TZL.AX,TZ LIMITED,technology_hardware_and_equipment,1987-01-22,17262750.0,10:09:00,351.0,zz_not_yet_tagged,,,,
TZN.AX,TERRAMIN AUSTRALIA LIMITED.,materials,2003-12-23,190490645.0,10:09:00,351.0,zz_not_yet_tagged,,,,
UBI.AX,UNIVERSAL BIOSENSORS INC.,health_care_equipment_and_services,2006-12-13,37258429.0,10:09:00,351.0,zz_not_yet_tagged,,,,
UBINA.AX,UNIVERSAL BIOSENSORS INC.,health_care_equipment_and_services,2006-12-13,92930356.0,10:09:00,351.0,zz_not_yet_tagged,,,,
UBN.AX,URBANISE.COM LIMITED,software_and_services,2014-09-22,28383962.0,10:09:00,351.0,zz_not_yet_tagged,,,,
UCM.AX,USCOM LIMITED,health_care_equipment_and_services,2003-12-10,8015264.0,10:09:00,351.0,zz_not_yet_tagged,,,,
UCMN.AX,USCOM LIMITED,health_care_equipment_and_services,2003-12-10,17224943.0,10:09:00,351.0,zz_not_yet_tagged,,,,
UCW.AX,UCW LIMITED,consumer_services,2004-06-25,15864450.0,10:09:00,351.0,zz_not_yet_tagged,downloaded,,,
UMG.AX,UNITED MALT GROUP LIMITED,food_beverage_and_tobacco,2020-03-24,1346306108.0,10:09:00,351.0,zz_not_yet_tagged,,,,
UNI.AX,UNIVERSAL STORE HOLDINGS LIMITED,consumer_discretionary_distribution_and_retail,2020-11-16,596887902.0,10:09:00,351.0,zz_not_yet_tagged,,,,
UNT.AX,UNITH LTD,media_and_entertainment,1999-12-16,18431781.0,10:09:00,351.0,zz_not_yet_tagged,,,,
UOS.AX,UNITED OVERSEAS AUSTRALIA LIMITED,real_estate_management_and_development,1988-02-17,908565301.0,10:09:00,351.0,zz_not_yet_tagged,,,,
URF.AX,US MASTERS RESIDENTIAL PROPERTY FUND,equity_real_estate_investment_trusts_(reits),2012-07-23,250529529.0,10:09:00,351.0,zz_not_yet_tagged,,,,
URW.AX,UNIBAIL-RODAMCO-WESTFIELD,equity_real_estate_investment_trusts_(reits),2018-05-31,16919691359.0,10:09:00,351.0,zz_not_yet_tagged,,,,
USL.AX,UNICO SILVER LIMITED,materials,2017-04-19,78829876.0,10:09:00,351.0,zz_not_yet_tagged,,,,
USQ.AX,US STUDENT HOUSING REIT,equity_real_estate_investment_trusts_(reits),2022-03-08,55541218.0,10:09:00,351.0,zz_not_yet_tagged,,,,
UUL.AX,ULTIMA UNITED LIMITED,real_estate_management_and_development,2007-06-01,0.0,10:09:00,351.0,zz_not_yet_tagged,,,,
UUV.AX,UUV AQUABOTIX LTD,capital_goods,2017-04-28,0.0,10:09:00,351.0,zz_not_yet_tagged,,,,
UVA.AX,UVRE LIMITED,materials,2022-06-07,5719000.0,10:09:00,351.0,zz_not_yet_tagged,,,,
UWC.AX,UNDERWOOD CAPITAL LIMITED,not_applic,2015-01-22,10305219.0,10:09:00,351.0,zz_not_yet_tagged,,,,
UWL.AX,UNITI GROUP LIMITED,telecommunication_services,2019-02-13,0.0,10:09:00,351.0,zz_not_yet_tagged,,,,
VAL.AX,VALOR RESOURCES LIMITED,materials,1997-08-29,13693754.0,10:09:00,351.0,zz_not_yet_tagged,,,,
VAN.AX,VANGO MINING LIMITED,materials,2005-03-08,50397505.0,10:09:00,351.0,zz_not_yet_tagged,,,,
VAR.AX,VARISCAN MINES LIMITED,materials,1987-08-20,6645005.0,10:09:00,351.0,zz_not_yet_tagged,,,,
VAU.AX,VAULT MINERALS LIMITED,materials,1996-10-16,0.0,10:09:00,351.0,zz_not_yet_tagged,,,,
VBC.AX,VERBREC LIMITED,capital_goods,2007-12-11,42095684.0,10:09:00,351.0,zz_not_yet_tagged,,,,
VBS.AX,VECTUS BIOSYSTEMS LIMITED,pharmaceuticals_biotechnology_and_life_sciences,2016-02-23,4100505.0,10:09:00,351.0,zz_not_yet_tagged,,,,
VCX.AX,VICINITY CENTRES,equity_real_estate_investment_trusts_(reits),2011-12-05,9241118977.0,10:09:00,351.0,zz_not_yet_tagged,,,,
VEA.AX,VIVA ENERGY GROUP LIMITED,energy,2018-07-13,4178396187.0,10:09:00,351.0,zz_not_yet_tagged,,,,
VEE.AX,VEEM LTD,capital_goods,2016-10-26,180573371.0,10:09:00,351.0,zz_not_yet_tagged,,,,
VEN.AX,VINTAGE ENERGY LTD,energy,2018-09-17,6678125.0,10:09:00,351.0,zz_not_yet_tagged,,,,
VFX.AX,VISIONFLEX GROUP LIMITED,health_care_equipment_and_services,2015-06-17,10065974.0,10:09:00,351.0,zz_not_yet_tagged,,,,
VFY.AX,VITRAFY LIFE SCIENCES LIMITED,pharmaceuticals_biotechnology_and_life_sciences,2024-11-26,111736930.0,10:09:00,351.0,zz_not_yet_tagged,,,,
VG1.AX,VGI PARTNERS GLOBAL INVESTMENTS LIMITED,not_applic,2017-09-28,475023138.0,10:09:00,351.0,zz_not_yet_tagged,,,,
VG8.AX,VGI PARTNERS ASIAN INVESTMENTS LIMITED,not_applic,2019-11-13,415874115.0,10:09:00,351.0,zz_not_yet_tagged,,,,
VGI.AX,VGI PARTNERS LIMITED,diversified_financials,2019-06-21,281311878.0,10:09:00,351.0,zz_not_yet_tagged,,,,
VGL.AX,VISTA GROUP INTERNATIONAL LIMITED.,software_and_services,2014-08-11,665493366.0,10:09:00,351.0,zz_not_yet_tagged,,,,
VHM.AX,VHM LIMITED,materials,2023-01-09,101736340.0,10:09:00,351.0,zz_not_yet_tagged,,,,
VHT.AX,VOLPARA HEALTH TECHNOLOGIES LIMITED,health_care_equipment_and_services,2016-04-27,284899225.0,10:09:00,351.0,zz_not_yet_tagged,,,,
VIA.AX,VIAGOLD RARE EARTH RESOURCES HOLDINGS LIMITED,materials,1996-02-07,0.0,10:09:00,351.0,zz_not_yet_tagged,,,,
VIC.AX,VICTORY MINES LIMITED,materials,2012-10-09,13140506.0,10:09:00,351.0,zz_not_yet_tagged,,,,
VIG.AX,VICTOR GROUP HOLDINGS LIMITED,software_and_services,2014-05-09,37176920.0,10:09:00,351.0,zz_not_yet_tagged,,,,
VII.AX,VIETNAM INDUSTRIAL INVESTMENTS LIMITED,materials,1995-09-18,0.0,10:09:00,351.0,zz_not_yet_tagged,,,,
VIP.AX,VIP GLOVES LTD,health_care_equipment_and_services,1997-02-05,0.0,10:09:00,351.0,zz_not_yet_tagged,,,,
VIT.AX,VITURA HEALTH LIMITED,health_care_equipment_and_services,2019-11-07,44205633.0,10:09:00,351.0,zz_not_yet_tagged,,,,
VKA.AX,VIKING MINES LIMITED,materials,2010-05-12,11953326.0,10:09:00,351.0,zz_not_yet_tagged,,,,
VLS.AX,VITA LIFE SCIENCES LIMITED..,pharmaceuticals_biotechnology_and_life_sciences,2007-08-23,103134026.0,10:09:00,351.0,zz_not_yet_tagged,,,,
VMC.AX,VENUS METALS CORPORATION LIMITED,materials,2007-06-12,12748364.0,10:09:00,351.0,zz_not_yet_tagged,,,,
VMG.AX,VDM GROUP LIMITED,capital_goods,2006-02-15,0.0,10:09:00,351.0,zz_not_yet_tagged,,,,
VML.AX,VITAL METALS LIMITED,materials,2005-10-11,11790134.0,10:09:00,351.0,zz_not_yet_tagged,,,,
VMM.AX,VIRIDIS MINING AND MINERALS LIMITED,materials,2022-01-24,26869210.0,10:09:00,351.0,zz_not_yet_tagged,,,,
VMS.AX,VENTURE MINERALS LIMITED,materials,2006-09-22,33150196.0,10:09:00,351.0,zz_not_yet_tagged,,,,
VMT.AX,VMOTO LIMITED,automobiles_and_components,2002-01-31,43966884.0,10:09:00,351.0,zz_not_yet_tagged,,,,
VMY.AX,VIMY RESOURCES LIMITED,energy,2008-05-23,0.0,10:09:00,351.0,zz_not_yet_tagged,,,,
VN8.AX,VONEX LIMITED..,telecommunication_services,2018-06-13,15920459.0,10:09:00,351.0,zz_not_yet_tagged,,,,
VNL.AX,VINYL GROUP LTD,software_and_services,2010-09-21,128679350.0,10:09:00,351.0,zz_not_yet_tagged,,,,
VNT.AX,VENTIA SERVICES GROUP LIMITED,capital_goods,2021-11-19,2865872891.0,10:09:00,351.0,zz_not_yet_tagged,,,,
VOL.AX,VICTORY OFFICES LIMITED,real_estate_management_and_development,2019-06-14,0.0,10:09:00,351.0,zz_not_yet_tagged,,,,
VOR.AX,VORTIV LIMITED,software_and_services,2001-08-08,12124046.0,10:09:00,351.0,zz_not_yet_tagged,,,,
VPR.AX,VOLT GROUP LIMITED,utilities,1991-04-18,16074312.0,10:09:00,351.0,zz_not_yet_tagged,,,,
VR1.AX,VECTION TECHNOLOGIES LTD,software_and_services,2017-03-17,39163945.0,10:09:00,351.0,zz_not_yet_tagged,,,,
VR8.AX,VANADIUM RESOURCES LIMITED,materials,2017-11-03,18004007.0,10:09:00,351.0,zz_not_yet_tagged,,,,
VRC.AX,VOLT RESOURCES LIMITED,materials,2003-12-19,12476034.0,10:09:00,351.0,zz_not_yet_tagged,,,,
VRL.AX,VERITY RESOURCES LIMITED,materials,2008-01-18,3452142.0,10:09:00,351.0,zz_not_yet_tagged,,,,
VRS.AX,VERIS LIMITED,commercial_and_professional_services,2008-06-25,20880477.0,10:09:00,351.0,zz_not_yet_tagged,,,,
VRT.AX,VIRTUS HEALTH LIMITED,health_care_equipment_and_services,2013-06-11,686457043.0,10:09:00,351.0,zz_not_yet_tagged,,,,
VRX.AX,VRX SILICA LIMITED,materials,2011-02-24,30156272.0,10:09:00,351.0,zz_not_yet_tagged,,,,
VSL.AX,VULCAN STEEL LIMITED,materials,2021-11-04,902729935.0,10:09:00,351.0,zz_not_yet_tagged,,,,
VSR.AX,VOLTAIC STRATEGIC RESOURCES LTD,energy,2011-01-21,8513253.0,10:09:00,351.0,zz_not_yet_tagged,,,,
VTG.AX,VITA GROUP LIMITED,consumer_discretionary_distribution_and_retail,2005-11-02,24622056.0,10:09:00,351.0,zz_not_yet_tagged,,,,
VTI.AX,VISIONEERING TECHNOLOGIES INC.,health_care_equipment_and_services,2017-03-28,2201459.0,10:09:00,351.0,zz_not_yet_tagged,,,,
VTM.AX,VICTORY METALS LIMITED,materials,2021-07-22,43401086.0,10:09:00,351.0,zz_not_yet_tagged,,,,
VTX.AX,VERTEX MINERALS LIMITED,materials,2022-01-17,32921700.0,10:09:00,351.0,zz_not_yet_tagged,,,,
VUK.AX,VIRGIN MONEY UK PLC,banks,2016-02-03,3951520272.0,10:09:00,351.0,zz_not_yet_tagged,downloaded,,,
VUL.AX,VULCAN ENERGY RESOURCES LIMITED,materials,2018-05-30,1114076340.0,10:09:00,351.0,zz_not_yet_tagged,,,,
VVA.AX,VIVA LEISURE LIMITED,consumer_services,2019-06-07,146424908.0,10:09:00,351.0,zz_not_yet_tagged,downloaded,,,
VYS.AX,VYSARN LIMITED,materials,2007-12-14,201803483.0,10:09:00,351.0,zz_not_yet_tagged,,,,
W2V.AX,WAY 2 VAT LTD.,software_and_services,2021-09-17,7315870.0,10:09:00,351.0,zz_not_yet_tagged,,,,
WA1.AX,WA1 RESOURCES LTD,materials,2022-02-08,1023185375.0,10:09:00,351.0,zz_not_yet_tagged,,,,
WA8.AX,WARRIEDAR RESOURCES LIMITED,materials,2011-05-18,37485752.0,10:09:00,351.0,zz_not_yet_tagged,,,,
WAA.AX,WAM ACTIVE LIMITED,not_applic,2008-01-11,61852632.0,10:09:00,351.0,zz_not_yet_tagged,,,,
WAF.AX,WEST AFRICAN RESOURCES LIMITED,materials,2010-06-11,1732460803.0,10:09:00,351.0,zz_not_yet_tagged,,,,
WAG.AX,THE AUSTRALIAN WEALTH ADVISORS GROUP LIMITED,financial_services,2024-02-16,22681325.0,10:09:00,351.0,zz_not_yet_tagged,,,,
WAK.AX,WA KAOLIN LIMITED,materials,2020-11-26,28799877.0,10:09:00,351.0,zz_not_yet_tagged,,,,
WAM.AX,WAM CAPITAL LIMITED,not_applic,1999-08-12,1707701916.0,10:09:00,351.0,zz_not_yet_tagged,,,,
WAR.AX,WAM STRATEGIC VALUE LIMITED,not_applic,2021-06-28,203542110.0,10:09:00,351.0,zz_not_yet_tagged,,,,
WAT.AX,WATERCO LIMITED,consumer_durables_and_apparel,1989-03-23,261282949.0,10:09:00,351.0,zz_not_yet_tagged,,,,
WAX.AX,WAM RESEARCH LIMITED,not_applic,2003-08-19,231295672.0,10:09:00,351.0,zz_not_yet_tagged,,,,
WBC.AX,WESTPAC BANKING CORPORATION,banks,1970-07-18,111409308560.0,10:09:00,351.0,zz_not_yet_tagged,downloaded,,,
WBE.AX,WHITEBARK ENERGY LTD,energy,2004-03-10,1766334.0,10:09:00,351.0,zz_not_yet_tagged,,,,
WBEN.AX,WHITEBARK ENERGY LTD,energy,2004-03-10,0.0,10:09:00,351.0,zz_not_yet_tagged,,,,
WBT.AX,WEEBIT NANO LTD,semiconductors_and_semiconductor_equipment,2010-12-21,600585398.0,10:09:00,351.0,zz_not_yet_tagged,,,,
WC1.AX,WEST COBAR METALS LIMITED,materials,2021-10-01,2070466.0,10:09:00,351.0,zz_not_yet_tagged,,,,
WC8.AX,WILDCAT RESOURCES LIMITED,materials,2004-08-04,273794738.0,10:09:00,351.0,zz_not_yet_tagged,,,,
WCG.AX,WEBCENTRAL LTD,software_and_services,1999-12-14,28125232.0,10:09:00,351.0,zz_not_yet_tagged,,,,
WCGN.AX,WEBCENTRAL GROUP LIMITED.,software_and_services,1999-12-14,0.0,10:09:00,351.0,zz_not_yet_tagged,,,,
WCN.AX,WHITE CLIFF MINERALS LIMITED,materials,2007-12-14,32138003.0,10:09:00,351.0,zz_not_yet_tagged,,,,
WDS.AX,WOODSIDE ENERGY GROUP LTD,energy,1971-11-18,45114294559.0,10:09:00,351.0,zz_not_yet_tagged,,,,
WEB.AX,WEB TRAVEL GROUP LIMITED,consumer_services,1997-11-19,1817415553.0,10:09:00,351.0,zz_not_yet_tagged,,,,
WEC.AX,WHITE ENERGY COMPANY LIMITED,energy,1999-07-23,7561402.0,10:09:00,351.0,zz_not_yet_tagged,,,,
WEL.AX,WINCHESTER ENERGY LTD,energy,2014-09-23,2726038.0,10:09:00,351.0,zz_not_yet_tagged,,,,
WER.AX,WESTERN AUSTRALIA ENERGY RESOURCES LIMITED,materials,2000-01-01,0.0,10:09:00,351.0,zz_not_yet_tagged,,,,
WES.AX,WESFARMERS LIMITED,consumer_discretionary_distribution_and_retail,1984-11-15,83991045472.0,10:09:00,351.0,zz_not_yet_tagged,,,,
WFL.AX,WELLFULLY LIMITED,pharmaceuticals_biotechnology_and_life_sciences,2000-05-29,0.0,10:09:00,351.0,zz_not_yet_tagged,,,,
WGB.AX,WAM GLOBAL LIMITED,not_applic,2018-06-22,790783809.0,10:09:00,351.0,zz_not_yet_tagged,,,,
WGBN.AX,WAM GLOBAL LIMITED,not_applic,2018-06-22,646806780.0,10:09:00,351.0,zz_not_yet_tagged,,,,
WGN.AX,WAGNERS HOLDING COMPANY LIMITED,materials,2017-12-08,259694166.0,10:09:00,351.0,zz_not_yet_tagged,,,,
WGO.AX,WARREGO ENERGY LIMITED,energy,2007-12-12,171237126.0,10:09:00,351.0,zz_not_yet_tagged,,,,
WGR.AX,WESTERN GOLD RESOURCES LIMITED.,materials,2021-07-23,5621717.0,10:09:00,351.0,zz_not_yet_tagged,,,,
WGX.AX,WESTGOLD RESOURCES LIMITED.,materials,2016-12-06,2848191264.0,10:09:00,351.0,zz_not_yet_tagged,,,,
WHC.AX,WHITEHAVEN COAL LIMITED,energy,2007-06-01,5454637112.0,10:09:00,351.0,zz_not_yet_tagged,,,,
WHF.AX,WHITEFIELD INDUSTRIALS LIMITED,not_applic,1971-08-02,666597469.0,10:09:00,351.0,zz_not_yet_tagged,,,,
WHI.AX,WHITEFIELD INCOME LIMITED,not_applic,2024-12-11,210795695.0,10:09:00,351.0,zz_not_yet_tagged,,,,
WHK.AX,WHITEHAWK LIMITED,software_and_services,2018-01-24,5710314.0,10:09:00,351.0,zz_not_yet_tagged,,,,
WIA.AX,WIA GOLD LIMITED,materials,2011-03-09,182955836.0,10:09:00,351.0,zz_not_yet_tagged,,,,
WIC.AX,WESTOZ INVESTMENT COMPANY LIMITED,not_applic,2009-09-16,196518420.0,10:09:00,351.0,zz_not_yet_tagged,,,,
WIN.AX,WIN METALS LTD,materials,2021-09-22,11001162.0,10:09:00,351.0,zz_not_yet_tagged,,,,
WJL.AX,WEBJET GROUP LIMITED,consumer_services,2024-09-23,323837545.0,10:09:00,351.0,zz_not_yet_tagged,,,,
WKT.AX,WALKABOUT RESOURCES LTD,materials,2006-11-07,0.0,10:09:00,351.0,zz_not_yet_tagged,,,,
WLD.AX,WELLARD LIMITED,food_beverage_and_tobacco,2015-12-10,30281268.0,10:09:00,351.0,zz_not_yet_tagged,,,,
WLE.AX,WAM LEADERS LIMITED,not_applic,2016-05-30,1664237983.0,10:09:00,351.0,zz_not_yet_tagged,,,,
WLS.AX,WCM GLOBAL LONG SHORT LIMITED,not_applic,2015-08-14,24170777.0,10:09:00,351.0,zz_not_yet_tagged,,,,
WMA.AX,WAM ALTERNATIVE ASSETS LIMITED,not_applic,2014-06-16,197154226.0,10:09:00,351.0,zz_not_yet_tagged,,,,
WMC.AX,WILUNA MINING CORPORATION LIMITED.,materials,2006-09-28,0.0,10:09:00,351.0,zz_not_yet_tagged,,,,
WMG.AX,WESTERN MINES GROUP LTD,materials,2021-07-20,13880768.0,10:09:00,351.0,zz_not_yet_tagged,,,,
WMI.AX,WAM MICROCAP LIMITED,not_applic,2017-06-28,403104053.0,10:09:00,351.0,zz_not_yet_tagged,,,,
WML.AX,WOOMERA MINING LIMITED,materials,2005-09-15,4872556.0,10:09:00,351.0,zz_not_yet_tagged,,,,
WMLN.AX,WOOMERA MINING LIMITED,materials,2005-09-15,11931500.0,10:09:00,351.0,zz_not_yet_tagged,,,,
WNB.AX,WELLNESS AND BEAUTY SOLUTIONS LIMITED,consumer_services,2016-01-14,0.0,10:09:00,351.0,zz_not_yet_tagged,downloaded,,,
WNR.AX,WINGARA AG LTD,food_beverage_and_tobacco,1990-01-31,1579883.0,10:09:00,351.0,zz_not_yet_tagged,,,,
WNX.AX,WELLNEX LIFE LIMITED,food_beverage_and_tobacco,2017-03-15,20397207.0,10:09:00,351.0,zz_not_yet_tagged,,,,
WOA.AX,WIDE OPEN AGRICULTURE LTD,food_beverage_and_tobacco,2018-07-06,5336866.0,10:09:00,351.0,zz_not_yet_tagged,,,,
WOO.AX,WOOBOARD TECHNOLOGIES LIMITED,software_and_services,2015-07-09,2759458.0,10:09:00,351.0,zz_not_yet_tagged,,,,
WOR.AX,WORLEY LIMITED,capital_goods,2002-11-28,6963028735.0,10:09:00,351.0,zz_not_yet_tagged,,,,
WOT.AX,WOTSO PROPERTY,equity_real_estate_investment_trusts_(reits),2011-10-28,122460511.0,10:09:00,351.0,zz_not_yet_tagged,,,,
WOW.AX,WOOLWORTHS GROUP LIMITED,consumer_staples_distribution_and_retail,1993-07-12,37405094833.0,10:09:00,351.0,zz_not_yet_tagged,,,,
WPL.AX,WOODSIDE PETROLEUM LTD,energy,1971-11-18,31074114390.0,10:09:00,351.0,zz_not_yet_tagged,,,,
WPR.AX,WAYPOINT REIT,equity_real_estate_investment_trusts_(reits),2016-08-03,1592307572.0,10:09:00,351.0,zz_not_yet_tagged,,,,
WPRDA.AX,WAYPOINT REIT,real_estate,2016-08-03,0.0,10:09:00,351.0,zz_not_yet_tagged,,,,
WQG.AX,WCM GLOBAL GROWTH LIMITED,not_applic,2017-06-23,387802910.0,10:09:00,351.0,zz_not_yet_tagged,,,,
WR1.AX,WINSOME RESOURCES LIMITED,materials,2021-11-30,96352149.0,10:09:00,351.0,zz_not_yet_tagged,,,,
WRK.AX,WRKR LTD,software_and_services,2016-12-19,91307031.0,10:09:00,351.0,zz_not_yet_tagged,,,,
WRM.AX,WHITE ROCK MINERALS LIMITED,materials,2010-10-08,0.0,10:09:00,351.0,zz_not_yet_tagged,,,,
WSA.AX,WESTERN AREAS LIMITED,materials,2000-07-28,1235109715.0,10:09:00,351.0,zz_not_yet_tagged,,,,
WSI.AX,WESTSTAR INDUSTRIAL LIMITED,materials,2006-06-07,11776524.0,10:09:00,351.0,zz_not_yet_tagged,,,,
WSP.AX,WHISPIR LIMITED,software_and_services,2019-06-19,75711684.0,10:09:00,351.0,zz_not_yet_tagged,,,,
WSR.AX,WESTAR RESOURCES LIMITED,materials,2020-12-17,3189799.0,10:09:00,351.0,zz_not_yet_tagged,,,,
WTC.AX,WISETECH GLOBAL LIMITED,software_and_services,2016-04-11,39885499800.0,10:09:00,351.0,zz_not_yet_tagged,,,,
WTL.AX,WT FINANCIAL GROUP LIMITED,financial_services,2015-03-09,30454536.0,10:09:00,351.0,zz_not_yet_tagged,,,,
WTM.AX,WARATAH MINERALS LIMITED,materials,2012-10-29,35417812.0,10:09:00,351.0,zz_not_yet_tagged,,,,
WTN.AX,WINTON LAND LIMITED,real_estate_management_and_development,2021-12-17,504243351.0,10:09:00,351.0,zz_not_yet_tagged,,,,
WWG.AX,WISEWAY GROUP LIMITED,transportation,2018-10-31,20911734.0,10:09:00,351.0,zz_not_yet_tagged,,,,
WWI.AX,WEST WITS MINING LIMITED,materials,2007-12-19,35598175.0,10:09:00,351.0,zz_not_yet_tagged,,,,
WYX.AX,WESTERN YILGARN NL,materials,2007-05-25,3095239.0,10:09:00,351.0,zz_not_yet_tagged,,,,
WZR.AX,WISR LIMITED,financial_services,1989-03-16,34798797.0,10:09:00,351.0,zz_not_yet_tagged,,,,
X2M.AX,X2M CONNECT LIMITED,technology_hardware_and_equipment,2021-09-22,11573142.0,10:09:00,351.0,zz_not_yet_tagged,,,,
X64.AX,TEN SIXTY FOUR LIMITED,materials,2003-12-23,0.0,10:09:00,351.0,zz_not_yet_tagged,,,,
XAM.AX,XANADU MINES LTD,materials,2010-12-21,85875863.0,10:09:00,351.0,zz_not_yet_tagged,,,,
XF1.AX,XREF LIMITED,software_and_services,2007-04-18,40180194.0,10:09:00,351.0,zz_not_yet_tagged,,,,
XGL.AX,XAMBLE GROUP LIMITED,media_and_entertainment,2015-07-06,7403928.0,10:09:00,351.0,zz_not_yet_tagged,,,,
XPN.AX,XPON TECHNOLOGIES GROUP LIMITED,software_and_services,2021-12-16,3986856.0,10:09:00,351.0,zz_not_yet_tagged,,,,
XRF.AX,XRF SCIENTIFIC LIMITED,capital_goods,2006-10-31,252887746.0,10:09:00,351.0,zz_not_yet_tagged,,,,
XRG.AX,XREALITY GROUP LTD,consumer_services,2013-01-18,17642114.0,10:09:00,351.0,zz_not_yet_tagged,,,,
XRO.AX,XERO LIMITED,software_and_services,2012-11-08,25756351188.0,10:09:00,351.0,zz_not_yet_tagged,,,,
XST.AX,XSTATE RESOURCES LIMITED,energy,1988-01-14,0.0,10:09:00,351.0,zz_not_yet_tagged,,,,
XSTDA.AX,XSTATE RESOURCES LIMITED,energy,1988-01-14,0.0,10:09:00,351.0,zz_not_yet_tagged,,,,
XTC.AX,XTC LITHIUM LIMITED,materials,2007-08-15,0.0,10:09:00,351.0,zz_not_yet_tagged,,,,
XTE.AX,XTEK LIMITED.,capital_goods,2005-09-15,44775149.0,10:09:00,351.0,zz_not_yet_tagged,,,,
XTEN.AX,zz_missing_company_name,capital_goods,2005-09-15,0.0,10:09:00,351.0,zz_not_yet_tagged,,,,
YAL.AX,YANCOAL AUSTRALIA LIMITED,energy,2012-06-28,8384790425.0,10:09:00,351.0,zz_not_yet_tagged,,,,
YAR.AX,YARI MINERALS LIMITED,materials,2006-06-19,1447073.0,10:09:00,351.0,zz_not_yet_tagged,,,,
YBR.AX,YELLOW BRICK ROAD HOLDINGS LIMITED,financial_services,2008-01-31,25457753.0,10:09:00,351.0,zz_not_yet_tagged,downloaded,,,
YFZ.AX,zz_missing_company_name,zz_industry_group,2000-01-01,0.0,10:09:00,351.0,zz_not_yet_tagged,,,,
YOJ.AX,YOJEE LIMITED,software_and_services,2010-12-02,35828501.0,10:09:00,351.0,zz_not_yet_tagged,,,,
YOW.AX,YOWIE GROUP LTD,food_beverage_and_tobacco,1999-09-15,5734198.0,10:09:00,351.0,zz_not_yet_tagged,,,,
YPB.AX,YPB GROUP LTD,commercial_and_professional_services,2005-03-07,1580923.0,10:09:00,351.0,zz_not_yet_tagged,,,,
YRL.AX,YANDAL RESOURCES LIMITED,materials,2018-12-14,58520209.0,10:09:00,351.0,zz_not_yet_tagged,,,,
Z1P.AX,ZIP CO LIMITED.,diversified_financials,2009-12-09,976821474.0,10:09:00,351.0,zz_not_yet_tagged,,,,
Z2U.AX,ZOOM2U TECHNOLOGIES LIMITED,software_and_services,2021-09-10,14146373.0,10:09:00,351.0,zz_not_yet_tagged,,,,
ZAG.AX,ZULEIKA GOLD LIMITED,materials,2010-08-23,10757259.0,10:09:00,351.0,zz_not_yet_tagged,,,,
ZBT.AX,ZEBIT INC.,retailing,2020-10-26,3974679.0,10:09:00,351.0,zz_not_yet_tagged,,,,
ZEL.AX,Z ENERGY LIMITED.,energy,2013-08-19,0.0,10:09:00,351.0,zz_not_yet_tagged,,,,
ZEO.AX,ZEOTECH LIMITED,materials,2009-10-16,88979347.0,10:09:00,351.0,zz_not_yet_tagged,,,,
ZER.AX,ZETA RESOURCES LIMITED,not_applic,2013-06-12,148512194.0,10:09:00,351.0,zz_not_yet_tagged,,,,
ZEU.AX,ZEUS RESOURCES LIMITED,energy,2013-01-21,4222212.0,10:09:00,351.0,zz_not_yet_tagged,,,,
ZGL.AX,ZICOM GROUP LIMITED,capital_goods,1970-11-12,10728000.0,10:09:00,351.0,zz_not_yet_tagged,,,,
ZIM.AX,ZIMPLATS HOLDINGS LIMITED,materials,1998-10-15,1501545204.0,10:09:00,351.0,zz_not_yet_tagged,,,,
ZIP.AX,ZIP CO LIMITED..,financial_services,2009-12-09,3747045777.0,10:09:00,351.0,zz_not_yet_tagged,,,,
ZLD.AX,ZELIRA THERAPEUTICS LIMITED,pharmaceuticals_biotechnology_and_life_sciences,2003-07-28,6808293.0,10:09:00,351.0,zz_not_yet_tagged,,,,
ZMI.AX,ZINC OF IRELAND NL,materials,2007-09-18,6804128.0,10:09:00,351.0,zz_not_yet_tagged,,,,
ZMM.AX,ZIMI LIMITED,technology_hardware_and_equipment,2007-09-10,5030273.0,10:09:00,351.0,zz_not_yet_tagged,,,,
ZNC.AX,ZENITH MINERALS LIMITED,materials,2007-05-29,16995873.0,10:09:00,351.0,zz_not_yet_tagged,,,,
ZNO.AX,ZOONO GROUP LIMITED,materials,1988-07-21,8530412.0,10:09:00,351.0,zz_not_yet_tagged,,,,
